timestamp,open,high,low,close,volume
2025-07-09 15:40:00+03:00,109500.0,109500.0,109416.38,109450.0,81.93891
2025-07-09 15:45:00+03:00,109450.0,109473.91,109387.59,109454.0,78.52032
2025-07-09 15:50:00+03:00,109453.99,109454.0,109395.5,109403.0,63.4772
2025-07-09 15:55:00+03:00,109402.99,109403.0,109273.39,109330.77,52.52503
2025-07-09 16:00:00+03:00,109330.76,109455.0,109330.76,109455.0,41.81743
2025-07-09 16:05:00+03:00,109454.99,109769.39,109454.99,109728.99,306.51688
2025-07-09 16:10:00+03:00,109729.0,109766.6,109685.33,109707.9,62.46496
2025-07-09 16:15:00+03:00,109707.9,109720.8,109647.66,109666.01,104.61375
2025-07-09 16:20:00+03:00,109666.0,109671.0,109573.15,109584.32,175.39913
2025-07-09 16:25:00+03:00,109584.32,109626.53,109561.63,109576.59,76.8486
2025-07-09 16:30:00+03:00,109576.59,109698.15,109452.0,109466.0,193.2587
2025-07-09 16:35:00+03:00,109466.76,109507.42,109387.51,109444.33,78.07865
2025-07-09 16:40:00+03:00,109444.33,109492.58,109362.0,109444.0,63.63185
2025-07-09 16:45:00+03:00,109443.99,109563.41,109390.43,109563.41,71.01529
2025-07-09 16:50:00+03:00,109563.4,109563.41,109297.1,109347.19,100.13483
2025-07-09 16:55:00+03:00,109347.2,109393.0,109128.72,109184.0,126.91865
2025-07-09 17:00:00+03:00,109183.99,109212.01,109141.33,109156.0,37.6296
2025-07-09 17:05:00+03:00,109156.01,109340.82,109131.44,109206.61,63.86354
2025-07-09 17:10:00+03:00,109206.6,109332.79,109182.12,109268.72,30.46433
2025-07-09 17:15:00+03:00,109268.72,109391.89,109233.85,109341.27,34.51736
2025-07-09 17:20:00+03:00,109341.28,109388.19,109340.92,109377.32,19.49994
2025-07-09 17:25:00+03:00,109377.32,109460.94,108907.0,108908.94,128.16127
2025-07-09 17:30:00+03:00,108908.94,108908.94,108660.76,108801.66,153.51197
2025-07-09 17:35:00+03:00,108801.66,108801.66,108503.0,108606.3,99.61146
2025-07-09 17:40:00+03:00,108606.31,108725.76,108578.21,108716.59,76.71801
2025-07-09 17:45:00+03:00,108716.58,108749.24,108600.0,108681.68,228.50281
2025-07-09 17:50:00+03:00,108681.68,108860.0,108620.0,108780.03,155.7245
2025-07-09 17:55:00+03:00,108780.03,109036.0,108780.02,108900.29,94.9738
2025-07-09 18:00:00+03:00,108900.29,109215.69,108877.15,109180.01,51.96943
2025-07-09 18:05:00+03:00,109180.0,109185.0,109028.0,109028.02,129.55048
2025-07-09 18:10:00+03:00,109028.02,109052.72,108821.75,108829.09,88.90623
2025-07-09 18:15:00+03:00,108829.1,108973.98,108829.1,108973.98,30.82587
2025-07-09 18:20:00+03:00,108973.98,109031.56,108973.97,109014.63,69.8494
2025-07-09 18:25:00+03:00,109014.64,109067.09,108974.03,108993.0,59.99886
2025-07-09 18:30:00+03:00,108993.0,109044.55,108935.57,108969.14,69.84233
2025-07-09 18:35:00+03:00,108969.15,109014.63,108816.52,108849.76,40.39533
2025-07-09 18:40:00+03:00,108849.76,108888.15,108833.82,108875.99,35.27535
2025-07-09 18:45:00+03:00,108875.99,109000.48,108875.99,108982.2,29.94355
2025-07-09 18:50:00+03:00,108982.2,109076.19,108982.2,109047.77,40.03486
2025-07-09 18:55:00+03:00,109047.77,109116.26,109041.0,109071.32,20.28881
2025-07-09 19:00:00+03:00,109071.32,109138.65,109071.32,109085.28,25.01295
2025-07-09 19:05:00+03:00,109085.28,109098.16,109047.49,109098.15,38.63205
2025-07-09 19:10:00+03:00,109098.16,109205.64,109089.98,109139.41,31.66007
2025-07-09 19:15:00+03:00,109139.41,109244.71,109104.69,109216.0,21.70224
2025-07-09 19:20:00+03:00,109215.99,109278.41,109134.0,109159.98,25.48001
2025-07-09 19:25:00+03:00,109159.99,109240.0,109122.34,109203.85,16.43416
2025-07-09 19:30:00+03:00,109203.84,109341.74,109203.84,109312.89,24.46455
2025-07-09 19:35:00+03:00,109312.88,109350.0,109269.66,109269.66,19.77541
2025-07-09 19:40:00+03:00,109269.66,109314.21,109254.46,109314.2,28.84838
2025-07-09 19:45:00+03:00,109314.2,109400.0,109300.0,109399.99,50.13622
2025-07-09 19:50:00+03:00,109400.0,109475.29,109399.99,109415.01,33.43374
2025-07-09 19:55:00+03:00,109415.0,109415.01,109367.36,109408.71,22.69371
2025-07-09 20:00:00+03:00,109408.72,109408.72,109254.52,109268.99,42.30417
2025-07-09 20:05:00+03:00,109268.99,109447.82,109268.99,109416.61,24.62586
2025-07-09 20:10:00+03:00,109416.62,109416.62,109264.0,109267.87,21.69574
2025-07-09 20:15:00+03:00,109267.87,109267.87,109211.8,109237.66,19.47601
2025-07-09 20:20:00+03:00,109237.67,109243.38,109052.74,109218.99,47.77946
2025-07-09 20:25:00+03:00,109219.0,109224.4,109123.69,109123.7,13.79077
2025-07-09 20:30:00+03:00,109123.7,109150.61,109047.49,109058.8,28.58024
2025-07-09 20:35:00+03:00,109058.81,109145.99,109058.8,109145.99,18.66721
2025-07-09 20:40:00+03:00,109145.98,109213.0,109133.3,109154.8,14.15204
2025-07-09 20:45:00+03:00,109154.8,109154.81,109093.54,109110.0,12.78325
2025-07-09 20:50:00+03:00,109109.99,109186.34,109104.99,109125.1,45.18794
2025-07-09 20:55:00+03:00,109125.09,109191.57,109125.09,109168.0,12.22649
2025-07-09 21:00:00+03:00,109168.01,109195.83,109137.42,109195.83,20.24343
2025-07-09 21:05:00+03:00,109195.82,109494.74,109148.44,109450.72,115.42945
2025-07-09 21:10:00+03:00,109450.72,109548.6,109439.29,109469.99,140.91816
2025-07-09 21:15:00+03:00,109470.0,109510.96,109385.73,109453.0,36.04477
2025-07-09 21:20:00+03:00,109453.0,109579.98,109419.06,109558.61,47.21825
2025-07-09 21:25:00+03:00,109558.61,109559.0,109511.0,109550.0,24.60574
2025-07-09 21:30:00+03:00,109549.99,109550.0,109468.6,109468.6,32.48167
2025-07-09 21:35:00+03:00,109468.6,109540.0,109464.0,109483.43,23.28827
2025-07-09 21:40:00+03:00,109483.43,109483.43,109376.0,109393.05,26.83651
2025-07-09 21:45:00+03:00,109393.05,109495.84,109381.32,109485.23,34.32821
2025-07-09 21:50:00+03:00,109485.23,109500.01,109464.41,109500.01,31.23003
2025-07-09 21:55:00+03:00,109500.01,109545.44,109493.4,109536.49,26.87011
2025-07-09 22:00:00+03:00,109536.5,109580.19,109530.0,109558.83,51.71085
2025-07-09 22:05:00+03:00,109558.83,109571.25,109500.0,109532.0,23.05488
2025-07-09 22:10:00+03:00,109532.0,109656.59,109532.0,109656.59,40.55092
2025-07-09 22:15:00+03:00,109656.59,109975.0,109656.59,109955.38,218.51126
2025-07-09 22:20:00+03:00,109955.39,110220.53,109923.74,110200.39,693.23322
2025-07-09 22:25:00+03:00,110200.39,110350.0,110148.05,110346.01,228.30755
2025-07-09 22:30:00+03:00,110346.02,110431.35,110245.66,110412.99,286.56757
2025-07-09 22:35:00+03:00,110412.99,110990.0,110370.71,110927.04,1050.89565
2025-07-09 22:40:00+03:00,110927.04,111400.0,110923.34,111390.91,1072.09489
2025-07-09 22:45:00+03:00,111390.91,111644.8,111214.52,111543.33,465.18147
2025-07-09 22:50:00+03:00,111543.33,111888.99,111540.0,111888.97,454.5053
2025-07-09 22:55:00+03:00,111888.98,111999.79,111560.69,111750.0,554.92372
2025-07-09 23:00:00+03:00,111749.99,111952.33,111555.0,111584.0,305.17666
2025-07-09 23:05:00+03:00,111583.99,111660.32,111167.34,111184.0,324.35911
2025-07-09 23:10:00+03:00,111183.99,111390.85,111137.19,111350.85,174.02838
2025-07-09 23:15:00+03:00,111350.86,111367.68,111226.37,111269.41,101.49866
2025-07-09 23:20:00+03:00,111269.4,111269.4,111065.91,111088.99,84.28133
2025-07-09 23:25:00+03:00,111088.99,111089.0,110934.25,111005.87,136.47947
2025-07-09 23:30:00+03:00,111005.87,111005.87,110799.18,110969.37,139.57598
2025-07-09 23:35:00+03:00,110969.37,111101.11,110829.89,110911.81,147.99288
2025-07-09 23:40:00+03:00,110911.82,111000.0,110867.86,110999.99,57.21035
2025-07-09 23:45:00+03:00,110999.99,111000.0,110777.0,110815.63,58.94638
2025-07-09 23:50:00+03:00,110815.64,110838.02,110600.52,110620.0,74.58146
2025-07-09 23:55:00+03:00,110620.0,110750.79,110559.4,110714.97,73.56232
2025-07-10 00:00:00+03:00,110714.97,111095.26,110682.39,111082.32,119.3196
2025-07-10 00:05:00+03:00,111082.33,111176.47,110994.0,111081.87,116.68848
2025-07-10 00:10:00+03:00,111081.86,111081.87,110996.91,111040.99,76.00032
2025-07-10 00:15:00+03:00,111040.99,111148.53,111008.63,111095.1,49.63606
2025-07-10 00:20:00+03:00,111095.1,111280.0,111095.1,111229.57,47.01879
2025-07-10 00:25:00+03:00,111229.57,111254.99,111130.26,111220.87,57.89304
2025-07-10 00:30:00+03:00,111220.87,111220.88,111007.91,111007.91,57.14804
2025-07-10 00:35:00+03:00,111007.92,111013.62,110884.16,110944.01,37.23648
2025-07-10 00:40:00+03:00,110944.0,111067.48,110903.99,111061.37,30.99278
2025-07-10 00:45:00+03:00,111061.36,111143.79,111015.07,111015.07,36.82078
2025-07-10 00:50:00+03:00,111015.08,111015.08,110914.71,110960.74,34.10876
2025-07-10 00:55:00+03:00,110960.73,110960.74,110818.36,110818.36,26.45916
2025-07-10 01:00:00+03:00,110818.36,111065.39,110818.36,111006.0,62.81793
2025-07-10 01:05:00+03:00,111006.01,111155.28,111006.0,111155.28,51.76367
2025-07-10 01:10:00+03:00,111155.27,111300.0,111155.27,111295.98,75.96569
2025-07-10 01:15:00+03:00,111295.99,111336.56,111252.14,111325.01,42.45406
2025-07-10 01:20:00+03:00,111325.0,111325.01,111145.93,111181.02,40.50165
2025-07-10 01:25:00+03:00,111181.02,111192.31,111084.54,111084.55,39.43133
2025-07-10 01:30:00+03:00,111084.54,111178.06,111084.54,111130.02,41.77452
2025-07-10 01:35:00+03:00,111130.02,111199.38,111094.58,111188.99,24.76948
2025-07-10 01:40:00+03:00,111189.0,111325.38,111189.0,111306.6,65.1694
2025-07-10 01:45:00+03:00,111306.6,111403.85,111295.41,111399.99,67.80572
2025-07-10 01:50:00+03:00,111399.99,111400.0,111311.99,111323.13,38.61557
2025-07-10 01:55:00+03:00,111323.89,111400.0,111297.68,111382.17,31.34281
2025-07-10 02:00:00+03:00,111382.17,111384.32,111277.36,111277.37,45.52092
2025-07-10 02:05:00+03:00,111277.37,111455.45,111255.65,111388.03,41.21538
2025-07-10 02:10:00+03:00,111388.02,111440.66,111343.39,111343.4,33.94239
2025-07-10 02:15:00+03:00,111343.39,111450.0,111339.72,111449.99,23.51154
2025-07-10 02:20:00+03:00,111450.0,111498.39,111439.42,111486.13,73.86367
2025-07-10 02:25:00+03:00,111486.13,111521.0,111404.19,111404.2,111.95748
2025-07-10 02:30:00+03:00,111404.2,111514.03,111404.2,111445.09,47.13011
2025-07-10 02:35:00+03:00,111445.1,111445.1,111361.53,111411.82,64.64036
2025-07-10 02:40:00+03:00,111411.82,111440.0,111350.41,111364.0,31.13639
2025-07-10 02:45:00+03:00,111364.0,111417.0,111294.72,111323.76,38.13362
2025-07-10 02:50:00+03:00,111323.76,111323.77,111237.52,111279.83,75.84435
2025-07-10 02:55:00+03:00,111279.83,111316.76,111229.92,111233.99,26.59976
2025-07-10 03:00:00+03:00,111234.0,111303.7,111203.91,111277.48,45.18865
2025-07-10 03:05:00+03:00,111277.48,111302.14,111262.41,111264.0,20.98826
2025-07-10 03:10:00+03:00,111264.0,111319.24,111236.14,111275.05,32.88847
2025-07-10 03:15:00+03:00,111275.04,111300.09,111224.54,111264.97,41.58301
2025-07-10 03:20:00+03:00,111264.97,111265.1,111167.2,111217.43,39.73499
2025-07-10 03:25:00+03:00,111217.43,111220.0,111147.33,111147.33,22.29828
2025-07-10 03:30:00+03:00,111147.33,111206.53,111111.0,111111.0,26.34343
2025-07-10 03:35:00+03:00,111111.0,111111.01,111038.76,111038.76,38.44947
2025-07-10 03:40:00+03:00,111038.77,111038.77,111005.0,111018.52,27.85588
2025-07-10 03:45:00+03:00,111018.52,111086.97,111018.51,111058.0,30.39531
2025-07-10 03:50:00+03:00,111058.0,111058.0,111001.0,111001.01,24.98798
2025-07-10 03:55:00+03:00,111001.0,111001.01,110916.66,110916.66,51.64792
2025-07-10 04:00:00+03:00,110916.66,110957.11,110880.0,110948.68,30.28343
2025-07-10 04:05:00+03:00,110948.68,110963.11,110922.78,110923.67,26.5355
2025-07-10 04:10:00+03:00,110923.66,111000.0,110900.0,111000.0,23.49772
2025-07-10 04:15:00+03:00,111000.0,111087.86,110999.99,111087.86,41.22403
2025-07-10 04:20:00+03:00,111087.86,111163.18,111054.24,111063.99,20.96211
2025-07-10 04:25:00+03:00,111063.99,111120.0,111063.99,111096.04,24.90161
2025-07-10 04:30:00+03:00,111096.04,111177.7,111096.04,111156.34,27.90981
2025-07-10 04:35:00+03:00,111156.35,111200.0,111156.34,111199.99,22.56722
2025-07-10 04:40:00+03:00,111199.99,111210.52,111175.64,111185.95,38.6877
2025-07-10 04:45:00+03:00,111185.95,111185.96,111152.54,111177.19,26.30769
2025-07-10 04:50:00+03:00,111177.19,111356.0,111177.19,111324.83,158.70401
2025-07-10 04:55:00+03:00,111324.84,111324.84,111183.81,111189.71,32.70112
2025-07-10 05:00:00+03:00,111189.7,111323.85,111189.7,111281.96,36.18516
2025-07-10 05:05:00+03:00,111281.96,111315.36,111226.87,111309.02,25.60269
2025-07-10 05:10:00+03:00,111309.02,111413.98,111273.22,111373.23,44.65222
2025-07-10 05:15:00+03:00,111373.23,111430.41,111373.22,111392.57,31.74407
2025-07-10 05:20:00+03:00,111392.57,111450.0,111376.37,111438.63,72.41474
2025-07-10 05:25:00+03:00,111438.63,111581.0,111295.96,111295.97,147.55723
2025-07-10 05:30:00+03:00,111295.97,111371.54,111240.0,111240.0,37.25631
2025-07-10 05:35:00+03:00,111240.0,111276.19,111200.0,111200.0,19.20592
2025-07-10 05:40:00+03:00,111200.0,111200.01,111155.37,111179.99,17.47663
2025-07-10 05:45:00+03:00,111180.0,111251.09,111150.0,111233.33,32.1721
2025-07-10 05:50:00+03:00,111233.33,111250.06,111170.0,111170.0,14.57036
2025-07-10 05:55:00+03:00,111170.0,111213.92,111170.0,111213.91,14.52158
2025-07-10 06:00:00+03:00,111213.91,111221.14,111200.0,111200.0,10.62699
2025-07-10 06:05:00+03:00,111200.0,111207.97,111187.0,111192.3,13.21485
2025-07-10 06:10:00+03:00,111192.3,111192.31,111131.29,111131.3,54.25875
2025-07-10 06:15:00+03:00,111131.3,111217.07,111131.29,111162.15,42.38339
2025-07-10 06:20:00+03:00,111162.16,111162.16,111076.09,111090.01,42.0166
2025-07-10 06:25:00+03:00,111090.01,111090.01,111054.27,111054.27,15.7764
2025-07-10 06:30:00+03:00,111054.28,111070.0,111000.03,111017.31,28.71681
2025-07-10 06:35:00+03:00,111017.31,111048.56,111017.31,111048.36,12.24148
2025-07-10 06:40:00+03:00,111048.36,111048.37,110986.33,111014.13,45.20556
2025-07-10 06:45:00+03:00,111014.12,111046.8,111013.99,111046.21,21.7826
2025-07-10 06:50:00+03:00,111046.21,111068.3,111043.7,111068.29,18.02466
2025-07-10 06:55:00+03:00,111068.29,111085.48,111068.29,111074.51,13.48396
2025-07-10 07:00:00+03:00,111074.52,111074.52,111011.03,111011.04,16.07937
2025-07-10 07:05:00+03:00,111011.04,111011.04,110962.62,110962.62,15.25127
2025-07-10 07:10:00+03:00,110962.63,110962.63,110953.22,110953.23,8.40639
2025-07-10 07:15:00+03:00,110953.22,110984.36,110951.59,110984.36,29.86254
2025-07-10 07:20:00+03:00,110984.35,111020.24,110984.35,111020.24,10.43861
2025-07-10 07:25:00+03:00,111020.24,111065.39,111020.23,111055.3,13.83454
2025-07-10 07:30:00+03:00,111055.29,111099.99,111055.29,111099.1,23.42741
2025-07-10 07:35:00+03:00,111099.11,111131.99,111094.81,111094.81,23.39748
2025-07-10 07:40:00+03:00,111094.82,111148.53,111084.21,111148.52,26.18989
2025-07-10 07:45:00+03:00,111148.53,111185.77,111148.52,111164.34,34.14865
2025-07-10 07:50:00+03:00,111164.34,111164.57,111115.22,111115.22,21.60493
2025-07-10 07:55:00+03:00,111115.23,111150.01,111065.38,111150.0,69.49275
2025-07-10 08:00:00+03:00,111150.0,111164.35,111049.99,111068.47,171.70015
2025-07-10 08:05:00+03:00,111068.48,111068.48,110955.51,110980.0,26.11045
2025-07-10 08:10:00+03:00,110980.0,110992.29,110980.0,110986.91,13.62958
2025-07-10 08:15:00+03:00,110986.91,110986.92,110898.0,110971.0,76.96486
2025-07-10 08:20:00+03:00,110971.0,110971.01,110940.26,110940.26,19.12858
2025-07-10 08:25:00+03:00,110940.26,111000.0,110940.26,110993.61,31.5052
2025-07-10 08:30:00+03:00,110993.62,110993.62,110950.7,110950.7,21.54191
2025-07-10 08:35:00+03:00,110950.7,110950.71,110950.7,110950.71,3.87453
2025-07-10 08:40:00+03:00,110950.7,110950.71,110950.7,110950.71,3.81768
2025-07-10 08:45:00+03:00,110950.7,110950.71,110944.0,110949.4,26.05196
2025-07-10 08:50:00+03:00,110949.4,111054.73,110949.4,111042.38,35.62267
2025-07-10 08:55:00+03:00,111042.37,111160.67,111042.37,111086.14,47.25371
2025-07-10 09:00:00+03:00,111086.14,111164.34,111086.14,111157.01,41.12605
2025-07-10 09:05:00+03:00,111157.0,111157.01,111091.0,111095.28,16.33165
2025-07-10 09:10:00+03:00,111095.28,111185.18,111095.27,111142.0,36.59773
2025-07-10 09:15:00+03:00,111142.01,111157.45,111142.0,111153.32,19.94221
2025-07-10 09:20:00+03:00,111153.33,111306.49,111133.69,111254.95,65.57429
2025-07-10 09:25:00+03:00,111254.95,111295.37,111254.94,111278.66,27.93868
2025-07-10 09:30:00+03:00,111278.66,111286.26,111252.03,111254.76,33.45318
2025-07-10 09:35:00+03:00,111254.76,111298.08,111159.2,111159.2,38.51535
2025-07-10 09:40:00+03:00,111159.2,111174.57,111141.92,111141.93,24.00144
2025-07-10 09:45:00+03:00,111141.93,111214.55,111141.92,111197.07,23.12124
2025-07-10 09:50:00+03:00,111197.07,111276.01,111197.06,111258.27,19.03025
2025-07-10 09:55:00+03:00,111258.28,111283.31,111233.34,111233.34,50.05101
2025-07-10 10:00:00+03:00,111233.33,111276.51,111220.88,111249.75,40.73029
2025-07-10 10:05:00+03:00,111249.75,111432.46,111222.21,111432.45,94.22833
2025-07-10 10:10:00+03:00,111432.45,111432.46,111329.79,111394.53,78.07951
2025-07-10 10:15:00+03:00,111394.53,111415.57,111320.0,111372.0,38.79324
2025-07-10 10:20:00+03:00,111371.99,111372.0,111310.0,111336.01,26.27863
2025-07-10 10:25:00+03:00,111336.0,111377.72,111331.11,111363.89,27.28104
2025-07-10 10:30:00+03:00,111363.89,111375.66,111290.0,111349.5,40.76974
2025-07-10 10:35:00+03:00,111349.49,111349.5,111250.0,111250.01,31.19853
2025-07-10 10:40:00+03:00,111250.0,111285.01,111216.68,111277.32,34.05911
2025-07-10 10:45:00+03:00,111277.32,111295.11,111144.08,111255.01,33.27095
2025-07-10 10:50:00+03:00,111255.0,111255.01,111212.3,111224.59,32.19135
2025-07-10 10:55:00+03:00,111224.59,111233.46,111213.72,111230.0,25.21522
2025-07-10 11:00:00+03:00,111229.99,111229.99,111146.92,111146.93,63.63401
2025-07-10 11:05:00+03:00,111146.93,111159.36,111124.61,111125.01,18.13686
2025-07-10 11:10:00+03:00,111125.01,111143.0,111102.78,111123.94,22.84745
2025-07-10 11:15:00+03:00,111123.94,111276.92,111123.94,111276.91,60.30046
2025-07-10 11:20:00+03:00,111276.92,111276.92,111251.99,111263.0,15.5827
2025-07-10 11:25:00+03:00,111263.01,111263.01,111222.68,111260.33,26.2749
2025-07-10 11:30:00+03:00,111260.32,111297.0,111260.32,111274.82,20.86924
2025-07-10 11:35:00+03:00,111274.82,111370.0,111274.81,111349.96,28.93127
2025-07-10 11:40:00+03:00,111349.95,111398.96,111303.46,111386.89,53.9658
2025-07-10 11:45:00+03:00,111386.89,111396.0,111335.05,111335.06,28.65479
2025-07-10 11:50:00+03:00,111335.06,111335.06,111233.0,111243.99,28.38656
2025-07-10 11:55:00+03:00,111244.0,111244.12,111222.74,111233.33,33.48045
2025-07-10 12:00:00+03:00,111233.34,111258.0,111189.6,111189.6,22.74913
2025-07-10 12:05:00+03:00,111189.61,111212.83,111180.31,111180.32,18.82897
2025-07-10 12:10:00+03:00,111180.32,111180.32,111140.0,111160.37,18.64064
2025-07-10 12:15:00+03:00,111160.37,111211.12,111160.36,111200.01,18.45562
2025-07-10 12:20:00+03:00,111200.0,111200.01,111111.45,111115.42,18.45923
2025-07-10 12:25:00+03:00,111115.42,111139.25,111115.41,111130.0,15.3041
2025-07-10 12:30:00+03:00,111130.0,111130.0,111123.32,111127.99,15.00302
2025-07-10 12:35:00+03:00,111127.98,111172.31,111097.11,111130.5,71.37764
2025-07-10 12:40:00+03:00,111130.51,111130.51,111086.27,111086.28,17.65239
2025-07-10 12:45:00+03:00,111086.27,111111.35,111086.27,111086.72,26.95104
2025-07-10 12:50:00+03:00,111086.73,111093.59,111076.76,111084.28,19.32806
2025-07-10 12:55:00+03:00,111084.28,111084.28,111021.57,111041.36,24.2202
2025-07-10 13:00:00+03:00,111041.37,111088.08,111014.7,111014.7,29.67884
2025-07-10 13:05:00+03:00,111014.7,111014.71,111011.0,111011.0,7.43777
2025-07-10 13:10:00+03:00,111011.01,111011.01,110991.16,110991.17,15.3127
2025-07-10 13:15:00+03:00,110991.16,111053.24,110991.16,111024.93,28.93253
2025-07-10 13:20:00+03:00,111024.92,111024.93,110993.25,111009.88,19.9871
2025-07-10 13:25:00+03:00,111009.88,111009.89,111008.4,111009.88,11.08554
2025-07-10 13:30:00+03:00,111009.87,111048.87,111009.87,111048.86,17.59477
2025-07-10 13:35:00+03:00,111048.86,111054.82,111039.86,111046.54,23.89108
2025-07-10 13:40:00+03:00,111046.53,111046.54,110912.0,110944.01,48.5297
2025-07-10 13:45:00+03:00,110944.01,110953.95,110870.33,110903.32,76.95591
2025-07-10 13:50:00+03:00,110903.32,111041.56,110903.31,111035.67,41.30758
2025-07-10 13:55:00+03:00,111035.67,111098.3,111026.84,111088.51,35.36172
2025-07-10 14:00:00+03:00,111088.51,111088.52,111020.0,111054.84,32.34229
2025-07-10 14:05:00+03:00,111054.84,111169.2,111054.84,111125.8,31.48979
2025-07-10 14:10:00+03:00,111125.81,111125.81,111041.17,111081.49,31.17404
2025-07-10 14:15:00+03:00,111081.49,111088.21,111048.52,111080.98,24.16848
2025-07-10 14:20:00+03:00,111080.97,111151.64,111080.97,111112.47,35.76756
2025-07-10 14:25:00+03:00,111112.47,111173.95,111093.12,111165.25,29.18806
2025-07-10 14:30:00+03:00,111165.26,111165.26,111090.0,111090.0,15.81046
2025-07-10 14:35:00+03:00,111090.01,111095.76,111033.52,111033.52,32.11469
2025-07-10 14:40:00+03:00,111033.53,111090.01,111033.52,111085.67,24.20147
2025-07-10 14:45:00+03:00,111085.68,111085.68,111054.28,111054.28,22.95914
2025-07-10 14:50:00+03:00,111054.28,111054.29,110988.92,110988.92,49.4601
2025-07-10 14:55:00+03:00,110988.92,111020.0,110967.0,111019.99,35.00712
2025-07-10 15:00:00+03:00,111019.99,111020.0,110860.94,110892.21,38.17904
2025-07-10 15:05:00+03:00,110892.22,110895.48,110837.08,110871.99,22.23192
2025-07-10 15:10:00+03:00,110871.99,110872.0,110794.46,110812.87,71.32535
2025-07-10 15:15:00+03:00,110812.86,110835.15,110796.07,110835.14,18.18813
2025-07-10 15:20:00+03:00,110835.15,110838.31,110805.12,110805.13,12.89776
2025-07-10 15:25:00+03:00,110805.12,110948.06,110752.35,110921.4,62.15008
2025-07-10 15:30:00+03:00,110921.41,110932.94,110824.89,110854.22,21.68947
2025-07-10 15:35:00+03:00,110854.21,110854.22,110838.23,110853.08,14.20576
2025-07-10 15:40:00+03:00,110853.09,110853.09,110834.33,110835.76,10.84958
2025-07-10 15:45:00+03:00,110835.76,110838.31,110800.0,110838.31,20.83079
2025-07-10 15:50:00+03:00,110838.31,110838.31,110780.0,110820.01,31.59809
2025-07-10 15:55:00+03:00,110820.01,110869.01,110792.96,110869.0,33.51262
2025-07-10 16:00:00+03:00,110869.0,110975.04,110823.24,110911.27,34.6016
2025-07-10 16:05:00+03:00,110911.27,110927.11,110872.59,110872.59,16.13227
2025-07-10 16:10:00+03:00,110872.59,110899.86,110825.54,110899.85,17.31568
2025-07-10 16:15:00+03:00,110899.85,110948.54,110884.0,110937.44,22.89407
2025-07-10 16:20:00+03:00,110937.44,111000.0,110913.52,110965.18,54.14507
2025-07-10 16:25:00+03:00,110965.18,111039.99,110950.26,111039.99,18.72775
2025-07-10 16:30:00+03:00,111039.99,111039.99,110708.62,110708.63,43.92433
2025-07-10 16:35:00+03:00,110708.62,110832.0,110671.72,110772.21,51.22458
2025-07-10 16:40:00+03:00,110772.21,110815.64,110500.0,110798.3,114.81005
2025-07-10 16:45:00+03:00,110798.95,111000.0,110611.09,110629.32,86.60457
2025-07-10 16:50:00+03:00,110629.32,110839.81,110629.32,110829.13,42.31451
2025-07-10 16:55:00+03:00,110829.13,110853.85,110647.45,110800.01,41.5747
2025-07-10 17:00:00+03:00,110801.78,110858.99,110642.3,110839.99,53.0504
2025-07-10 17:05:00+03:00,110840.0,111073.92,110718.16,110990.28,74.02219
2025-07-10 17:10:00+03:00,110990.28,111129.71,110987.73,111095.11,63.61186
2025-07-10 17:15:00+03:00,111095.11,111290.0,111095.11,111290.0,96.09246
2025-07-10 17:20:00+03:00,111289.99,111319.24,111010.47,111035.0,72.24094
2025-07-10 17:25:00+03:00,111035.01,111035.01,110714.28,110872.0,92.31578
2025-07-10 17:30:00+03:00,110871.99,111015.0,110844.0,110972.0,34.87623
2025-07-10 17:35:00+03:00,110972.0,111178.52,110972.0,111129.99,54.43103
2025-07-10 17:40:00+03:00,111130.0,111130.0,111048.53,111059.98,45.91072
2025-07-10 17:45:00+03:00,111059.98,111140.0,110984.32,111140.0,47.49749
2025-07-10 17:50:00+03:00,111140.0,111230.4,111139.99,111209.03,43.64109
2025-07-10 17:55:00+03:00,111209.04,111249.99,111152.41,111247.57,51.99358
2025-07-10 18:00:00+03:00,111247.56,111300.0,111186.49,111227.3,97.58963
2025-07-10 18:05:00+03:00,111227.3,111250.0,111150.0,111185.31,50.12837
2025-07-10 18:10:00+03:00,111185.32,111185.32,110969.51,110994.83,43.97639
2025-07-10 18:15:00+03:00,110994.83,111300.5,110994.83,111300.49,47.56039
2025-07-10 18:20:00+03:00,111300.49,111360.0,111108.22,111202.2,75.00721
2025-07-10 18:25:00+03:00,111202.19,111360.27,111200.22,111331.14,34.66236
2025-07-10 18:30:00+03:00,111331.14,111408.24,111237.43,111277.65,35.89203
2025-07-10 18:35:00+03:00,111277.65,111297.94,111227.39,111267.71,22.11944
2025-07-10 18:40:00+03:00,111267.71,111299.91,111092.0,111178.47,88.65088
2025-07-10 18:45:00+03:00,111179.11,111288.84,111156.84,111288.84,24.24546
2025-07-10 18:50:00+03:00,111288.84,111366.26,111273.82,111366.26,26.10015
2025-07-10 18:55:00+03:00,111366.25,111408.41,111344.62,111408.4,43.67352
2025-07-10 19:00:00+03:00,111408.4,111430.03,111322.32,111374.67,47.71633
2025-07-10 19:05:00+03:00,111374.66,111491.23,111367.01,111426.71,59.30203
2025-07-10 19:10:00+03:00,111426.7,111495.07,111397.2,111472.62,31.18849
2025-07-10 19:15:00+03:00,111472.63,111717.34,111472.62,111715.43,155.60654
2025-07-10 19:20:00+03:00,111715.43,112288.47,111715.42,112288.47,603.26768
2025-07-10 19:25:00+03:00,112288.46,112549.33,112254.79,112376.92,437.46796
2025-07-10 19:30:00+03:00,112376.92,112700.0,112376.92,112643.8,363.25108
2025-07-10 19:35:00+03:00,112643.81,112725.38,112436.71,112695.04,216.15503
2025-07-10 19:40:00+03:00,112695.05,112721.0,112566.5,112637.66,161.34108
2025-07-10 19:45:00+03:00,112637.66,112660.0,112421.89,112517.67,159.37451
2025-07-10 19:50:00+03:00,112517.66,112600.0,112401.56,112590.12,117.89242
2025-07-10 19:55:00+03:00,112590.12,112660.0,112547.99,112643.48,93.82225
2025-07-10 20:00:00+03:00,112643.47,112700.0,112545.95,112699.99,263.84904
2025-07-10 20:05:00+03:00,112700.0,113299.98,112699.99,113292.28,696.26756
2025-07-10 20:10:00+03:00,113292.29,113459.0,113120.49,113433.07,349.60962
2025-07-10 20:15:00+03:00,113433.08,113444.65,113142.37,113246.35,161.36939
2025-07-10 20:20:00+03:00,113246.34,113416.6,113246.34,113401.8,143.40008
2025-07-10 20:25:00+03:00,113401.8,113454.03,113252.97,113454.02,152.90458
2025-07-10 20:30:00+03:00,113454.03,113739.03,113422.09,113587.76,343.567401
2025-07-10 20:35:00+03:00,113587.75,113683.83,113470.66,113640.62,152.30585
2025-07-10 20:40:00+03:00,113640.63,113695.16,113590.75,113619.98,123.80326
2025-07-10 20:45:00+03:00,113619.99,113624.41,113444.99,113510.77,106.97405
2025-07-10 20:50:00+03:00,113510.76,113788.23,113510.76,113752.1,137.84426
2025-07-10 20:55:00+03:00,113752.1,113782.31,113650.0,113722.82,125.48091
2025-07-10 21:00:00+03:00,113722.83,113760.97,113519.03,113588.97,133.5465
2025-07-10 21:05:00+03:00,113588.97,113588.98,113397.6,113411.28,139.86459
2025-07-10 21:10:00+03:00,113411.38,113469.98,113283.83,113348.69,155.60949
2025-07-10 21:15:00+03:00,113348.69,113541.87,113348.69,113520.53,99.85864
2025-07-10 21:20:00+03:00,113520.54,113620.0,113280.0,113280.0,119.13369
2025-07-10 21:25:00+03:00,113280.0,113280.0,113106.09,113182.35,100.07576
2025-07-10 21:30:00+03:00,113182.35,113232.82,113066.51,113192.37,90.05103
2025-07-10 21:35:00+03:00,113192.37,113310.63,113014.38,113086.35,100.57728
2025-07-10 21:40:00+03:00,113086.35,113131.74,113005.45,113059.33,101.52869
2025-07-10 21:45:00+03:00,113059.34,113240.99,112985.64,113216.7,97.58307
2025-07-10 21:50:00+03:00,113216.7,113336.0,113213.41,113335.99,65.39693
2025-07-10 21:55:00+03:00,113335.99,113450.0,113335.99,113420.0,107.55885
2025-07-10 22:00:00+03:00,113420.01,113568.17,113420.0,113564.28,116.84929
2025-07-10 22:05:00+03:00,113564.28,113680.0,113564.27,113612.07,86.03635
2025-07-10 22:10:00+03:00,113612.07,113680.0,113612.06,113649.97,77.78755
2025-07-10 22:15:00+03:00,113649.97,113664.18,113572.0,113602.43,81.9567
2025-07-10 22:20:00+03:00,113602.43,113602.44,113446.43,113461.15,90.68343
2025-07-10 22:25:00+03:00,113461.14,113479.11,113340.61,113340.61,47.73109
2025-07-10 22:30:00+03:00,113340.61,113340.62,113131.2,113149.75,80.94865
2025-07-10 22:35:00+03:00,113149.75,113247.79,113098.45,113142.42,107.73389
2025-07-10 22:40:00+03:00,113142.41,113307.97,113142.41,113262.98,68.83764
2025-07-10 22:45:00+03:00,113262.97,113262.98,113113.96,113165.01,56.07288
2025-07-10 22:50:00+03:00,113165.01,113292.12,113154.17,113284.03,59.27641
2025-07-10 22:55:00+03:00,113284.02,113411.34,113284.02,113301.81,72.57789
2025-07-10 23:00:00+03:00,113301.8,113382.47,113270.98,113361.18,34.72359
2025-07-10 23:05:00+03:00,113361.19,113500.0,113293.14,113315.81,40.34531
2025-07-10 23:10:00+03:00,113315.81,113432.67,113306.36,113432.67,20.11674
2025-07-10 23:15:00+03:00,113432.68,113499.99,113374.55,113451.39,69.67465
2025-07-10 23:20:00+03:00,113451.39,113490.0,113444.27,113490.0,26.18493
2025-07-10 23:25:00+03:00,113490.0,113490.0,113384.94,113447.54,69.51506
2025-07-10 23:30:00+03:00,113447.54,113451.04,113375.45,113388.31,29.70888
2025-07-10 23:35:00+03:00,113388.31,113526.12,113380.78,113448.0,59.20667
2025-07-10 23:40:00+03:00,113448.0,113566.31,113447.99,113566.3,61.62779
2025-07-10 23:45:00+03:00,113566.31,113580.0,113513.77,113513.77,56.55898
2025-07-10 23:50:00+03:00,113513.77,113541.41,113429.04,113537.26,45.78048
2025-07-10 23:55:00+03:00,113537.27,113550.0,113493.16,113493.16,41.37101
2025-07-11 00:00:00+03:00,113493.16,113602.44,113385.36,113602.43,37.7345
2025-07-11 00:05:00+03:00,113602.43,113684.97,113576.69,113612.29,65.21802
2025-07-11 00:10:00+03:00,113612.29,113700.0,113612.28,113667.39,37.0733
2025-07-11 00:15:00+03:00,113667.4,116868.0,113602.43,116195.25,2640.891024
2025-07-11 00:20:00+03:00,116195.25,116675.72,115400.0,116020.36,1145.62578
2025-07-11 00:25:00+03:00,116020.36,116347.91,115700.16,115727.5,597.76699
2025-07-11 00:30:00+03:00,115727.51,116411.13,115708.47,116195.56,421.48519
2025-07-11 00:35:00+03:00,116195.57,116313.18,115916.74,116301.04,205.63424
2025-07-11 00:40:00+03:00,116301.04,116800.0,116240.09,116300.0,402.07078
2025-07-11 00:45:00+03:00,116300.01,116617.85,115958.57,116553.9,349.99836
2025-07-11 00:50:00+03:00,116553.9,116646.43,116218.37,116524.0,201.21214
2025-07-11 00:55:00+03:00,116524.0,116720.0,116405.0,116490.52,209.36095
2025-07-11 01:00:00+03:00,116490.52,116495.0,116147.94,116253.1,239.43643
2025-07-11 01:05:00+03:00,116253.11,116499.95,116205.17,116335.44,572.33788
2025-07-11 01:10:00+03:00,116335.45,116375.96,115984.61,116108.61,282.68468
2025-07-11 01:15:00+03:00,116108.62,116228.0,116096.0,116227.99,144.62095
2025-07-11 01:20:00+03:00,116227.99,116277.06,115950.01,115953.16,111.07287
2025-07-11 01:25:00+03:00,115953.16,116000.0,115886.71,115925.52,104.36502
2025-07-11 01:30:00+03:00,115925.51,115925.51,115848.68,115885.39,163.255
2025-07-11 01:35:00+03:00,115885.38,115940.07,115829.27,115829.28,76.89203
2025-07-11 01:40:00+03:00,115829.28,115989.98,115800.0,115962.95,100.64573
2025-07-11 01:45:00+03:00,115962.95,116169.74,115927.96,116103.15,114.55105
2025-07-11 01:50:00+03:00,116103.15,116191.36,116080.0,116100.64,183.35371
2025-07-11 01:55:00+03:00,116100.65,116111.73,115976.02,116008.38,185.42454
2025-07-11 02:00:00+03:00,116008.38,116045.4,115911.69,115946.94,211.18491
2025-07-11 02:05:00+03:00,115946.94,116099.99,115946.94,116044.99,192.35516
2025-07-11 02:10:00+03:00,116044.98,116051.69,115901.56,116008.5,136.52064
2025-07-11 02:15:00+03:00,116008.51,116008.51,115812.0,115929.71,66.91094
2025-07-11 02:20:00+03:00,115929.71,115929.72,115782.0,115836.73,116.1553
2025-07-11 02:25:00+03:00,115836.74,115869.99,115788.0,115788.01,51.65753
2025-07-11 02:30:00+03:00,115788.0,115806.36,115657.76,115657.76,122.60171
2025-07-11 02:35:00+03:00,115657.76,115708.47,115645.88,115680.99,71.33121
2025-07-11 02:40:00+03:00,115680.98,115815.82,115662.61,115786.12,118.21179
2025-07-11 02:45:00+03:00,115786.12,115863.5,115726.85,115863.49,50.9325
2025-07-11 02:50:00+03:00,115863.5,116015.25,115863.5,116010.0,97.81509
2025-07-11 02:55:00+03:00,116010.0,116010.01,115976.79,116010.0,55.35181
2025-07-11 03:00:00+03:00,116010.01,116098.8,115984.61,116020.01,151.38219
2025-07-11 03:05:00+03:00,116020.01,116092.59,115950.01,116092.59,101.22365
2025-07-11 03:10:00+03:00,116092.58,116092.59,115882.4,115890.46,124.27069
2025-07-11 03:15:00+03:00,115890.47,115890.47,115417.72,115489.57,140.31029
2025-07-11 03:20:00+03:00,115489.57,115545.09,115300.97,115316.08,96.69696
2025-07-11 03:25:00+03:00,115316.08,115517.92,115222.22,115500.01,104.38284
2025-07-11 03:30:00+03:00,115500.01,115607.07,115310.03,115567.03,81.04159
2025-07-11 03:35:00+03:00,115567.02,115719.98,115556.49,115677.86,53.28247
2025-07-11 03:40:00+03:00,115677.85,115677.86,115444.84,115444.84,25.84701
2025-07-11 03:45:00+03:00,115444.85,115671.59,115417.63,115568.02,62.4555
2025-07-11 03:50:00+03:00,115568.02,115600.0,115500.0,115518.14,44.15423
2025-07-11 03:55:00+03:00,115518.14,115729.85,115425.79,115590.63,56.01337
2025-07-11 04:00:00+03:00,115590.64,115643.93,115514.57,115574.02,53.96709
2025-07-11 04:05:00+03:00,115574.02,115650.0,115546.59,115641.97,67.28847
2025-07-11 04:10:00+03:00,115641.96,115661.01,115515.11,115656.01,55.79512
2025-07-11 04:15:00+03:00,115656.01,115767.83,115656.01,115765.09,50.43837
2025-07-11 04:20:00+03:00,115765.08,115951.81,115765.08,115951.81,74.50449
2025-07-11 04:25:00+03:00,115951.81,115979.01,115945.46,115945.46,39.48694
2025-07-11 04:30:00+03:00,115945.47,115969.1,115900.0,115924.86,42.40261
2025-07-11 04:35:00+03:00,115924.86,115960.0,115895.94,115938.53,47.4331
2025-07-11 04:40:00+03:00,115938.53,115993.72,115937.74,115993.72,67.16031
2025-07-11 04:45:00+03:00,115993.71,116078.85,115939.77,116057.4,88.20884
2025-07-11 04:50:00+03:00,116057.4,116057.41,115878.45,115878.45,95.44385
2025-07-11 04:55:00+03:00,115878.45,115984.8,115852.61,115967.57,104.12735
2025-07-11 05:00:00+03:00,115967.57,115967.58,115845.22,115869.86,129.51053
2025-07-11 05:05:00+03:00,115869.85,115981.57,115709.27,115709.28,84.36681
2025-07-11 05:10:00+03:00,115709.28,115976.46,115702.86,115976.45,47.78495
2025-07-11 05:15:00+03:00,115976.45,116199.99,115976.45,116196.86,83.48497
2025-07-11 05:20:00+03:00,116196.86,116292.37,116157.64,116199.99,63.04942
2025-07-11 05:25:00+03:00,116200.0,116280.0,116157.65,116279.99,35.43789
2025-07-11 05:30:00+03:00,116279.99,116347.0,116245.37,116346.99,37.66422
2025-07-11 05:35:00+03:00,116347.0,116511.4,116313.81,116463.49,116.54088
2025-07-11 05:40:00+03:00,116463.48,116555.0,116429.99,116490.01,124.94997
2025-07-11 05:45:00+03:00,116490.0,116594.32,116450.0,116594.31,190.99678
2025-07-11 05:50:00+03:00,116594.32,116800.0,116550.19,116761.08,264.12449
2025-07-11 05:55:00+03:00,116761.09,116761.09,116639.0,116672.57,175.23145
2025-07-11 06:00:00+03:00,116672.57,116672.58,116555.13,116579.88,213.94112
2025-07-11 06:05:00+03:00,116579.88,116626.6,116481.19,116593.82,171.31975
2025-07-11 06:10:00+03:00,116593.82,116593.82,116450.0,116487.76,184.25219
2025-07-11 06:15:00+03:00,116487.77,116534.18,116390.25,116534.18,161.55133
2025-07-11 06:20:00+03:00,116534.18,116605.33,116483.65,116523.75,96.48111
2025-07-11 06:25:00+03:00,116523.75,116553.2,116460.0,116525.29,40.68184
2025-07-11 06:30:00+03:00,116525.29,116552.81,116462.96,116525.62,44.07527
2025-07-11 06:35:00+03:00,116525.63,116548.97,116420.0,116473.39,50.6332
2025-07-11 06:40:00+03:00,116473.39,116580.0,116434.23,116579.99,38.91873
2025-07-11 06:45:00+03:00,116580.0,116745.68,116579.99,116745.67,44.86246
2025-07-11 06:50:00+03:00,116745.67,116834.2,116680.54,116768.94,76.63746
2025-07-11 06:55:00+03:00,116768.95,116950.0,116768.94,116881.7,152.857151
2025-07-11 07:00:00+03:00,116881.69,116881.7,116723.4,116737.04,60.14187
2025-07-11 07:05:00+03:00,116737.04,116737.04,116610.94,116642.79,66.27675
2025-07-11 07:10:00+03:00,116642.8,116642.8,116574.96,116637.37,51.28177
2025-07-11 07:15:00+03:00,116637.36,116673.57,116574.79,116619.96,41.53867
2025-07-11 07:20:00+03:00,116619.96,116619.97,116532.18,116591.19,27.55227
2025-07-11 07:25:00+03:00,116591.19,116622.89,116550.19,116553.53,23.65225
2025-07-11 07:30:00+03:00,116553.54,116578.45,116500.0,116514.37,65.93234
2025-07-11 07:35:00+03:00,116514.36,116598.81,116514.36,116520.34,37.85511
2025-07-11 07:40:00+03:00,116520.33,116671.23,116520.33,116653.99,54.79667
2025-07-11 07:45:00+03:00,116654.0,116883.89,116637.42,116834.5,77.92991
2025-07-11 07:50:00+03:00,116834.5,116929.0,116809.39,116888.06,105.19804
2025-07-11 07:55:00+03:00,116888.06,116925.19,116841.89,116918.16,61.86974
2025-07-11 08:00:00+03:00,116918.16,116966.93,116918.16,116966.93,76.61052
2025-07-11 08:05:00+03:00,116966.93,117344.2,116950.03,117276.0,307.12114
2025-07-11 08:10:00+03:00,117276.0,117303.25,117181.42,117206.41,194.79092
2025-07-11 08:15:00+03:00,117206.42,117400.0,117142.43,117200.01,118.82669
2025-07-11 08:20:00+03:00,117200.01,117329.14,117107.4,117297.08,135.09001
2025-07-11 08:25:00+03:00,117297.08,117493.82,117238.3,117493.81,125.33009
2025-07-11 08:30:00+03:00,117493.82,117890.13,117420.0,117826.9,290.71497
2025-07-11 08:35:00+03:00,117826.9,117950.0,117677.01,117848.16,233.91848
2025-07-11 08:40:00+03:00,117848.16,118090.83,117744.0,117968.76,245.970557
2025-07-11 08:45:00+03:00,117968.76,118404.22,117800.0,118301.9,449.74811
2025-07-11 08:50:00+03:00,118301.89,118390.98,118060.0,118212.6,224.84023
2025-07-11 08:55:00+03:00,118212.59,118212.6,117787.35,117860.37,233.91208
2025-07-11 09:00:00+03:00,117860.38,118100.01,117791.8,118016.78,193.27452
2025-07-11 09:05:00+03:00,118016.78,118400.0,118003.44,118305.79,146.33715
2025-07-11 09:10:00+03:00,118305.78,118305.79,117950.14,118030.36,99.50475
2025-07-11 09:15:00+03:00,118030.36,118189.19,117931.22,118150.0,85.93439
2025-07-11 09:20:00+03:00,118150.01,118324.0,118130.4,118240.0,85.54292
2025-07-11 09:25:00+03:00,118240.0,118283.66,118103.85,118140.91,59.91704
2025-07-11 09:30:00+03:00,118140.9,118171.76,118000.01,118093.46,101.71354
2025-07-11 09:35:00+03:00,118093.47,118181.7,117982.57,117982.57,128.78827
2025-07-11 09:40:00+03:00,117982.57,118000.0,117900.0,117969.0,100.03005
2025-07-11 09:45:00+03:00,117969.0,118000.0,117777.75,117848.03,131.84091
2025-07-11 09:50:00+03:00,117848.03,117883.05,117651.23,117725.89,123.71711
2025-07-11 09:55:00+03:00,117725.88,117749.56,117602.22,117648.33,243.23479
2025-07-11 10:00:00+03:00,117648.32,117648.33,117539.73,117539.73,262.73061
2025-07-11 10:05:00+03:00,117539.73,117575.2,117468.53,117483.99,248.19404
2025-07-11 10:10:00+03:00,117484.0,117618.83,117476.06,117476.06,232.23107
2025-07-11 10:15:00+03:00,117476.06,117650.0,117472.71,117614.88,213.19578
2025-07-11 10:20:00+03:00,117614.87,117782.68,117594.19,117749.44,209.61217
2025-07-11 10:25:00+03:00,117749.43,117895.57,117727.84,117876.9,199.33673
2025-07-11 10:30:00+03:00,117876.91,117903.99,117765.91,117866.32,373.84169
2025-07-11 10:35:00+03:00,117866.33,118108.79,117824.96,118003.29,356.25817
2025-07-11 10:40:00+03:00,118003.29,118018.89,117872.09,117956.66,227.09466
2025-07-11 10:45:00+03:00,117956.66,117994.1,117860.2,117860.2,251.52283
2025-07-11 10:50:00+03:00,117860.2,117869.01,117700.17,117722.61,257.77399
2025-07-11 10:55:00+03:00,117722.6,117722.61,117500.0,117526.88,297.64701
2025-07-11 11:00:00+03:00,117526.88,117705.5,117526.88,117632.15,142.88915
2025-07-11 11:05:00+03:00,117632.15,117756.43,117630.82,117687.22,98.91168
2025-07-11 11:10:00+03:00,117687.22,117800.0,117670.59,117790.85,139.64921
2025-07-11 11:15:00+03:00,117790.85,117942.45,117755.96,117900.0,100.80811
2025-07-11 11:20:00+03:00,117900.0,117944.51,117809.48,117944.5,74.12104
2025-07-11 11:25:00+03:00,117944.5,117999.98,117944.5,117985.31,82.37077
2025-07-11 11:30:00+03:00,117985.31,118009.63,117919.3,118009.62,52.04948
2025-07-11 11:35:00+03:00,118009.63,118133.0,117900.0,117942.01,73.14639
2025-07-11 11:40:00+03:00,117942.01,118000.0,117838.47,117999.98,52.88428
2025-07-11 11:45:00+03:00,117999.98,118060.0,117953.21,117980.94,34.52648
2025-07-11 11:50:00+03:00,117980.95,118078.11,117952.61,117994.92,110.04453
2025-07-11 11:55:00+03:00,117994.91,117994.92,117930.86,117964.76,39.42748
2025-07-11 12:00:00+03:00,117964.75,117986.78,117909.26,117926.29,59.60998
2025-07-11 12:05:00+03:00,117926.3,118000.0,117883.74,117987.98,68.20322
2025-07-11 12:10:00+03:00,117987.99,118033.16,117987.98,118033.16,111.12064
2025-07-11 12:15:00+03:00,118033.16,118226.54,118033.15,118134.46,97.98276
2025-07-11 12:20:00+03:00,118134.45,118232.32,118134.45,118173.46,65.54986
2025-07-11 12:25:00+03:00,118173.46,118193.67,118144.34,118170.45,39.90629
2025-07-11 12:30:00+03:00,118170.45,118453.98,118129.97,118420.01,129.59798
2025-07-11 12:35:00+03:00,118420.0,118869.98,118391.0,118783.94,468.69513
2025-07-11 12:40:00+03:00,118783.95,118783.95,118469.31,118583.87,148.26311
2025-07-11 12:45:00+03:00,118583.88,118750.0,118556.55,118712.0,87.86853
2025-07-11 12:50:00+03:00,118712.0,118712.01,118452.77,118467.81,109.91683
2025-07-11 12:55:00+03:00,118467.81,118500.0,118400.0,118470.34,127.88747
2025-07-11 13:00:00+03:00,118470.35,118470.35,118277.75,118374.15,116.62755
2025-07-11 13:05:00+03:00,118374.14,118374.15,118279.56,118306.37,102.22821
2025-07-11 13:10:00+03:00,118306.36,118306.37,118105.78,118120.39,199.07246
2025-07-11 13:15:00+03:00,118120.39,118237.63,118039.66,118065.9,267.78937
2025-07-11 13:20:00+03:00,118065.89,118297.8,118058.46,118297.8,130.55103
2025-07-11 13:25:00+03:00,118297.79,118317.8,118204.0,118228.54,77.06046
2025-07-11 13:30:00+03:00,118228.54,118300.01,118114.18,118160.01,66.03992
2025-07-11 13:35:00+03:00,118160.01,118160.01,118056.7,118056.7,49.24653
2025-07-11 13:40:00+03:00,118056.7,118108.0,118036.85,118083.33,64.8222
2025-07-11 13:45:00+03:00,118083.33,118158.35,118079.7,118117.79,53.64965
2025-07-11 13:50:00+03:00,118117.79,118129.59,118084.94,118093.63,42.1381
2025-07-11 13:55:00+03:00,118093.63,118093.63,117946.72,117983.78,170.78396
2025-07-11 14:00:00+03:00,117983.78,118110.6,117983.78,118107.6,80.78004
2025-07-11 14:05:00+03:00,118107.6,118107.6,117883.22,118000.0,51.42525
2025-07-11 14:10:00+03:00,117999.99,118000.0,117696.0,117727.88,76.13868
2025-07-11 14:15:00+03:00,117727.89,117740.0,117639.09,117647.57,82.15779
2025-07-11 14:20:00+03:00,117647.56,117682.0,117584.1,117653.81,70.10389
2025-07-11 14:25:00+03:00,117653.81,117727.83,117583.16,117684.22,95.95365
2025-07-11 14:30:00+03:00,117684.22,117777.07,117684.22,117737.99,72.90291
2025-07-11 14:35:00+03:00,117738.0,117819.83,117735.0,117784.34,53.05232
2025-07-11 14:40:00+03:00,117784.35,117815.7,117751.22,117763.01,45.06941
2025-07-11 14:45:00+03:00,117763.01,117763.01,117700.0,117705.57,60.1534
2025-07-11 14:50:00+03:00,117705.58,117958.06,117705.57,117945.31,82.41954
2025-07-11 14:55:00+03:00,117945.32,117945.32,117821.9,117821.91,38.46489
2025-07-11 15:00:00+03:00,117821.91,117984.11,117821.9,117980.5,59.03401
2025-07-11 15:05:00+03:00,117980.5,118107.01,117980.49,118035.4,65.94315
2025-07-11 15:10:00+03:00,118035.4,118259.24,118035.4,118235.01,109.07895
2025-07-11 15:15:00+03:00,118235.02,118235.02,118059.34,118060.21,52.76943
2025-07-11 15:20:00+03:00,118060.21,118060.21,117887.62,117898.85,63.01904
2025-07-11 15:25:00+03:00,117898.85,117898.86,117751.03,117751.03,59.79486
2025-07-11 15:30:00+03:00,117751.04,117902.31,117750.29,117870.16,90.17243
2025-07-11 15:35:00+03:00,117870.16,117873.18,117803.55,117819.76,72.7112
2025-07-11 15:40:00+03:00,117819.75,117895.18,117750.01,117762.86,67.47368
2025-07-11 15:45:00+03:00,117762.86,117819.71,117741.94,117752.01,56.48698
2025-07-11 15:50:00+03:00,117752.0,117869.21,117752.0,117790.66,95.91928
2025-07-11 15:55:00+03:00,117790.66,117925.16,117790.66,117878.11,69.02348
2025-07-11 16:00:00+03:00,117878.1,118031.23,117745.84,117955.22,121.74872
2025-07-11 16:05:00+03:00,117955.21,117955.22,117737.26,117800.28,93.87304
2025-07-11 16:10:00+03:00,117800.28,117813.44,117700.0,117791.99,63.53645
2025-07-11 16:15:00+03:00,117791.99,117815.08,117700.0,117700.1,51.93195
2025-07-11 16:20:00+03:00,117700.1,117816.84,117621.73,117794.44,124.96941
2025-07-11 16:25:00+03:00,117794.45,117859.13,117633.54,117651.34,97.86621
2025-07-11 16:30:00+03:00,117651.35,117651.35,117273.45,117396.0,204.40295
2025-07-11 16:35:00+03:00,117396.0,117813.06,117396.0,117634.45,177.43787
2025-07-11 16:40:00+03:00,117634.46,117729.51,117411.08,117451.0,137.3982
2025-07-11 16:45:00+03:00,117450.99,117754.02,117333.33,117731.61,174.56388
2025-07-11 16:50:00+03:00,117731.61,117849.81,117684.22,117740.86,79.59384
2025-07-11 16:55:00+03:00,117740.87,118189.18,117740.86,117989.18,136.2389
2025-07-11 17:00:00+03:00,117989.17,118020.0,117814.06,117951.21,99.51689
2025-07-11 17:05:00+03:00,117951.22,118170.24,117813.74,117839.39,90.5382
2025-07-11 17:10:00+03:00,117839.39,118045.5,117777.0,117956.0,82.76593
2025-07-11 17:15:00+03:00,117956.0,117956.01,117797.64,117797.66,88.99677
2025-07-11 17:20:00+03:00,117797.66,117945.93,117666.66,117892.1,166.54847
2025-07-11 17:25:00+03:00,117892.11,118050.3,117866.95,117925.27,75.82422
2025-07-11 17:30:00+03:00,117925.27,118100.0,117847.84,118082.45,47.0734
2025-07-11 17:35:00+03:00,118082.45,118158.35,117975.88,117994.58,55.63991
2025-07-11 17:40:00+03:00,117994.59,118060.0,117822.58,118028.6,66.9514
2025-07-11 17:45:00+03:00,118028.6,118028.6,117902.3,118011.99,81.68505
2025-07-11 17:50:00+03:00,118012.0,118014.5,117388.0,117619.99,159.3118
2025-07-11 17:55:00+03:00,117619.99,117858.16,117616.0,117858.16,59.74363
2025-07-11 18:00:00+03:00,117858.15,117960.0,117800.0,117882.4,53.83675
2025-07-11 18:05:00+03:00,117882.39,117882.39,117664.83,117836.0,58.68891
2025-07-11 18:10:00+03:00,117835.99,117881.18,117568.41,117644.22,99.76204
2025-07-11 18:15:00+03:00,117644.22,117781.66,117626.27,117761.51,53.11717
2025-07-11 18:20:00+03:00,117761.52,117951.22,117671.49,117708.43,75.51151
2025-07-11 18:25:00+03:00,117708.43,117795.01,117600.81,117759.99,52.58479
2025-07-11 18:30:00+03:00,117759.99,117760.0,117412.27,117426.54,91.73883
2025-07-11 18:35:00+03:00,117426.55,117618.41,117412.27,117514.59,124.57795
2025-07-11 18:40:00+03:00,117514.58,117601.64,117420.0,117420.0,66.44634
2025-07-11 18:45:00+03:00,117420.01,117466.15,117129.29,117187.25,132.50999
2025-07-11 18:50:00+03:00,117187.24,117286.62,116816.85,116915.99,250.99194
2025-07-11 18:55:00+03:00,116915.99,116994.33,116724.66,116902.59,252.02428
2025-07-11 19:00:00+03:00,116902.58,117149.03,116812.28,116944.95,114.64025
2025-07-11 19:05:00+03:00,116944.95,116999.0,116645.85,116736.0,124.82246
2025-07-11 19:10:00+03:00,116736.0,116831.38,116604.87,116831.38,92.63936
2025-07-11 19:15:00+03:00,116831.38,117017.52,116631.0,116679.05,81.38674
2025-07-11 19:20:00+03:00,116679.06,117226.27,116679.05,117195.1,96.10569
2025-07-11 19:25:00+03:00,117195.1,117261.07,117122.69,117261.07,56.92195
2025-07-11 19:30:00+03:00,117261.07,117361.61,117229.89,117328.52,73.47995
2025-07-11 19:35:00+03:00,117328.52,117415.6,117200.0,117391.74,57.37715
2025-07-11 19:40:00+03:00,117391.73,117422.53,117280.0,117302.79,39.7162
2025-07-11 19:45:00+03:00,117302.8,117302.8,117100.0,117214.07,78.47612
2025-07-11 19:50:00+03:00,117214.06,117433.4,117214.06,117398.0,62.87111
2025-07-11 19:55:00+03:00,117398.01,117428.46,117382.86,117393.39,52.89405
2025-07-11 20:00:00+03:00,117393.38,117495.88,117340.07,117465.51,52.62349
2025-07-11 20:05:00+03:00,117465.5,117745.7,117446.0,117688.01,173.41145
2025-07-11 20:10:00+03:00,117688.01,117733.66,117481.47,117484.01,103.01999
2025-07-11 20:15:00+03:00,117484.0,117615.44,117433.39,117574.97,70.09929
2025-07-11 20:20:00+03:00,117574.97,117664.84,117453.01,117453.02,52.57472
2025-07-11 20:25:00+03:00,117453.02,117544.0,117372.0,117514.61,29.72849
2025-07-11 20:30:00+03:00,117514.6,117563.76,117420.0,117420.01,34.36605
2025-07-11 20:35:00+03:00,117420.0,117495.26,117250.0,117320.01,34.90149
2025-07-11 20:40:00+03:00,117320.0,117405.2,117304.23,117405.19,85.49089
2025-07-11 20:45:00+03:00,117405.19,117536.96,117388.26,117521.94,29.6197
2025-07-11 20:50:00+03:00,117521.94,117628.19,117402.51,117607.84,68.25498
2025-07-11 20:55:00+03:00,117607.85,117671.46,117560.0,117640.0,41.0697
2025-07-11 21:00:00+03:00,117640.01,117734.55,117612.0,117634.58,39.46294
2025-07-11 21:05:00+03:00,117634.57,117645.53,117540.2,117540.21,36.08029
2025-07-11 21:10:00+03:00,117540.2,117670.42,117500.0,117566.89,29.28836
2025-07-11 21:15:00+03:00,117566.88,117659.65,117500.0,117500.0,46.47339
2025-07-11 21:20:00+03:00,117500.0,117632.36,117464.29,117583.14,38.60036
2025-07-11 21:25:00+03:00,117583.14,117591.18,117310.0,117330.54,46.83873
2025-07-11 21:30:00+03:00,117330.55,117536.94,117300.0,117511.24,28.00689
2025-07-11 21:35:00+03:00,117511.23,117511.24,117460.0,117480.0,19.53386
2025-07-11 21:40:00+03:00,117480.0,117624.76,117448.0,117624.11,30.30159
2025-07-11 21:45:00+03:00,117624.1,117712.47,117524.0,117533.77,21.36594
2025-07-11 21:50:00+03:00,117533.77,117695.21,117488.59,117687.22,28.25884
2025-07-11 21:55:00+03:00,117687.22,117700.0,117649.09,117694.01,44.37805
2025-07-11 22:00:00+03:00,117694.02,117710.77,117536.95,117556.79,34.71734
2025-07-11 22:05:00+03:00,117556.79,117664.83,117426.58,117612.12,49.11907
2025-07-11 22:10:00+03:00,117612.12,117739.51,117519.77,117739.5,42.11888
2025-07-11 22:15:00+03:00,117739.51,117979.79,117728.8,117979.78,94.17161
2025-07-11 22:20:00+03:00,117979.78,118113.61,117968.51,118076.78,75.84295
2025-07-11 22:25:00+03:00,118076.77,118138.75,117904.56,117904.57,62.01705
2025-07-11 22:30:00+03:00,117904.56,117949.69,117774.2,117869.9,38.65941
2025-07-11 22:35:00+03:00,117869.9,117967.86,117824.01,117891.77,34.58691
2025-07-11 22:40:00+03:00,117891.78,117945.92,117848.5,117848.51,30.58079
2025-07-11 22:45:00+03:00,117848.5,117928.29,117800.0,117886.11,30.12343
2025-07-11 22:50:00+03:00,117886.1,117999.99,117842.75,117969.95,66.95805
2025-07-11 22:55:00+03:00,117969.95,118134.11,117953.05,118108.81,80.75047
2025-07-11 23:00:00+03:00,118108.81,118108.81,117851.13,117851.13,37.8274
2025-07-11 23:05:00+03:00,117851.13,117924.09,117847.65,117906.09,32.49867
2025-07-11 23:10:00+03:00,117906.08,118082.95,117906.08,117956.01,51.21589
2025-07-11 23:15:00+03:00,117956.0,118053.47,117922.58,117951.22,24.89212
2025-07-11 23:20:00+03:00,117951.21,117951.21,117880.0,117922.28,19.21821
2025-07-11 23:25:00+03:00,117922.28,117945.93,117849.17,117923.99,32.38623
2025-07-11 23:30:00+03:00,117924.0,117931.87,117753.78,117763.2,43.47652
2025-07-11 23:35:00+03:00,117763.2,117900.0,117763.2,117853.03,27.19865
2025-07-11 23:40:00+03:00,117853.03,117894.4,117802.19,117827.51,14.17382
2025-07-11 23:45:00+03:00,117827.52,117884.07,117768.01,117884.06,18.4712
2025-07-11 23:50:00+03:00,117884.07,117884.07,117847.65,117847.66,26.06351
2025-07-11 23:55:00+03:00,117847.65,117847.65,117659.19,117664.46,28.23769
2025-07-12 00:00:00+03:00,117664.46,117693.9,117639.11,117692.52,22.88077
2025-07-12 00:05:00+03:00,117692.52,117738.57,117575.66,117575.67,16.15682
2025-07-12 00:10:00+03:00,117575.66,117640.61,117548.58,117640.6,19.03157
2025-07-12 00:15:00+03:00,117640.6,117699.64,117600.15,117679.96,28.06749
2025-07-12 00:20:00+03:00,117679.96,117880.01,117679.96,117880.0,22.32324
2025-07-12 00:25:00+03:00,117880.01,117880.01,117800.0,117846.46,18.3987
2025-07-12 00:30:00+03:00,117846.46,117846.46,117727.37,117791.5,23.79996
2025-07-12 00:35:00+03:00,117791.51,117797.34,117524.28,117543.79,31.34742
2025-07-12 00:40:00+03:00,117543.8,117620.0,117471.09,117480.01,49.59641
2025-07-12 00:45:00+03:00,117480.0,117664.84,117480.0,117664.83,14.99147
2025-07-12 00:50:00+03:00,117664.83,117664.84,117479.99,117482.9,18.71443
2025-07-12 00:55:00+03:00,117482.91,117620.0,117482.91,117619.99,14.41308
2025-07-12 01:00:00+03:00,117619.99,117636.86,117593.62,117636.85,22.71635
2025-07-12 01:05:00+03:00,117636.85,117636.86,117538.46,117572.0,23.90186
2025-07-12 01:10:00+03:00,117571.99,117596.01,117500.0,117500.01,26.91924
2025-07-12 01:15:00+03:00,117500.01,117545.16,117412.27,117545.15,60.67297
2025-07-12 01:20:00+03:00,117545.16,117563.76,117400.0,117400.0,28.75266
2025-07-12 01:25:00+03:00,117400.0,117400.01,117185.86,117270.26,69.11208
2025-07-12 01:30:00+03:00,117270.26,117665.92,117146.8,117661.76,118.806
2025-07-12 01:35:00+03:00,117661.77,117661.77,117369.44,117374.0,31.8884
2025-07-12 01:40:00+03:00,117373.99,117496.58,117349.0,117402.62,44.64195
2025-07-12 01:45:00+03:00,117402.63,117536.96,117371.19,117456.21,27.21487
2025-07-12 01:50:00+03:00,117456.21,117597.0,117433.39,117472.9,36.77154
2025-07-12 01:55:00+03:00,117472.91,117615.89,117472.9,117615.89,14.57706
2025-07-12 02:00:00+03:00,117615.88,117663.92,117601.39,117655.93,29.53412
2025-07-12 02:05:00+03:00,117655.92,117677.24,117641.12,117649.53,13.74281
2025-07-12 02:10:00+03:00,117649.52,117665.44,117563.75,117665.44,18.31405
2025-07-12 02:15:00+03:00,117665.44,117665.44,117576.0,117654.69,19.8985
2025-07-12 02:20:00+03:00,117654.69,117654.7,117587.85,117620.91,19.95137
2025-07-12 02:25:00+03:00,117620.92,117654.7,117592.0,117625.79,15.55206
2025-07-12 02:30:00+03:00,117625.8,117625.8,117520.0,117536.38,11.71639
2025-07-12 02:35:00+03:00,117536.39,117664.84,117536.38,117612.18,17.30485
2025-07-12 02:40:00+03:00,117612.17,117629.03,117570.84,117577.57,7.95792
2025-07-12 02:45:00+03:00,117577.57,117632.0,117436.59,117522.27,28.809
2025-07-12 02:50:00+03:00,117522.26,117532.79,117499.0,117499.01,11.9124
2025-07-12 02:55:00+03:00,117499.01,117527.68,117499.0,117527.66,10.46459
2025-07-12 03:00:00+03:00,117527.66,117646.97,117527.66,117538.39,19.18495
2025-07-12 03:05:00+03:00,117538.39,117553.02,117500.66,117515.74,12.99612
2025-07-12 03:10:00+03:00,117515.74,117547.17,117462.68,117547.17,16.34502
2025-07-12 03:15:00+03:00,117547.17,117547.17,117489.22,117489.22,37.78258
2025-07-12 03:20:00+03:00,117489.22,117543.21,117478.93,117488.9,20.7325
2025-07-12 03:25:00+03:00,117488.91,117530.82,117480.0,117521.09,26.93689
2025-07-12 03:30:00+03:00,117521.09,117521.1,117448.89,117448.9,8.54283
2025-07-12 03:35:00+03:00,117448.9,117448.9,117141.13,117263.99,113.36567
2025-07-12 03:40:00+03:00,117264.0,117354.96,117177.62,117243.07,43.75878
2025-07-12 03:45:00+03:00,117243.07,117363.73,117208.87,117299.99,36.16681
2025-07-12 03:50:00+03:00,117299.99,117348.55,117277.16,117337.39,35.4242
2025-07-12 03:55:00+03:00,117337.39,117408.0,117337.39,117407.99,21.31393
2025-07-12 04:00:00+03:00,117407.99,117555.0,117407.99,117554.99,30.34493
2025-07-12 04:05:00+03:00,117555.0,117684.23,117554.54,117645.63,42.9402
2025-07-12 04:10:00+03:00,117645.64,117645.64,117572.0,117604.29,28.86807
2025-07-12 04:15:00+03:00,117604.29,117679.59,117583.73,117674.98,36.25211
2025-07-12 04:20:00+03:00,117674.97,117688.21,117591.31,117611.75,34.17662
2025-07-12 04:25:00+03:00,117611.75,117688.44,117611.75,117688.43,14.66999
2025-07-12 04:30:00+03:00,117688.43,117697.49,117648.54,117648.54,29.75703
2025-07-12 04:35:00+03:00,117648.55,117692.45,117564.56,117564.57,25.36418
2025-07-12 04:40:00+03:00,117564.57,117604.73,117564.56,117604.73,12.85808
2025-07-12 04:45:00+03:00,117604.72,117610.33,117604.71,117610.33,18.63769
2025-07-12 04:50:00+03:00,117610.32,117653.14,117610.32,117647.98,18.27689
2025-07-12 04:55:00+03:00,117647.98,117683.54,117629.34,117644.81,29.87909
2025-07-12 05:00:00+03:00,117644.8,117743.19,117615.16,117632.18,35.17162
2025-07-12 05:05:00+03:00,117632.18,117712.8,117632.18,117646.37,39.59061
2025-07-12 05:10:00+03:00,117646.38,117656.02,117638.24,117656.01,8.34275
2025-07-12 05:15:00+03:00,117656.01,117756.14,117642.84,117730.09,53.54866
2025-07-12 05:20:00+03:00,117730.1,117800.43,117730.09,117744.09,26.65982
2025-07-12 05:25:00+03:00,117744.08,117776.01,117744.08,117744.1,15.40859
2025-07-12 05:30:00+03:00,117744.1,117763.66,117730.08,117730.09,17.57871
2025-07-12 05:35:00+03:00,117730.08,117730.09,117703.41,117703.41,22.31071
2025-07-12 05:40:00+03:00,117703.41,117737.18,117669.51,117684.23,27.74828
2025-07-12 05:45:00+03:00,117684.23,117684.23,117658.96,117658.97,21.71446
2025-07-12 05:50:00+03:00,117658.96,117658.97,117556.0,117557.13,39.41386
2025-07-12 05:55:00+03:00,117557.13,117599.99,117557.12,117599.99,11.61885
2025-07-12 06:00:00+03:00,117599.98,117620.0,117599.97,117620.0,28.80055
2025-07-12 06:05:00+03:00,117620.0,117720.7,117619.99,117720.7,19.01285
2025-07-12 06:10:00+03:00,117720.69,117796.43,117720.69,117796.43,16.84042
2025-07-12 06:15:00+03:00,117796.43,117820.0,117765.07,117820.0,30.48422
2025-07-12 06:20:00+03:00,117820.0,117821.23,117819.99,117821.23,11.1274
2025-07-12 06:25:00+03:00,117821.22,117840.49,117803.59,117837.37,43.79542
2025-07-12 06:30:00+03:00,117837.38,117847.66,117758.2,117793.28,16.37495
2025-07-12 06:35:00+03:00,117793.27,117793.28,117727.84,117730.21,7.63754
2025-07-12 06:40:00+03:00,117730.21,117771.72,117715.02,117715.02,7.6041
2025-07-12 06:45:00+03:00,117715.02,117746.86,117668.6,117675.99,16.39302
2025-07-12 06:50:00+03:00,117675.99,117683.74,117675.99,117676.0,6.22932
2025-07-12 06:55:00+03:00,117675.99,117774.42,117651.99,117774.42,30.83795
2025-07-12 07:00:00+03:00,117774.42,117876.57,117747.25,117876.57,23.65155
2025-07-12 07:05:00+03:00,117876.57,117876.57,117748.32,117793.22,24.94577
2025-07-12 07:10:00+03:00,117793.23,117813.79,117776.74,117813.79,9.42822
2025-07-12 07:15:00+03:00,117813.79,117813.79,117711.14,117743.0,14.11178
2025-07-12 07:20:00+03:00,117742.99,117803.9,117742.99,117803.9,9.88918
2025-07-12 07:25:00+03:00,117803.89,117850.0,117750.68,117849.99,17.36636
2025-07-12 07:30:00+03:00,117850.0,117850.0,117782.02,117782.94,22.89581
2025-07-12 07:35:00+03:00,117782.94,117795.73,117755.29,117755.29,11.09373
2025-07-12 07:40:00+03:00,117755.29,117755.3,117685.68,117719.24,17.07914
2025-07-12 07:45:00+03:00,117719.23,117719.24,117640.6,117686.41,13.34758
2025-07-12 07:50:00+03:00,117686.4,117686.4,117587.0,117681.4,37.59164
2025-07-12 07:55:00+03:00,117681.4,117681.4,117600.04,117646.44,30.1844
2025-07-12 08:00:00+03:00,117646.43,117676.32,117608.0,117608.0,8.24466
2025-07-12 08:05:00+03:00,117608.0,117608.01,117540.0,117547.34,19.22759
2025-07-12 08:10:00+03:00,117547.34,117597.0,117539.99,117540.17,19.63074
2025-07-12 08:15:00+03:00,117540.18,117593.95,117506.37,117575.1,14.68718
2025-07-12 08:20:00+03:00,117575.09,117587.75,117550.33,117570.54,17.85249
2025-07-12 08:25:00+03:00,117570.54,117623.32,117570.53,117621.06,21.10905
2025-07-12 08:30:00+03:00,117621.06,117662.45,117560.0,117650.35,24.09551
2025-07-12 08:35:00+03:00,117650.35,117680.0,117650.34,117678.71,10.25928
2025-07-12 08:40:00+03:00,117678.71,117678.72,117629.63,117629.63,10.55508
2025-07-12 08:45:00+03:00,117629.64,117654.35,117614.88,117614.88,19.72693
2025-07-12 08:50:00+03:00,117614.89,117718.82,117614.88,117694.7,45.74117
2025-07-12 08:55:00+03:00,117694.7,117712.91,117663.27,117689.68,16.60182
2025-07-12 09:00:00+03:00,117689.68,117757.35,117660.0,117727.87,52.66984
2025-07-12 09:05:00+03:00,117727.86,117783.58,117700.0,117719.99,26.53155
2025-07-12 09:10:00+03:00,117719.99,117725.0,117673.27,117716.26,17.48555
2025-07-12 09:15:00+03:00,117716.26,117741.22,117716.25,117741.22,9.47301
2025-07-12 09:20:00+03:00,117741.21,117827.27,117741.21,117821.63,30.75169
2025-07-12 09:25:00+03:00,117821.64,117966.73,117787.81,117910.0,49.55719
2025-07-12 09:30:00+03:00,117910.0,117966.48,117830.07,117961.09,22.64993
2025-07-12 09:35:00+03:00,117961.09,117981.57,117961.09,117974.99,16.58838
2025-07-12 09:40:00+03:00,117974.99,117975.0,117923.99,117948.35,18.55235
2025-07-12 09:45:00+03:00,117948.36,117972.31,117860.0,117886.28,30.56304
2025-07-12 09:50:00+03:00,117886.28,117913.38,117886.27,117913.05,8.74183
2025-07-12 09:55:00+03:00,117913.05,117933.87,117847.65,117847.66,25.51155
2025-07-12 10:00:00+03:00,117847.66,117901.98,117828.75,117864.28,26.13375
2025-07-12 10:05:00+03:00,117864.27,117897.02,117858.69,117889.5,11.18793
2025-07-12 10:10:00+03:00,117889.49,118054.79,117888.88,117964.01,93.39885
2025-07-12 10:15:00+03:00,117964.0,118030.13,117911.28,117970.09,43.97436
2025-07-12 10:20:00+03:00,117970.1,117970.1,117920.0,117935.88,13.2525
2025-07-12 10:25:00+03:00,117935.88,117967.38,117900.0,117939.51,25.3116
2025-07-12 10:30:00+03:00,117939.51,117939.51,117801.0,117822.72,39.5265
2025-07-12 10:35:00+03:00,117822.72,117822.72,117740.69,117756.43,20.48272
2025-07-12 10:40:00+03:00,117756.43,117756.44,117733.48,117733.48,27.55852
2025-07-12 10:45:00+03:00,117733.48,117733.49,117625.63,117692.2,45.35479
2025-07-12 10:50:00+03:00,117692.2,117706.97,117640.6,117684.25,34.06542
2025-07-12 10:55:00+03:00,117684.26,117732.0,117662.63,117731.99,9.05624
2025-07-12 11:00:00+03:00,117731.99,117830.08,117731.99,117830.07,34.83984
2025-07-12 11:05:00+03:00,117830.07,117830.08,117791.31,117804.41,27.31696
2025-07-12 11:10:00+03:00,117804.41,117830.08,117783.37,117830.07,18.19512
2025-07-12 11:15:00+03:00,117830.08,117868.0,117830.07,117867.99,25.99894
2025-07-12 11:20:00+03:00,117867.99,117868.0,117819.99,117867.7,24.70443
2025-07-12 11:25:00+03:00,117867.7,117867.7,117855.9,117855.9,7.84307
2025-07-12 11:30:00+03:00,117855.9,117855.91,117786.64,117830.5,39.3561
2025-07-12 11:35:00+03:00,117830.5,117850.75,117814.02,117814.02,6.99392
2025-07-12 11:40:00+03:00,117814.03,117814.03,117770.0,117808.85,15.99952
2025-07-12 11:45:00+03:00,117808.85,117824.47,117765.91,117765.91,9.06038
2025-07-12 11:50:00+03:00,117765.92,117801.76,117724.47,117801.76,12.78635
2025-07-12 11:55:00+03:00,117801.75,118000.0,117801.75,117929.65,203.78484
2025-07-12 12:00:00+03:00,117929.66,117944.54,117881.15,117905.79,30.19452
2025-07-12 12:05:00+03:00,117905.79,117918.8,117884.02,117890.79,18.63381
2025-07-12 12:10:00+03:00,117890.78,117909.35,117888.71,117888.71,16.22144
2025-07-12 12:15:00+03:00,117888.71,118036.01,117888.71,117973.49,58.42743
2025-07-12 12:20:00+03:00,117973.5,118032.74,117972.69,118032.32,41.46561
2025-07-12 12:25:00+03:00,118032.32,118032.32,117980.0,117980.0,5.858
2025-07-12 12:30:00+03:00,117980.01,117980.01,117922.43,117922.44,15.46593
2025-07-12 12:35:00+03:00,117922.43,118031.57,117902.3,117989.53,23.65041
2025-07-12 12:40:00+03:00,117989.53,118054.79,117980.5,118054.79,37.12484
2025-07-12 12:45:00+03:00,118054.78,118112.82,118014.53,118060.0,43.91775
2025-07-12 12:50:00+03:00,118060.0,118200.0,118060.0,118184.39,52.53772
2025-07-12 12:55:00+03:00,118184.39,118186.05,118083.35,118158.78,29.08091
2025-07-12 13:00:00+03:00,118158.79,118158.79,118012.55,118064.26,50.34496
2025-07-12 13:05:00+03:00,118064.26,118089.24,118006.91,118006.91,24.1213
2025-07-12 13:10:00+03:00,118006.92,118006.92,117870.31,117980.94,49.71904
2025-07-12 13:15:00+03:00,117980.94,118086.96,117980.0,118086.96,70.01049
2025-07-12 13:20:00+03:00,118086.96,118096.54,118043.15,118043.15,28.56841
2025-07-12 13:25:00+03:00,118043.16,118080.33,118040.0,118065.91,24.22894
2025-07-12 13:30:00+03:00,118065.91,118140.96,118065.9,118122.64,23.76856
2025-07-12 13:35:00+03:00,118122.64,118122.65,118061.6,118100.41,23.30625
2025-07-12 13:40:00+03:00,118100.41,118100.42,118100.41,118100.42,12.98437
2025-07-12 13:45:00+03:00,118100.42,118140.01,118033.15,118033.16,21.1419
2025-07-12 13:50:00+03:00,118033.16,118076.23,118000.56,118068.82,15.30724
2025-07-12 13:55:00+03:00,118068.82,118089.13,118068.82,118077.32,17.0202
2025-07-12 14:00:00+03:00,118077.32,118106.2,117989.81,117989.82,30.0835
2025-07-12 14:05:00+03:00,117989.81,117995.43,117945.92,117966.34,17.96315
2025-07-12 14:10:00+03:00,117966.34,117991.29,117930.37,117944.34,26.06682
2025-07-12 14:15:00+03:00,117944.33,117959.58,117920.24,117959.58,13.13497
2025-07-12 14:20:00+03:00,117959.58,118057.04,117959.57,118009.97,15.48641
2025-07-12 14:25:00+03:00,118009.97,118009.98,118009.96,118009.96,13.59298
2025-07-12 14:30:00+03:00,118009.96,118009.97,117916.93,117939.99,15.05516
2025-07-12 14:35:00+03:00,117940.0,117991.62,117887.99,117991.62,17.56508
2025-07-12 14:40:00+03:00,117991.61,118035.52,117625.0,117676.3,88.35739
2025-07-12 14:45:00+03:00,117676.31,117764.0,117676.31,117763.99,25.50065
2025-07-12 14:50:00+03:00,117764.0,117808.0,117744.08,117808.0,19.30132
2025-07-12 14:55:00+03:00,117808.0,117813.8,117764.04,117810.0,17.27773
2025-07-12 15:00:00+03:00,117810.0,117861.19,117809.99,117834.36,22.35024
2025-07-12 15:05:00+03:00,117834.36,117834.36,117747.99,117763.28,12.72262
2025-07-12 15:10:00+03:00,117763.28,117779.52,117726.76,117779.52,12.98206
2025-07-12 15:15:00+03:00,117779.52,117779.52,117694.51,117721.62,18.75713
2025-07-12 15:20:00+03:00,117721.62,117721.63,117664.84,117664.84,26.51315
2025-07-12 15:25:00+03:00,117664.84,117779.06,117664.84,117665.6,34.366
2025-07-12 15:30:00+03:00,117665.59,117725.75,117545.43,117611.76,77.44878
2025-07-12 15:35:00+03:00,117611.76,117620.24,117490.78,117509.75,73.36668
2025-07-12 15:40:00+03:00,117509.75,117550.51,117455.0,117509.75,89.17282
2025-07-12 15:45:00+03:00,117509.75,117569.13,117309.61,117379.99,295.93464
2025-07-12 15:50:00+03:00,117380.0,117547.74,117324.52,117494.28,169.53726
2025-07-12 15:55:00+03:00,117494.27,117559.99,117439.12,117559.97,63.11415
2025-07-12 16:00:00+03:00,117559.98,117559.98,117380.91,117453.4,157.16717
2025-07-12 16:05:00+03:00,117453.39,117571.61,117405.83,117448.51,176.7643
2025-07-12 16:10:00+03:00,117448.51,117500.85,117400.49,117486.01,45.81824
2025-07-12 16:15:00+03:00,117486.01,117486.02,117348.0,117348.0,29.20258
2025-07-12 16:20:00+03:00,117348.01,117422.52,117336.01,117406.03,32.71677
2025-07-12 16:25:00+03:00,117406.02,117406.03,117299.86,117304.7,29.75084
2025-07-12 16:30:00+03:00,117304.7,117483.61,117303.99,117420.37,62.72739
2025-07-12 16:35:00+03:00,117420.36,117429.82,117298.89,117409.99,63.03666
2025-07-12 16:40:00+03:00,117409.99,117409.99,117238.88,117365.65,39.62287
2025-07-12 16:45:00+03:00,117365.64,117442.98,117267.59,117350.59,58.93057
2025-07-12 16:50:00+03:00,117350.58,117433.4,117350.58,117433.39,25.22515
2025-07-12 16:55:00+03:00,117433.4,117500.0,117433.39,117500.0,37.28242
2025-07-12 17:00:00+03:00,117500.0,117509.76,117405.55,117405.56,56.72294
2025-07-12 17:05:00+03:00,117405.56,117547.76,117405.55,117547.75,37.52956
2025-07-12 17:10:00+03:00,117547.75,117727.26,117547.75,117601.99,74.56243
2025-07-12 17:15:00+03:00,117602.0,117658.93,117525.02,117654.15,24.76802
2025-07-12 17:20:00+03:00,117654.15,117723.14,117560.0,117580.01,45.67785
2025-07-12 17:25:00+03:00,117580.01,117656.71,117580.0,117656.71,21.6683
2025-07-12 17:30:00+03:00,117656.7,117656.71,117553.32,117553.32,20.43433
2025-07-12 17:35:00+03:00,117553.32,117572.31,117400.0,117410.15,53.35137
2025-07-12 17:40:00+03:00,117410.14,117480.0,117400.0,117466.47,25.91783
2025-07-12 17:45:00+03:00,117466.47,117466.48,117430.72,117430.72,14.33778
2025-07-12 17:50:00+03:00,117430.72,117430.73,117329.82,117329.83,47.81302
2025-07-12 17:55:00+03:00,117329.83,117389.47,117315.68,117389.47,27.18339
2025-07-12 18:00:00+03:00,117389.47,117389.47,117336.58,117349.82,16.67538
2025-07-12 18:05:00+03:00,117349.81,117378.91,117300.0,117349.99,22.27401
2025-07-12 18:10:00+03:00,117350.0,117422.53,117275.65,117422.52,49.25939
2025-07-12 18:15:00+03:00,117422.52,117461.62,117340.94,117417.9,38.05118
2025-07-12 18:20:00+03:00,117417.9,117417.9,117312.71,117313.8,25.91374
2025-07-12 18:25:00+03:00,117313.8,117358.66,117170.34,117336.34,79.96103
2025-07-12 18:30:00+03:00,117336.35,117447.29,117205.69,117279.87,80.66941
2025-07-12 18:35:00+03:00,117279.87,117279.87,117079.46,117098.0,109.73169
2025-07-12 18:40:00+03:00,117097.99,117174.3,116948.07,116992.6,151.15246
2025-07-12 18:45:00+03:00,116992.6,117099.99,116900.05,117000.3,113.9976
2025-07-12 18:50:00+03:00,117000.31,117108.87,116939.99,116968.81,64.9212
2025-07-12 18:55:00+03:00,116968.81,117142.54,116968.8,117100.01,30.30587
2025-07-12 19:00:00+03:00,117100.0,117168.82,117045.86,117164.89,48.14751
2025-07-12 19:05:00+03:00,117164.89,117197.08,117090.45,117195.5,52.20684
2025-07-12 19:10:00+03:00,117195.51,117282.74,117195.5,117266.65,24.19853
2025-07-12 19:15:00+03:00,117266.65,117332.18,117257.91,117320.29,20.74686
2025-07-12 19:20:00+03:00,117320.28,117358.46,117291.67,117299.39,41.31432
2025-07-12 19:25:00+03:00,117299.39,117376.82,117278.0,117295.49,14.23357
2025-07-12 19:30:00+03:00,117295.5,117352.31,117284.0,117329.83,18.89517
2025-07-12 19:35:00+03:00,117329.82,117329.84,117329.82,117329.84,6.20452
2025-07-12 19:40:00+03:00,117329.84,117399.77,117256.84,117279.53,20.80777
2025-07-12 19:45:00+03:00,117279.53,117333.4,117279.53,117293.03,12.18694
2025-07-12 19:50:00+03:00,117293.04,117293.04,117139.0,117158.32,16.67593
2025-07-12 19:55:00+03:00,117158.31,117196.58,117158.31,117191.08,7.37109
2025-07-12 20:00:00+03:00,117191.08,117217.52,117186.81,117213.31,16.9057
2025-07-12 20:05:00+03:00,117213.3,117295.76,117213.3,117291.68,18.10272
2025-07-12 20:10:00+03:00,117291.67,117332.0,117291.67,117300.01,16.47257
2025-07-12 20:15:00+03:00,117300.0,117371.55,117300.0,117371.55,8.77266
2025-07-12 20:20:00+03:00,117371.55,117398.66,117371.54,117398.66,12.42288
2025-07-12 20:25:00+03:00,117398.66,117445.56,117377.77,117445.55,19.60019
2025-07-12 20:30:00+03:00,117445.56,117457.09,117394.53,117456.11,17.66945
2025-07-12 20:35:00+03:00,117456.11,117456.11,117410.0,117449.5,8.05042
2025-07-12 20:40:00+03:00,117449.5,117548.69,117449.49,117461.7,25.26983
2025-07-12 20:45:00+03:00,117461.7,117497.38,117408.0,117444.88,27.98785
2025-07-12 20:50:00+03:00,117444.88,117444.89,117414.67,117414.67,10.0354
2025-07-12 20:55:00+03:00,117414.68,117509.76,117414.67,117478.4,27.71688
2025-07-12 21:00:00+03:00,117478.4,117488.43,117449.52,117461.95,21.31538
2025-07-12 21:05:00+03:00,117461.95,117498.27,117448.83,117448.84,22.04673
2025-07-12 21:10:00+03:00,117448.83,117466.0,117448.83,117465.99,4.81865
2025-07-12 21:15:00+03:00,117466.0,117473.63,117433.56,117444.75,14.45935
2025-07-12 21:20:00+03:00,117444.74,117444.75,117396.0,117428.38,7.2448
2025-07-12 21:25:00+03:00,117428.38,117428.39,117416.64,117416.64,9.8825
2025-07-12 21:30:00+03:00,117416.64,117499.98,117416.64,117433.39,24.00057
2025-07-12 21:35:00+03:00,117433.39,117433.4,117400.0,117400.01,10.34328
2025-07-12 21:40:00+03:00,117400.0,117400.01,117378.91,117378.91,7.15647
2025-07-12 21:45:00+03:00,117378.91,117416.48,117378.91,117415.21,12.4592
2025-07-12 21:50:00+03:00,117415.2,117415.21,117380.0,117384.78,12.28992
2025-07-12 21:55:00+03:00,117384.78,117509.76,117384.78,117504.0,15.71313
2025-07-12 22:00:00+03:00,117504.01,117548.71,117483.93,117543.2,18.29441
2025-07-12 22:05:00+03:00,117543.2,117610.0,117543.2,117609.99,28.48926
2025-07-12 22:10:00+03:00,117609.99,117609.99,117586.38,117608.52,13.58384
2025-07-12 22:15:00+03:00,117608.52,117639.98,117608.52,117639.98,10.29679
2025-07-12 22:20:00+03:00,117639.97,117639.98,117536.95,117536.95,25.40455
2025-07-12 22:25:00+03:00,117536.95,117536.95,117440.43,117440.43,56.93326
2025-07-12 22:30:00+03:00,117440.43,117475.37,117439.72,117475.37,76.95673
2025-07-12 22:35:00+03:00,117475.37,117553.38,117475.36,117547.62,28.4398
2025-07-12 22:40:00+03:00,117547.62,117595.13,117547.62,117595.12,14.35642
2025-07-12 22:45:00+03:00,117595.12,117620.0,117595.12,117596.77,11.59287
2025-07-12 22:50:00+03:00,117596.77,117596.77,117560.69,117560.69,9.20758
2025-07-12 22:55:00+03:00,117560.69,117560.7,117527.02,117550.96,14.26219
2025-07-12 23:00:00+03:00,117550.96,117550.96,117515.29,117546.24,8.60136
2025-07-12 23:05:00+03:00,117546.24,117546.24,117473.84,117510.02,10.08418
2025-07-12 23:10:00+03:00,117510.02,117510.02,117451.43,117451.43,6.71247
2025-07-12 23:15:00+03:00,117451.44,117451.44,117429.19,117429.2,6.56615
2025-07-12 23:20:00+03:00,117429.2,117452.7,117419.79,117452.7,9.65077
2025-07-12 23:25:00+03:00,117452.7,117461.49,117442.95,117442.96,14.04093
2025-07-12 23:30:00+03:00,117442.96,117442.96,117365.45,117370.56,10.61726
2025-07-12 23:35:00+03:00,117370.57,117370.57,117356.58,117356.58,5.77229
2025-07-12 23:40:00+03:00,117356.58,117356.59,117330.0,117346.4,5.69413
2025-07-12 23:45:00+03:00,117346.4,117346.41,117346.39,117346.39,3.50079
2025-07-12 23:50:00+03:00,117346.4,117356.58,117188.02,117197.94,32.64595
2025-07-12 23:55:00+03:00,117197.94,117197.95,117023.35,117023.36,40.63398
2025-07-13 00:00:00+03:00,117023.36,117248.06,117000.01,117169.69,27.06966
2025-07-13 00:05:00+03:00,117169.7,117293.2,117169.69,117260.0,12.55452
2025-07-13 00:10:00+03:00,117260.01,117260.01,117122.69,117140.0,24.59915
2025-07-13 00:15:00+03:00,117139.99,117272.41,117139.99,117215.77,20.67964
2025-07-13 00:20:00+03:00,117215.78,117260.6,117215.77,117260.59,7.24142
2025-07-13 00:25:00+03:00,117260.59,117336.03,117260.59,117315.87,13.89521
2025-07-13 00:30:00+03:00,117315.87,117346.34,117290.0,117346.34,11.11178
2025-07-13 00:35:00+03:00,117346.34,117470.08,117346.33,117444.39,16.72341
2025-07-13 00:40:00+03:00,117444.39,117555.5,117422.52,117555.5,13.13516
2025-07-13 00:45:00+03:00,117555.5,117555.5,117415.13,117415.13,12.39273
2025-07-13 00:50:00+03:00,117415.13,117450.86,117391.77,117450.86,28.40005
2025-07-13 00:55:00+03:00,117450.86,117485.22,117450.85,117485.22,19.2446
2025-07-13 01:00:00+03:00,117485.21,117563.75,117485.21,117499.49,43.27602
2025-07-13 01:05:00+03:00,117499.5,117499.5,117417.52,117462.31,60.59441
2025-07-13 01:10:00+03:00,117462.3,117462.31,117433.39,117460.04,15.17904
2025-07-13 01:15:00+03:00,117460.05,117460.06,117312.04,117339.99,16.64265
2025-07-13 01:20:00+03:00,117340.0,117420.61,117339.99,117397.44,5.7081
2025-07-13 01:25:00+03:00,117397.44,117456.01,117397.44,117456.01,11.21647
2025-07-13 01:30:00+03:00,117456.01,117517.42,117456.0,117481.7,20.04586
2025-07-13 01:35:00+03:00,117481.71,117481.71,117416.8,117416.8,6.16932
2025-07-13 01:40:00+03:00,117416.81,117432.04,117385.42,117395.99,28.81013
2025-07-13 01:45:00+03:00,117396.0,117404.0,117344.0,117344.0,8.71978
2025-07-13 01:50:00+03:00,117344.01,117385.4,117344.0,117376.55,11.76761
2025-07-13 01:55:00+03:00,117376.55,117385.38,117376.55,117385.37,5.02072
2025-07-13 02:00:00+03:00,117385.38,117411.27,117365.13,117365.13,4.32706
2025-07-13 02:05:00+03:00,117365.13,117365.14,117280.0,117284.0,9.11367
2025-07-13 02:10:00+03:00,117284.0,117284.0,117219.53,117252.0,6.84363
2025-07-13 02:15:00+03:00,117252.0,117354.0,117251.99,117286.12,11.35864
2025-07-13 02:20:00+03:00,117286.12,117321.05,117286.11,117321.04,4.96556
2025-07-13 02:25:00+03:00,117321.05,117321.05,117279.37,117288.0,8.50267
2025-07-13 02:30:00+03:00,117288.0,117317.21,117287.99,117312.01,6.01003
2025-07-13 02:35:00+03:00,117312.01,117312.01,117291.67,117291.67,4.93558
2025-07-13 02:40:00+03:00,117291.67,117291.68,117258.96,117258.97,11.83972
2025-07-13 02:45:00+03:00,117258.97,117440.0,117258.96,117439.99,33.95309
2025-07-13 02:50:00+03:00,117439.99,117460.02,117378.74,117399.98,10.98932
