timestamp,close,sma_short,sma_long,signal
2025-07-09 15:40:00+03:00,109450.0,,,0
2025-07-09 15:45:00+03:00,109454.0,,,0
2025-07-09 15:50:00+03:00,109403.0,,,0
2025-07-09 15:55:00+03:00,109330.77,,,0
2025-07-09 16:00:00+03:00,109455.0,,,0
2025-07-09 16:05:00+03:00,109728.99,,,0
2025-07-09 16:10:00+03:00,109707.9,,,0
2025-07-09 16:15:00+03:00,109666.01,,,0
2025-07-09 16:20:00+03:00,109584.32,,,0
2025-07-09 16:25:00+03:00,109576.59,109535.66,,0
2025-07-09 16:30:00+03:00,109466.0,109537.26,,0
2025-07-09 16:35:00+03:00,109444.33,109536.29,,0
2025-07-09 16:40:00+03:00,109444.0,109540.39,,0
2025-07-09 16:45:00+03:00,109563.41,109563.66,,0
2025-07-09 16:50:00+03:00,109347.19,109552.87,,0
2025-07-09 16:55:00+03:00,109184.0,109498.38,,0
2025-07-09 17:00:00+03:00,109156.0,109443.19,,0
2025-07-09 17:05:00+03:00,109206.61,109397.24,,0
2025-07-09 17:10:00+03:00,109268.72,109365.69,,0
2025-07-09 17:15:00+03:00,109341.27,109342.15,,0
2025-07-09 17:20:00+03:00,109377.32,109333.28,,0
2025-07-09 17:25:00+03:00,108908.94,109279.75,,0
2025-07-09 17:30:00+03:00,108801.66,109215.51,,0
2025-07-09 17:35:00+03:00,108606.3,109119.8,,0
2025-07-09 17:40:00+03:00,108716.59,109056.74,,0
2025-07-09 17:45:00+03:00,108681.68,109006.51,,0
2025-07-09 17:50:00+03:00,108780.03,108968.91,,0
2025-07-09 17:55:00+03:00,108900.29,108938.28,,0
2025-07-09 18:00:00+03:00,109180.01,108929.41,,0
2025-07-09 18:05:00+03:00,109028.02,108898.08,,0
2025-07-09 18:10:00+03:00,108829.09,108843.26,,0
2025-07-09 18:15:00+03:00,108973.98,108849.76,,0
2025-07-09 18:20:00+03:00,109014.63,108871.06,,0
2025-07-09 18:25:00+03:00,108993.0,108909.73,,0
2025-07-09 18:30:00+03:00,108969.14,108934.99,,0
2025-07-09 18:35:00+03:00,108849.76,108951.8,,0
2025-07-09 18:40:00+03:00,108875.99,108961.39,,0
2025-07-09 18:45:00+03:00,108982.2,108969.58,,0
2025-07-09 18:50:00+03:00,109047.77,108956.36,,0
2025-07-09 18:55:00+03:00,109071.32,108960.69,,0
2025-07-09 19:00:00+03:00,109085.28,108986.31,,0
2025-07-09 19:05:00+03:00,109098.15,108998.72,,0
2025-07-09 19:10:00+03:00,109139.41,109011.2,,0
2025-07-09 19:15:00+03:00,109216.0,109033.5,,0
2025-07-09 19:20:00+03:00,109159.98,109052.59,,0
2025-07-09 19:25:00+03:00,109203.85,109088.0,,0
2025-07-09 19:30:00+03:00,109312.89,109131.69,,0
2025-07-09 19:35:00+03:00,109269.66,109160.43,,0
2025-07-09 19:40:00+03:00,109314.2,109187.07,,0
2025-07-09 19:45:00+03:00,109399.99,109219.94,109191.3,1
2025-07-09 19:50:00+03:00,109415.01,109252.91,109190.6,1
2025-07-09 19:55:00+03:00,109408.71,109283.97,109189.7,1
2025-07-09 20:00:00+03:00,109268.99,109296.93,109187.02,1
2025-07-09 20:05:00+03:00,109416.61,109316.99,109188.74,1
2025-07-09 20:10:00+03:00,109267.87,109327.78,109184.99,1
2025-07-09 20:15:00+03:00,109237.66,109331.16,109175.17,1
2025-07-09 20:20:00+03:00,109218.99,109321.77,109165.39,1
2025-07-09 20:25:00+03:00,109123.7,109307.17,109154.54,1
2025-07-09 20:30:00+03:00,109058.8,109281.63,109144.03,1
2025-07-09 20:35:00+03:00,109145.99,109256.23,109135.42,1
2025-07-09 20:40:00+03:00,109154.8,109230.21,109129.2,1
2025-07-09 20:45:00+03:00,109110.0,109200.34,109122.51,1
2025-07-09 20:50:00+03:00,109125.1,109185.95,109116.13,1
2025-07-09 20:55:00+03:00,109168.0,109161.09,109108.22,1
2025-07-09 21:00:00+03:00,109195.83,109153.89,109105.2,1
2025-07-09 21:05:00+03:00,109450.72,109175.19,109110.53,1
2025-07-09 21:10:00+03:00,109469.99,109200.29,109116.81,1
2025-07-09 21:15:00+03:00,109453.0,109233.22,109121.74,1
2025-07-09 21:20:00+03:00,109558.61,109283.2,109127.54,1
2025-07-09 21:25:00+03:00,109550.0,109323.61,109131.71,1
2025-07-09 21:30:00+03:00,109468.6,109354.99,109133.54,1
2025-07-09 21:35:00+03:00,109483.43,109392.33,109145.03,1
2025-07-09 21:40:00+03:00,109393.05,109419.12,109156.85,1
2025-07-09 21:45:00+03:00,109485.23,109450.85,109174.43,1
2025-07-09 21:50:00+03:00,109500.01,109481.26,109190.1,1
2025-07-09 21:55:00+03:00,109536.49,109489.84,109207.2,1
2025-07-09 22:00:00+03:00,109558.83,109498.72,109222.77,1
2025-07-09 22:05:00+03:00,109532.0,109506.62,109235.41,1
2025-07-09 22:10:00+03:00,109656.59,109516.42,109244.94,1
2025-07-09 22:15:00+03:00,109955.38,109556.96,109263.49,1
2025-07-09 22:20:00+03:00,110200.39,109630.14,109290.91,1
2025-07-09 22:25:00+03:00,110346.01,109716.4,109318.35,1
2025-07-09 22:30:00+03:00,110412.99,109818.39,109346.32,1
2025-07-09 22:35:00+03:00,110927.04,109962.57,109385.0,1
2025-07-09 22:40:00+03:00,111390.91,110151.66,109433.44,1
2025-07-09 22:45:00+03:00,111543.33,110352.35,109487.31,1
2025-07-09 22:50:00+03:00,111888.97,110585.36,109547.57,1
2025-07-09 22:55:00+03:00,111750.0,110807.16,109602.92,1
2025-07-09 23:00:00+03:00,111584.0,110999.9,109653.65,1
2025-07-09 23:05:00+03:00,111184.0,111122.76,109695.9,1
2025-07-09 23:10:00+03:00,111350.85,111237.81,109741.21,1
2025-07-09 23:15:00+03:00,111269.41,111330.15,109784.64,1
2025-07-09 23:20:00+03:00,111088.99,111397.75,109823.63,1
2025-07-09 23:25:00+03:00,111005.87,111405.63,109859.43,1
2025-07-09 23:30:00+03:00,110969.37,111363.48,109895.61,1
2025-07-09 23:35:00+03:00,110911.81,111300.33,109929.77,1
2025-07-09 23:40:00+03:00,110999.99,111211.43,109963.52,1
2025-07-09 23:45:00+03:00,110815.63,111117.99,109994.43,1
2025-07-09 23:50:00+03:00,110620.0,111021.59,110020.55,1
2025-07-09 23:55:00+03:00,110714.97,110974.69,110046.85,1
2025-07-10 00:00:00+03:00,111082.32,110947.84,110080.2,1
2025-07-10 00:05:00+03:00,111081.87,110929.08,110113.66,1
2025-07-10 00:10:00+03:00,111040.99,110924.28,110149.1,1
2025-07-10 00:15:00+03:00,111095.1,110933.2,110182.67,1
2025-07-10 00:20:00+03:00,111229.57,110959.22,110221.9,1
2025-07-10 00:25:00+03:00,111220.87,110990.13,110261.57,1
2025-07-10 00:30:00+03:00,111007.91,110990.92,110297.35,1
2025-07-10 00:35:00+03:00,110944.01,111003.76,110333.75,1
2025-07-10 00:40:00+03:00,111061.37,111047.9,110373.8,1
2025-07-10 00:45:00+03:00,111015.07,111077.91,110411.19,1
2025-07-10 00:50:00+03:00,110960.74,111065.75,110447.3,1
2025-07-10 00:55:00+03:00,110818.36,111039.4,110481.47,1
2025-07-10 01:00:00+03:00,111006.0,111035.9,110519.09,1
2025-07-10 01:05:00+03:00,111155.28,111041.92,110558.84,1
2025-07-10 01:10:00+03:00,111295.98,111048.56,110600.84,1
2025-07-10 01:15:00+03:00,111325.01,111058.97,110638.32,1
2025-07-10 01:20:00+03:00,111181.02,111076.28,110672.54,1
2025-07-10 01:25:00+03:00,111084.55,111090.34,110705.18,1
2025-07-10 01:30:00+03:00,111130.02,111097.2,110736.6,1
2025-07-10 01:35:00+03:00,111188.99,111114.6,110769.38,1
2025-07-10 01:40:00+03:00,111306.6,111149.18,110806.14,1
2025-07-10 01:45:00+03:00,111399.99,111207.34,110844.47,1
2025-07-10 01:50:00+03:00,111323.13,111239.06,110883.08,1
2025-07-10 01:55:00+03:00,111382.17,111261.75,110921.02,1
2025-07-10 02:00:00+03:00,111277.37,111259.88,110956.56,1
2025-07-10 02:05:00+03:00,111388.03,111266.19,110993.59,1
2025-07-10 02:10:00+03:00,111343.4,111282.42,111029.28,1
2025-07-10 02:15:00+03:00,111449.99,111318.97,111067.64,1
2025-07-10 02:20:00+03:00,111486.13,111354.58,111104.24,1
2025-07-10 02:25:00+03:00,111404.2,111376.1,111133.21,1
2025-07-10 02:30:00+03:00,111445.09,111389.95,111158.11,1
2025-07-10 02:35:00+03:00,111411.82,111391.13,111179.42,1
2025-07-10 02:40:00+03:00,111364.0,111395.22,111198.44,1
2025-07-10 02:45:00+03:00,111323.76,111389.38,111206.38,1
2025-07-10 02:50:00+03:00,111279.83,111389.62,111204.15,1
2025-07-10 02:55:00+03:00,111233.99,111374.22,111197.97,1
2025-07-10 03:00:00+03:00,111277.48,111367.63,111185.74,1
2025-07-10 03:05:00+03:00,111264.0,111349.03,111176.02,1
2025-07-10 03:10:00+03:00,111275.05,111327.92,111169.84,1
2025-07-10 03:15:00+03:00,111264.97,111314.0,111171.46,1
2025-07-10 03:20:00+03:00,111217.43,111291.23,111168.79,1
2025-07-10 03:25:00+03:00,111147.33,111264.78,111166.35,1
2025-07-10 03:30:00+03:00,111111.0,111239.48,111166.79,1
2025-07-10 03:35:00+03:00,111038.76,111210.98,111167.45,1
2025-07-10 03:40:00+03:00,111018.52,111184.85,111168.43,1
2025-07-10 03:45:00+03:00,111058.0,111167.25,111171.35,-1
2025-07-10 03:50:00+03:00,111001.01,111139.61,111171.37,-1
2025-07-10 03:55:00+03:00,110916.66,111104.87,111173.39,-1
2025-07-10 04:00:00+03:00,110948.68,111072.24,111179.97,-1
2025-07-10 04:05:00+03:00,110923.67,111038.11,111184.14,-1
2025-07-10 04:10:00+03:00,111000.0,111016.36,111182.5,-1
2025-07-10 04:15:00+03:00,111087.86,111010.42,111182.62,-1
2025-07-10 04:20:00+03:00,111063.99,111005.72,111183.08,-1
2025-07-10 04:25:00+03:00,111096.04,111011.44,111183.09,-1
2025-07-10 04:30:00+03:00,111156.34,111025.22,111181.63,-1
2025-07-10 04:35:00+03:00,111199.99,111039.42,111181.21,-1
2025-07-10 04:40:00+03:00,111185.95,111057.92,111184.77,-1
2025-07-10 04:45:00+03:00,111177.19,111083.97,111189.44,-1
2025-07-10 04:50:00+03:00,111324.83,111121.59,111194.71,-1
2025-07-10 04:55:00+03:00,111189.71,111148.19,111198.2,-1
2025-07-10 05:00:00+03:00,111281.96,111176.39,111204.62,-1
2025-07-10 05:05:00+03:00,111309.02,111198.5,111214.44,-1
2025-07-10 05:10:00+03:00,111373.23,111229.43,111221.78,1
2025-07-10 05:15:00+03:00,111392.57,111259.08,111226.53,1
2025-07-10 05:20:00+03:00,111438.63,111287.31,111229.38,1
2025-07-10 05:25:00+03:00,111295.97,111296.91,111228.8,1
2025-07-10 05:30:00+03:00,111240.0,111302.31,111229.98,1
2025-07-10 05:35:00+03:00,111200.0,111304.59,111232.29,1
2025-07-10 05:40:00+03:00,111179.99,111290.11,111233.29,1
2025-07-10 05:45:00+03:00,111233.33,111294.47,111234.17,1
2025-07-10 05:50:00+03:00,111170.0,111283.27,111231.44,1
2025-07-10 05:55:00+03:00,111213.91,111273.76,111227.72,1
2025-07-10 06:00:00+03:00,111200.0,111256.44,111225.26,1
2025-07-10 06:05:00+03:00,111192.3,111236.41,111221.46,1
2025-07-10 06:10:00+03:00,111131.3,111205.68,111218.54,-1
2025-07-10 06:15:00+03:00,111162.15,111192.3,111214.02,-1
2025-07-10 06:20:00+03:00,111090.01,111177.3,111208.95,-1
2025-07-10 06:25:00+03:00,111054.27,111162.73,111201.04,-1
2025-07-10 06:30:00+03:00,111017.31,111146.46,111191.66,-1
2025-07-10 06:35:00+03:00,111048.36,111127.96,111184.55,-1
2025-07-10 06:40:00+03:00,111014.13,111112.37,111175.93,-1
2025-07-10 06:45:00+03:00,111046.21,111095.6,111168.61,-1
2025-07-10 06:50:00+03:00,111068.29,111082.43,111162.7,-1
2025-07-10 06:55:00+03:00,111074.51,111070.65,111157.71,-1
2025-07-10 07:00:00+03:00,111011.04,111058.63,111152.34,-1
2025-07-10 07:05:00+03:00,110962.62,111038.68,111146.91,-1
2025-07-10 07:10:00+03:00,110953.23,111025.0,111140.43,-1
2025-07-10 07:15:00+03:00,110984.36,111018.01,111134.83,-1
2025-07-10 07:20:00+03:00,111020.24,111018.3,111129.74,-1
2025-07-10 07:25:00+03:00,111055.3,111018.99,111125.54,-1
2025-07-10 07:30:00+03:00,111099.1,111027.49,111123.18,-1
2025-07-10 07:35:00+03:00,111094.81,111032.35,111122.13,-1
2025-07-10 07:40:00+03:00,111148.52,111040.37,111122.88,-1
2025-07-10 07:45:00+03:00,111164.34,111049.36,111125.39,-1
2025-07-10 07:50:00+03:00,111115.22,111059.77,111127.32,-1
2025-07-10 07:55:00+03:00,111150.0,111078.51,111129.16,-1
2025-07-10 08:00:00+03:00,111068.47,111090.04,111130.51,-1
2025-07-10 08:05:00+03:00,110980.0,111089.6,111131.78,-1
2025-07-10 08:10:00+03:00,110986.91,111086.27,111132.54,-1
2025-07-10 08:15:00+03:00,110971.0,111077.84,111133.49,-1
2025-07-10 08:20:00+03:00,110940.26,111061.95,111132.3,-1
2025-07-10 08:25:00+03:00,110993.61,111051.83,111130.41,-1
2025-07-10 08:30:00+03:00,110950.7,111032.05,111128.14,-1
2025-07-10 08:35:00+03:00,110950.71,111010.69,111125.24,-1
2025-07-10 08:40:00+03:00,110950.71,110994.24,111121.13,-1
2025-07-10 08:45:00+03:00,110949.4,110974.18,111116.11,-1
2025-07-10 08:50:00+03:00,111042.38,110971.57,111113.24,-1
2025-07-10 08:55:00+03:00,111086.14,110982.18,111111.42,-1
2025-07-10 09:00:00+03:00,111157.01,110999.19,111108.06,-1
2025-07-10 09:05:00+03:00,111095.28,111011.62,111106.18,-1
2025-07-10 09:10:00+03:00,111142.0,111031.79,111103.38,-1
2025-07-10 09:15:00+03:00,111153.32,111047.77,111100.26,-1
2025-07-10 09:20:00+03:00,111254.95,111078.19,111097.9,-1
2025-07-10 09:25:00+03:00,111278.66,111110.99,111095.62,1
2025-07-10 09:30:00+03:00,111254.76,111141.39,111091.94,1
2025-07-10 09:35:00+03:00,111159.2,111162.37,111089.21,1
2025-07-10 09:40:00+03:00,111141.93,111172.32,111087.24,1
2025-07-10 09:45:00+03:00,111197.07,111183.42,111087.19,1
2025-07-10 09:50:00+03:00,111258.27,111193.54,111088.75,1
2025-07-10 09:55:00+03:00,111233.34,111207.35,111088.75,1
2025-07-10 10:00:00+03:00,111249.75,111218.12,111090.35,1
2025-07-10 10:05:00+03:00,111432.45,111246.04,111094.72,1
2025-07-10 10:10:00+03:00,111394.53,111260.0,111098.61,1
2025-07-10 10:15:00+03:00,111372.0,111269.33,111102.2,1
2025-07-10 10:20:00+03:00,111336.01,111277.46,111106.3,1
2025-07-10 10:25:00+03:00,111363.89,111297.92,111110.33,1
2025-07-10 10:30:00+03:00,111349.5,111318.68,111115.52,1
2025-07-10 10:35:00+03:00,111250.01,111323.98,111119.44,1
2025-07-10 10:40:00+03:00,111277.32,111325.88,111124.64,1
2025-07-10 10:45:00+03:00,111255.01,111328.05,111128.77,1
2025-07-10 10:50:00+03:00,111224.59,111325.53,111132.98,1
2025-07-10 10:55:00+03:00,111230.0,111305.29,111136.65,1
2025-07-10 11:00:00+03:00,111146.93,111280.53,111138.23,1
2025-07-10 11:05:00+03:00,111125.01,111255.83,111139.24,1
2025-07-10 11:10:00+03:00,111123.94,111234.62,111141.5,1
2025-07-10 11:15:00+03:00,111276.91,111225.92,111147.78,1
2025-07-10 11:20:00+03:00,111263.0,111217.27,111153.98,1
2025-07-10 11:25:00+03:00,111260.33,111218.3,111159.5,1
2025-07-10 11:30:00+03:00,111274.82,111218.05,111164.59,1
2025-07-10 11:35:00+03:00,111349.96,111227.55,111170.48,1
2025-07-10 11:40:00+03:00,111386.89,111243.78,111176.24,1
2025-07-10 11:45:00+03:00,111335.06,111254.28,111181.04,1
2025-07-10 11:50:00+03:00,111243.99,111263.99,111182.95,1
2025-07-10 11:55:00+03:00,111233.33,111274.82,111184.33,1
2025-07-10 12:00:00+03:00,111189.6,111281.39,111185.82,1
2025-07-10 12:05:00+03:00,111180.32,111271.73,111186.42,1
2025-07-10 12:10:00+03:00,111160.37,111261.47,111188.26,1
2025-07-10 12:15:00+03:00,111200.01,111255.44,111192.66,1
2025-07-10 12:20:00+03:00,111115.42,111239.5,111195.23,1
2025-07-10 12:25:00+03:00,111130.0,111217.5,111198.41,1
2025-07-10 12:30:00+03:00,111127.99,111191.61,111202.17,-1
2025-07-10 12:35:00+03:00,111130.5,111171.15,111204.91,-1
2025-07-10 12:40:00+03:00,111086.28,111155.38,111207.62,-1
2025-07-10 12:45:00+03:00,111086.72,111140.72,111210.34,-1
2025-07-10 12:50:00+03:00,111084.28,111130.19,111213.01,-1
2025-07-10 12:55:00+03:00,111041.36,111116.29,111214.85,-1
2025-07-10 13:00:00+03:00,111014.7,111101.73,111214.29,-1
2025-07-10 13:05:00+03:00,111011.0,111082.82,111212.79,-1
2025-07-10 13:10:00+03:00,110991.17,111070.4,111209.47,-1
2025-07-10 13:15:00+03:00,111024.93,111059.89,111208.07,-1
2025-07-10 13:20:00+03:00,111009.88,111048.08,111205.43,-1
2025-07-10 13:25:00+03:00,111009.88,111036.02,111202.56,-1
2025-07-10 13:30:00+03:00,111048.86,111032.28,111198.43,-1
2025-07-10 13:35:00+03:00,111046.54,111028.26,111193.79,-1
2025-07-10 13:40:00+03:00,110944.01,111014.23,111187.58,-1
2025-07-10 13:45:00+03:00,110903.32,111000.43,111182.46,-1
2025-07-10 13:50:00+03:00,111035.67,111002.53,111180.33,-1
2025-07-10 13:55:00+03:00,111088.51,111010.28,111178.16,-1
2025-07-10 14:00:00+03:00,111054.84,111016.64,111174.09,-1
2025-07-10 14:05:00+03:00,111125.8,111026.73,111171.94,-1
2025-07-10 14:10:00+03:00,111081.49,111033.89,111168.58,-1
2025-07-10 14:15:00+03:00,111080.98,111041.0,111161.55,-1
2025-07-10 14:20:00+03:00,111112.47,111047.36,111155.91,-1
2025-07-10 14:25:00+03:00,111165.25,111059.23,111151.77,-1
2025-07-10 14:30:00+03:00,111090.0,111073.83,111146.85,-1
2025-07-10 14:35:00+03:00,111033.52,111086.85,111140.25,-1
2025-07-10 14:40:00+03:00,111085.67,111091.85,111134.97,-1
2025-07-10 14:45:00+03:00,111054.28,111088.43,111131.05,-1
2025-07-10 14:50:00+03:00,110988.92,111081.84,111125.29,-1
2025-07-10 14:55:00+03:00,111019.99,111071.26,111120.59,-1
2025-07-10 15:00:00+03:00,110892.21,111052.33,111113.94,-1
2025-07-10 15:05:00+03:00,110871.99,111031.43,111106.78,-1
2025-07-10 15:10:00+03:00,110812.87,111001.47,111100.1,-1
2025-07-10 15:15:00+03:00,110835.14,110968.46,111094.3,-1
2025-07-10 15:20:00+03:00,110805.13,110939.97,111087.92,-1
2025-07-10 15:25:00+03:00,110921.4,110928.76,111080.81,-1
2025-07-10 15:30:00+03:00,110854.22,110905.62,111072.64,-1
2025-07-10 15:35:00+03:00,110853.08,110885.5,111064.49,-1
2025-07-10 15:40:00+03:00,110835.76,110870.18,111055.71,-1
2025-07-10 15:45:00+03:00,110838.31,110852.01,111045.48,-1
2025-07-10 15:50:00+03:00,110820.01,110844.79,111034.14,-1
2025-07-10 15:55:00+03:00,110869.0,110844.49,111024.82,-1
2025-07-10 16:00:00+03:00,110911.27,110854.33,111018.16,-1
2025-07-10 16:05:00+03:00,110872.59,110858.08,111010.95,-1
2025-07-10 16:10:00+03:00,110899.85,110867.55,111005.16,-1
2025-07-10 16:15:00+03:00,110937.44,110869.15,111000.3,-1
2025-07-10 16:20:00+03:00,110965.18,110880.25,110996.39,-1
2025-07-10 16:25:00+03:00,111039.99,110898.94,110993.19,-1
2025-07-10 16:30:00+03:00,110708.63,110886.23,110985.06,-1
2025-07-10 16:35:00+03:00,110772.21,110879.62,110977.9,-1
2025-07-10 16:40:00+03:00,110798.3,110877.45,110971.31,-1
2025-07-10 16:45:00+03:00,110629.32,110853.48,110961.28,-1
2025-07-10 16:50:00+03:00,110829.13,110845.26,110956.14,-1
2025-07-10 16:55:00+03:00,110800.01,110838.01,110950.41,-1
2025-07-10 17:00:00+03:00,110839.99,110832.02,110945.52,-1
2025-07-10 17:05:00+03:00,110990.28,110837.3,110944.5,-1
2025-07-10 17:10:00+03:00,111095.11,110850.3,110946.11,-1
2025-07-10 17:15:00+03:00,111290.0,110875.3,110951.69,-1
2025-07-10 17:20:00+03:00,111035.0,110907.94,110952.56,-1
2025-07-10 17:25:00+03:00,110872.0,110917.91,110949.51,-1
2025-07-10 17:30:00+03:00,110972.0,110935.28,110948.75,-1
2025-07-10 17:35:00+03:00,111129.99,110985.35,110951.15,1
2025-07-10 17:40:00+03:00,111059.98,111008.44,110951.37,1
2025-07-10 17:45:00+03:00,111140.0,111042.44,110953.24,1
2025-07-10 17:50:00+03:00,111209.03,111079.34,110958.54,1
2025-07-10 17:55:00+03:00,111247.57,111105.07,110965.43,1
2025-07-10 18:00:00+03:00,111227.3,111118.29,110969.26,1
2025-07-10 18:05:00+03:00,111185.31,111107.82,110971.2,1
2025-07-10 18:10:00+03:00,110994.83,111103.8,110970.0,1
2025-07-10 18:15:00+03:00,111300.49,111146.65,110973.49,1
2025-07-10 18:20:00+03:00,111202.2,111169.67,110975.9,1
2025-07-10 18:25:00+03:00,111331.14,111189.78,110980.91,1
2025-07-10 18:30:00+03:00,111277.65,111211.55,110984.21,1
2025-07-10 18:35:00+03:00,111267.71,111224.32,110986.26,1
2025-07-10 18:40:00+03:00,111178.47,111221.27,110988.03,1
2025-07-10 18:45:00+03:00,111288.84,111225.39,110993.14,1
2025-07-10 18:50:00+03:00,111366.26,111239.29,110998.75,1
2025-07-10 18:55:00+03:00,111408.4,111261.6,111005.83,1
2025-07-10 19:00:00+03:00,111374.67,111299.58,111013.54,1
2025-07-10 19:05:00+03:00,111426.71,111312.2,111021.68,1
2025-07-10 19:10:00+03:00,111472.62,111339.25,111033.29,1
2025-07-10 19:15:00+03:00,111715.43,111377.68,111050.16,1
2025-07-10 19:20:00+03:00,112288.47,111478.76,111079.67,1
2025-07-10 19:25:00+03:00,112376.92,111589.68,111110.5,1
2025-07-10 19:30:00+03:00,112643.8,111736.21,111147.28,1
2025-07-10 19:35:00+03:00,112695.04,111876.83,111182.75,1
2025-07-10 19:40:00+03:00,112637.66,112003.97,111218.42,1
2025-07-10 19:45:00+03:00,112517.67,112114.9,111251.71,1
2025-07-10 19:50:00+03:00,112590.12,112236.44,111286.8,1
2025-07-10 19:55:00+03:00,112643.48,112358.12,111322.9,1
2025-07-10 20:00:00+03:00,112699.99,112480.86,111360.5,1
2025-07-10 20:05:00+03:00,113292.28,112638.54,111408.97,1
2025-07-10 20:10:00+03:00,113433.07,112753.0,111459.4,1
2025-07-10 20:15:00+03:00,113246.35,112839.95,111506.88,1
2025-07-10 20:20:00+03:00,113401.8,112915.75,111556.92,1
2025-07-10 20:25:00+03:00,113454.02,112991.64,111607.25,1
2025-07-10 20:30:00+03:00,113587.76,113086.65,111659.7,1
2025-07-10 20:35:00+03:00,113640.62,113198.95,111711.71,1
2025-07-10 20:40:00+03:00,113619.98,113301.94,111769.94,1
2025-07-10 20:45:00+03:00,113510.77,113388.66,111824.71,1
2025-07-10 20:50:00+03:00,113752.1,113493.88,111883.79,1
2025-07-10 20:55:00+03:00,113722.82,113536.93,111945.66,1
2025-07-10 21:00:00+03:00,113588.97,113552.52,112000.85,1
2025-07-10 21:05:00+03:00,113411.28,113569.01,112053.08,1
2025-07-10 21:10:00+03:00,113348.69,113563.7,112103.25,1
2025-07-10 21:15:00+03:00,113520.53,113570.35,112153.86,1
2025-07-10 21:20:00+03:00,113280.0,113539.58,112197.56,1
2025-07-10 21:25:00+03:00,113182.35,113493.75,112235.4,1
2025-07-10 21:30:00+03:00,113192.37,113450.99,112278.55,1
2025-07-10 21:35:00+03:00,113086.35,113408.55,112322.84,1
2025-07-10 21:40:00+03:00,113059.33,113339.27,112364.58,1
2025-07-10 21:45:00+03:00,113216.7,113288.66,112406.32,1
2025-07-10 21:50:00+03:00,113335.99,113263.36,112451.84,1
2025-07-10 21:55:00+03:00,113420.0,113264.23,112497.44,1
2025-07-10 22:00:00+03:00,113564.28,113285.79,112544.54,1
2025-07-10 22:05:00+03:00,113612.07,113294.94,112591.83,1
2025-07-10 22:10:00+03:00,113649.97,113331.94,112640.29,1
2025-07-10 22:15:00+03:00,113602.43,113373.95,112688.63,1
2025-07-10 22:20:00+03:00,113461.15,113400.83,112737.96,1
2025-07-10 22:25:00+03:00,113340.61,113426.25,112778.76,1
2025-07-10 22:30:00+03:00,113149.75,113435.3,112817.71,1
2025-07-10 22:35:00+03:00,113142.42,113427.87,112853.93,1
2025-07-10 22:40:00+03:00,113262.98,113420.57,112893.64,1
2025-07-10 22:45:00+03:00,113165.01,113395.07,112931.59,1
2025-07-10 22:50:00+03:00,113284.03,113367.04,112973.7,1
2025-07-10 22:55:00+03:00,113301.81,113336.02,113013.96,1
2025-07-10 23:00:00+03:00,113361.18,113307.14,113053.86,1
2025-07-10 23:05:00+03:00,113315.81,113278.48,113092.0,1
2025-07-10 23:10:00+03:00,113432.67,113275.63,113133.16,1
2025-07-10 23:15:00+03:00,113451.39,113286.7,113173.66,1
2025-07-10 23:20:00+03:00,113490.0,113320.73,113214.01,1
2025-07-10 23:25:00+03:00,113447.54,113351.24,113248.65,1
2025-07-10 23:30:00+03:00,113388.31,113363.78,113270.64,1
2025-07-10 23:35:00+03:00,113448.0,113392.07,113292.07,1
2025-07-10 23:40:00+03:00,113566.3,113420.3,113310.52,1
2025-07-10 23:45:00+03:00,113513.77,113441.5,113326.89,1
2025-07-10 23:50:00+03:00,113537.26,113459.11,113344.88,1
2025-07-10 23:55:00+03:00,113493.16,113476.84,113364.39,1
2025-07-11 00:00:00+03:00,113602.43,113493.82,113384.64,1
2025-07-11 00:05:00+03:00,113612.29,113509.91,113404.01,1
2025-07-11 00:10:00+03:00,113667.39,113527.64,113423.36,1
2025-07-11 00:15:00+03:00,116195.25,113802.42,113481.42,1
2025-07-11 00:20:00+03:00,116020.36,114065.62,113533.17,1
2025-07-11 00:25:00+03:00,115727.5,114293.57,113582.79,1
2025-07-11 00:30:00+03:00,116195.56,114556.5,113638.67,1
2025-07-11 00:35:00+03:00,116301.04,114835.22,113695.61,1
2025-07-11 00:40:00+03:00,116300.0,115111.5,113749.85,1
2025-07-11 00:45:00+03:00,116553.9,115417.57,113808.12,1
2025-07-11 00:50:00+03:00,116524.0,115709.73,113866.2,1
2025-07-11 00:55:00+03:00,116490.52,115997.55,113925.79,1
2025-07-11 01:00:00+03:00,116253.1,116256.12,113975.81,1
2025-07-11 01:05:00+03:00,116335.44,116270.14,114028.06,1
2025-07-11 01:10:00+03:00,116108.61,116278.97,114078.46,1
2025-07-11 01:15:00+03:00,116227.99,116329.02,114134.79,1
2025-07-11 01:20:00+03:00,115953.16,116304.78,114186.88,1
2025-07-11 01:25:00+03:00,115925.52,116267.22,114234.98,1
2025-07-11 01:30:00+03:00,115885.39,116225.76,114287.09,1
2025-07-11 01:35:00+03:00,115829.28,116153.3,114340.03,1
2025-07-11 01:40:00+03:00,115962.95,116097.2,114395.44,1
2025-07-11 01:45:00+03:00,116103.15,116058.46,114455.78,1
2025-07-11 01:50:00+03:00,116100.64,116043.21,114516.6,1
2025-07-11 01:55:00+03:00,116008.38,116010.51,114572.43,1
2025-07-11 02:00:00+03:00,115946.94,115994.34,114624.65,1
2025-07-11 02:05:00+03:00,116044.99,115976.04,114677.15,1
2025-07-11 02:10:00+03:00,116008.5,115981.57,114726.04,1
2025-07-11 02:15:00+03:00,115929.71,115981.99,114772.39,1
2025-07-11 02:20:00+03:00,115836.73,115977.13,114816.13,1
2025-07-11 02:25:00+03:00,115788.01,115973.0,114859.84,1
2025-07-11 02:30:00+03:00,115657.76,115942.48,114903.77,1
2025-07-11 02:35:00+03:00,115680.99,115900.27,114950.58,1
2025-07-11 02:40:00+03:00,115786.12,115868.81,115003.3,1
2025-07-11 02:45:00+03:00,115863.49,115854.32,115057.73,1
2025-07-11 02:50:00+03:00,116010.0,115860.63,115112.67,1
2025-07-11 02:55:00+03:00,116010.0,115857.13,115169.57,1
2025-07-11 03:00:00+03:00,116020.01,115858.28,115224.29,1
2025-07-11 03:05:00+03:00,116092.59,115874.57,115280.1,1
2025-07-11 03:10:00+03:00,115890.46,115879.94,115330.69,1
2025-07-11 03:15:00+03:00,115489.57,115850.1,115374.16,1
2025-07-11 03:20:00+03:00,115316.08,115815.93,115411.83,1
2025-07-11 03:25:00+03:00,115500.01,115797.83,115452.8,1
2025-07-11 03:30:00+03:00,115567.03,115775.92,115494.34,1
2025-07-11 03:35:00+03:00,115677.86,115757.36,115538.95,1
2025-07-11 03:40:00+03:00,115444.84,115700.84,115580.08,1
2025-07-11 03:45:00+03:00,115568.02,115656.65,115622.48,1
2025-07-11 03:50:00+03:00,115518.14,115606.46,115661.52,-1
2025-07-11 03:55:00+03:00,115590.63,115556.26,115703.06,-1
2025-07-11 04:00:00+03:00,115574.02,115524.62,115743.79,-1
2025-07-11 04:05:00+03:00,115641.97,115539.86,115786.77,-1
2025-07-11 04:10:00+03:00,115656.01,115573.85,115827.84,-1
2025-07-11 04:15:00+03:00,115765.09,115600.36,115870.89,-1
2025-07-11 04:20:00+03:00,115951.81,115638.84,115916.58,-1
2025-07-11 04:25:00+03:00,115945.46,115665.6,115911.59,-1
2025-07-11 04:30:00+03:00,115924.86,115713.6,115909.68,-1
2025-07-11 04:35:00+03:00,115938.53,115750.65,115913.9,-1
2025-07-11 04:40:00+03:00,115993.72,115798.21,115909.86,-1
2025-07-11 04:45:00+03:00,116057.4,115844.89,115904.99,-1
2025-07-11 04:50:00+03:00,115878.45,115875.33,115896.56,-1
2025-07-11 04:55:00+03:00,115967.57,115907.89,115884.83,1
2025-07-11 05:00:00+03:00,115869.86,115929.28,115871.75,1
2025-07-11 05:05:00+03:00,115709.28,115923.69,115856.12,1
2025-07-11 05:10:00+03:00,115976.45,115926.16,115850.59,1
2025-07-11 05:15:00+03:00,116196.86,115951.3,115847.82,1
2025-07-11 05:20:00+03:00,116199.99,115978.81,115849.65,1
2025-07-11 05:25:00+03:00,116279.99,116012.96,115850.69,1
2025-07-11 05:30:00+03:00,116346.99,116048.28,115858.56,1
2025-07-11 05:35:00+03:00,116463.49,116088.89,115869.32,1
2025-07-11 05:40:00+03:00,116490.01,116150.05,115881.41,1
2025-07-11 05:45:00+03:00,116594.31,116212.72,115896.71,1
2025-07-11 05:50:00+03:00,116761.08,116301.84,115912.68,1
2025-07-11 05:55:00+03:00,116672.57,116398.17,115924.07,1
2025-07-11 06:00:00+03:00,116579.88,116458.52,115933.65,1
2025-07-11 06:05:00+03:00,116593.82,116498.21,115945.36,1
2025-07-11 06:10:00+03:00,116487.76,116526.99,115956.18,1
2025-07-11 06:15:00+03:00,116534.18,116552.41,115965.96,1
2025-07-11 06:20:00+03:00,116523.75,116570.08,115976.26,1
2025-07-11 06:25:00+03:00,116525.29,116576.26,115988.18,1
2025-07-11 06:30:00+03:00,116525.62,116579.83,116001.95,1
2025-07-11 06:35:00+03:00,116473.39,116567.73,116015.66,1
2025-07-11 06:40:00+03:00,116579.99,116549.62,116034.11,1
2025-07-11 06:45:00+03:00,116745.67,116556.94,116055.4,1
2025-07-11 06:50:00+03:00,116768.94,116575.84,116075.06,1
2025-07-11 06:55:00+03:00,116881.7,116604.63,116095.42,1
2025-07-11 07:00:00+03:00,116737.04,116629.56,116109.96,1
2025-07-11 07:05:00+03:00,116642.79,116640.42,116122.62,1
2025-07-11 07:10:00+03:00,116637.37,116651.78,116134.96,1
2025-07-11 07:15:00+03:00,116619.96,116661.25,116145.51,1
2025-07-11 07:20:00+03:00,116591.19,116667.8,116159.53,1
2025-07-11 07:25:00+03:00,116553.53,116675.82,116180.8,1
2025-07-11 07:30:00+03:00,116514.37,116669.26,116204.77,1
2025-07-11 07:35:00+03:00,116520.34,116646.72,116225.18,1
2025-07-11 07:40:00+03:00,116653.99,116635.23,116246.92,1
2025-07-11 07:45:00+03:00,116834.5,116630.51,116270.05,1
2025-07-11 07:50:00+03:00,116888.06,116645.61,116298.91,1
2025-07-11 07:55:00+03:00,116918.16,116673.15,116325.92,1
2025-07-11 08:00:00+03:00,116966.93,116706.1,116354.89,1
2025-07-11 08:05:00+03:00,117276.0,116771.71,116388.6,1
2025-07-11 08:10:00+03:00,117206.41,116833.23,116421.25,1
2025-07-11 08:15:00+03:00,117200.01,116897.88,116452.41,1
2025-07-11 08:20:00+03:00,117297.08,116976.15,116485.23,1
2025-07-11 08:25:00+03:00,117493.81,117073.5,116519.8,1
2025-07-11 08:30:00+03:00,117826.9,117190.79,116557.31,1
2025-07-11 08:35:00+03:00,117848.16,117292.15,116595.36,1
2025-07-11 08:40:00+03:00,117968.76,117400.22,116636.24,1
2025-07-11 08:45:00+03:00,118301.9,117538.6,116683.51,1
2025-07-11 08:50:00+03:00,118212.6,117663.16,116727.88,1
2025-07-11 08:55:00+03:00,117860.37,117721.6,116763.94,1
2025-07-11 09:00:00+03:00,118016.78,117802.64,116806.71,1
2025-07-11 09:05:00+03:00,118305.79,117913.22,116853.47,1
2025-07-11 09:10:00+03:00,118030.36,117986.54,116896.68,1
2025-07-11 09:15:00+03:00,118150.0,118052.16,116945.5,1
2025-07-11 09:20:00+03:00,118240.0,118093.47,116990.77,1
2025-07-11 09:25:00+03:00,118140.91,118122.75,117029.65,1
2025-07-11 09:30:00+03:00,118093.46,118135.22,117067.52,1
2025-07-11 09:35:00+03:00,117982.57,118103.28,117101.57,1
2025-07-11 09:40:00+03:00,117969.0,118078.92,117134.01,1
2025-07-11 09:45:00+03:00,117848.03,118077.69,117161.7,1
2025-07-11 09:50:00+03:00,117725.89,118048.6,117186.42,1
2025-07-11 09:55:00+03:00,117648.33,117982.86,117207.5,1
2025-07-11 10:00:00+03:00,117539.73,117933.79,117223.07,1
2025-07-11 10:05:00+03:00,117483.99,117867.19,117239.3,1
2025-07-11 10:10:00+03:00,117476.06,117790.8,117257.22,1
2025-07-11 10:15:00+03:00,117614.88,117738.19,117277.65,1
2025-07-11 10:20:00+03:00,117749.44,117703.79,117302.88,1
2025-07-11 10:25:00+03:00,117876.9,117693.22,117329.73,1
2025-07-11 10:30:00+03:00,117866.32,117682.96,117356.59,1
2025-07-11 10:35:00+03:00,118003.29,117698.48,117386.15,1
2025-07-11 10:40:00+03:00,117956.66,117721.56,117414.77,1
2025-07-11 10:45:00+03:00,117860.2,117742.75,117442.5,1
2025-07-11 10:50:00+03:00,117722.61,117761.03,117465.35,1
2025-07-11 10:55:00+03:00,117526.88,117765.32,117480.98,1
2025-07-11 11:00:00+03:00,117632.15,117780.93,117498.24,1
2025-07-11 11:05:00+03:00,117687.22,117788.17,117514.35,1
2025-07-11 11:10:00+03:00,117790.85,117792.31,117535.43,1
2025-07-11 11:15:00+03:00,117900.0,117794.62,117560.57,1
2025-07-11 11:20:00+03:00,117944.5,117802.44,117586.72,1
2025-07-11 11:25:00+03:00,117985.31,117800.64,117614.02,1
2025-07-11 11:30:00+03:00,118009.62,117805.93,117642.39,1
2025-07-11 11:35:00+03:00,117942.01,117814.12,117670.16,1
2025-07-11 11:40:00+03:00,117999.98,117841.85,117699.87,1
2025-07-11 11:45:00+03:00,117980.94,117887.26,117729.09,1
2025-07-11 11:50:00+03:00,117994.92,117923.54,117755.9,1
2025-07-11 11:55:00+03:00,117964.76,117951.29,117778.51,1
2025-07-11 12:00:00+03:00,117926.29,117964.83,117799.27,1
2025-07-11 12:05:00+03:00,117987.98,117973.63,117820.67,1
2025-07-11 12:10:00+03:00,118033.16,117982.5,117842.0,1
2025-07-11 12:15:00+03:00,118134.46,117997.41,117859.16,1
2025-07-11 12:20:00+03:00,118173.46,118013.8,117878.51,1
2025-07-11 12:25:00+03:00,118170.45,118036.64,117897.91,1
2025-07-11 12:30:00+03:00,118420.01,118078.64,117920.37,1
2025-07-11 12:35:00+03:00,118783.94,118158.94,117946.18,1
2025-07-11 12:40:00+03:00,118583.87,118217.84,117961.32,1
2025-07-11 12:45:00+03:00,118712.0,118292.56,117978.59,1
2025-07-11 12:50:00+03:00,118467.81,118346.71,117988.57,1
2025-07-11 12:55:00+03:00,118470.34,118394.95,117991.94,1
2025-07-11 13:00:00+03:00,118374.15,118429.05,117995.17,1
2025-07-11 13:05:00+03:00,118306.37,118446.24,118004.09,1
2025-07-11 13:10:00+03:00,118120.39,118440.93,118006.16,1
2025-07-11 13:15:00+03:00,118065.9,118430.48,118001.37,1
2025-07-11 13:20:00+03:00,118297.8,118418.26,118006.72,1
2025-07-11 13:25:00+03:00,118228.54,118362.72,118008.29,1
2025-07-11 13:30:00+03:00,118160.01,118320.33,118006.69,1
2025-07-11 13:35:00+03:00,118056.7,118254.8,118005.0,1
2025-07-11 13:40:00+03:00,118083.33,118216.35,118004.8,1
2025-07-11 13:45:00+03:00,118117.79,118181.1,118007.5,1
2025-07-11 13:50:00+03:00,118093.63,118153.05,118010.0,1
2025-07-11 13:55:00+03:00,117983.78,118120.79,118012.71,1
2025-07-11 14:00:00+03:00,118107.6,118119.51,118020.35,1
2025-07-11 14:05:00+03:00,118000.0,118112.92,118027.38,1
2025-07-11 14:10:00+03:00,117727.88,118055.93,118031.14,1
2025-07-11 14:15:00+03:00,117647.57,117997.83,118034.41,-1
2025-07-11 14:20:00+03:00,117653.81,117947.21,118037.97,-1
2025-07-11 14:25:00+03:00,117684.22,117909.96,118039.36,-1
2025-07-11 14:30:00+03:00,117737.99,117875.43,118039.13,-1
2025-07-11 14:35:00+03:00,117784.34,117842.08,118037.28,-1
2025-07-11 14:40:00+03:00,117763.01,117809.02,118035.21,-1
2025-07-11 14:45:00+03:00,117705.57,117781.2,118029.26,-1
2025-07-11 14:50:00+03:00,117945.31,117764.97,118029.03,-1
2025-07-11 14:55:00+03:00,117821.91,117747.16,118028.26,-1
2025-07-11 15:00:00+03:00,117980.5,117772.42,118033.42,-1
2025-07-11 15:05:00+03:00,118035.4,117811.21,118043.59,-1
2025-07-11 15:10:00+03:00,118235.01,117869.33,118055.65,-1
2025-07-11 15:15:00+03:00,118060.21,117906.92,118063.11,-1
2025-07-11 15:20:00+03:00,117898.85,117923.01,118065.27,-1
2025-07-11 15:25:00+03:00,117751.03,117919.68,118062.29,-1
2025-07-11 15:30:00+03:00,117870.16,117930.4,118060.8,-1
2025-07-11 15:35:00+03:00,117819.76,117941.81,118057.49,-1
2025-07-11 15:40:00+03:00,117762.86,117923.57,118052.56,-1
2025-07-11 15:45:00+03:00,117752.01,117916.58,118048.76,-1
2025-07-11 15:50:00+03:00,117790.66,117897.6,118044.57,-1
2025-07-11 15:55:00+03:00,117878.11,117881.87,118042.51,-1
2025-07-11 16:00:00+03:00,117955.22,117853.89,118041.72,-1
2025-07-11 16:05:00+03:00,117800.28,117827.89,118038.43,-1
2025-07-11 16:10:00+03:00,117791.99,117817.21,118035.74,-1
2025-07-11 16:15:00+03:00,117700.1,117812.12,118029.98,-1
2025-07-11 16:20:00+03:00,117794.44,117804.54,118025.21,-1
2025-07-11 16:25:00+03:00,117651.34,117787.7,118015.55,-1
2025-07-11 16:30:00+03:00,117396.0,117751.01,118000.0,-1
2025-07-11 16:35:00+03:00,117634.45,117739.26,117989.28,-1
2025-07-11 16:40:00+03:00,117451.0,117705.29,117969.9,-1
2025-07-11 16:45:00+03:00,117731.61,117690.64,117948.85,-1
2025-07-11 16:50:00+03:00,117740.86,117669.21,117931.99,-1
2025-07-11 16:55:00+03:00,117989.18,117688.1,117917.54,-1
2025-07-11 17:00:00+03:00,117951.21,117704.02,117907.2,-1
2025-07-11 17:05:00+03:00,117839.39,117717.95,117894.58,-1
2025-07-11 17:10:00+03:00,117956.0,117734.1,117886.22,-1
2025-07-11 17:15:00+03:00,117797.66,117748.74,117876.05,-1
2025-07-11 17:20:00+03:00,117892.1,117798.35,117871.48,-1
2025-07-11 17:25:00+03:00,117925.27,117827.43,117868.67,-1
2025-07-11 17:30:00+03:00,118082.45,117890.57,117864.36,1
2025-07-11 17:35:00+03:00,117994.58,117916.87,117859.68,1
2025-07-11 17:40:00+03:00,118028.6,117945.64,117857.05,1
2025-07-11 17:45:00+03:00,118011.99,117947.92,117856.16,1
2025-07-11 17:50:00+03:00,117619.99,117914.8,117846.89,1
2025-07-11 17:55:00+03:00,117858.16,117916.68,117841.7,1
2025-07-11 18:00:00+03:00,117882.4,117909.32,117837.48,1
2025-07-11 18:05:00+03:00,117836.0,117913.15,117834.52,1
2025-07-11 18:10:00+03:00,117644.22,117888.37,117825.25,1
2025-07-11 18:15:00+03:00,117761.51,117871.99,117820.48,1
2025-07-11 18:20:00+03:00,117708.43,117834.59,117820.09,1
2025-07-11 18:25:00+03:00,117759.99,117811.13,117822.34,-1
2025-07-11 18:30:00+03:00,117426.54,117750.92,117817.8,-1
2025-07-11 18:35:00+03:00,117514.59,117701.18,117814.4,-1
2025-07-11 18:40:00+03:00,117420.0,117681.18,117808.04,-1
2025-07-11 18:45:00+03:00,117187.25,117614.09,117796.1,-1
2025-07-11 18:50:00+03:00,116915.99,117517.45,117779.16,-1
2025-07-11 18:55:00+03:00,116902.59,117424.11,117763.1,-1
2025-07-11 19:00:00+03:00,116944.95,117354.18,117743.1,-1
2025-07-11 19:05:00+03:00,116736.0,117251.63,117721.38,-1
2025-07-11 19:10:00+03:00,116831.38,117163.93,117698.4,-1
2025-07-11 19:15:00+03:00,116679.05,117055.83,117671.27,-1
2025-07-11 19:20:00+03:00,117195.1,117032.69,117650.47,-1
2025-07-11 19:25:00+03:00,117261.07,117007.34,117634.49,-1
2025-07-11 19:30:00+03:00,117328.52,116998.19,117623.08,-1
2025-07-11 19:35:00+03:00,117391.74,117018.64,117615.9,-1
2025-07-11 19:40:00+03:00,117302.79,117057.32,117604.55,-1
2025-07-11 19:45:00+03:00,117214.07,117088.47,117592.43,-1
2025-07-11 19:50:00+03:00,117398.0,117133.77,117585.14,-1
2025-07-11 19:55:00+03:00,117393.39,117199.51,117577.96,-1
2025-07-11 20:00:00+03:00,117465.51,117262.92,117571.46,-1
2025-07-11 20:05:00+03:00,117688.01,117363.82,117567.66,-1
2025-07-11 20:10:00+03:00,117484.01,117392.71,117558.24,-1
2025-07-11 20:15:00+03:00,117574.97,117424.1,117553.73,-1
2025-07-11 20:20:00+03:00,117453.02,117436.55,117546.95,-1
2025-07-11 20:25:00+03:00,117514.61,117448.84,117543.24,-1
2025-07-11 20:30:00+03:00,117420.01,117460.56,117535.75,-1
2025-07-11 20:35:00+03:00,117320.01,117471.15,117529.12,-1
2025-07-11 20:40:00+03:00,117405.19,117471.87,117529.31,-1
2025-07-11 20:45:00+03:00,117521.94,117484.73,117527.06,-1
2025-07-11 20:50:00+03:00,117607.84,117498.96,117530.19,-1
2025-07-11 20:55:00+03:00,117640.0,117494.16,117528.36,-1
2025-07-11 21:00:00+03:00,117634.58,117509.22,117526.24,-1
2025-07-11 21:05:00+03:00,117540.21,117505.74,117517.26,-1
2025-07-11 21:10:00+03:00,117566.89,117517.13,117509.57,1
2025-07-11 21:15:00+03:00,117500.0,117515.67,117502.78,1
2025-07-11 21:20:00+03:00,117583.14,117531.98,117495.33,1
2025-07-11 21:25:00+03:00,117330.54,117533.03,117485.98,1
2025-07-11 21:30:00+03:00,117511.24,117543.64,117478.37,1
2025-07-11 21:35:00+03:00,117480.0,117539.44,117469.46,1
2025-07-11 21:40:00+03:00,117624.11,117541.07,117460.29,1
2025-07-11 21:45:00+03:00,117533.77,117530.45,117451.08,1
2025-07-11 21:50:00+03:00,117687.22,117535.71,117444.25,1
2025-07-11 21:55:00+03:00,117694.01,117551.09,117437.89,1
2025-07-11 22:00:00+03:00,117556.79,117550.08,117436.63,1
2025-07-11 22:05:00+03:00,117612.12,117561.29,117431.71,1
2025-07-11 22:10:00+03:00,117739.5,117576.93,117428.85,1
2025-07-11 22:15:00+03:00,117979.78,117641.85,117431.72,1
2025-07-11 22:20:00+03:00,118076.78,117698.41,117440.38,1
2025-07-11 22:25:00+03:00,117904.57,117740.87,117443.24,1
2025-07-11 22:30:00+03:00,117869.9,117765.44,117446.47,1
2025-07-11 22:35:00+03:00,117891.77,117801.24,117449.1,1
2025-07-11 22:40:00+03:00,117848.51,117817.37,117457.54,1
2025-07-11 22:45:00+03:00,117886.11,117836.58,117464.97,1
2025-07-11 22:50:00+03:00,117969.95,117877.9,117475.97,1
2025-07-11 22:55:00+03:00,118108.81,117927.57,117494.4,1
2025-07-11 23:00:00+03:00,117851.13,117938.73,117513.1,1
2025-07-11 23:05:00+03:00,117906.09,117931.36,117533.17,1
2025-07-11 23:10:00+03:00,117956.01,117919.28,117553.4,1
2025-07-11 23:15:00+03:00,117951.22,117923.95,117577.7,1
2025-07-11 23:20:00+03:00,117922.28,117929.19,117599.52,1
2025-07-11 23:25:00+03:00,117923.99,117932.41,117624.42,1
2025-07-11 23:30:00+03:00,117763.2,117923.88,117635.78,1
2025-07-11 23:35:00+03:00,117853.03,117920.57,117647.62,1
2025-07-11 23:40:00+03:00,117827.51,117906.33,117657.6,1
2025-07-11 23:45:00+03:00,117884.06,117883.85,117667.44,1
2025-07-11 23:50:00+03:00,117847.66,117883.5,117678.34,1
2025-07-11 23:55:00+03:00,117664.46,117859.34,117687.35,1
2025-07-12 00:00:00+03:00,117692.52,117832.99,117693.24,1
2025-07-12 00:05:00+03:00,117575.67,117795.44,117696.88,1
2025-07-12 00:10:00+03:00,117640.6,117767.27,117700.39,1
2025-07-12 00:15:00+03:00,117679.96,117742.87,117700.23,1
2025-07-12 00:20:00+03:00,117880.0,117754.55,117708.15,1
2025-07-12 00:25:00+03:00,117846.46,117753.89,117713.58,1
2025-07-12 00:30:00+03:00,117791.5,117750.29,117720.34,1
2025-07-12 00:35:00+03:00,117543.79,117716.26,117720.93,-1
2025-07-12 00:40:00+03:00,117480.01,117679.5,117722.13,-1
2025-07-12 00:45:00+03:00,117664.83,117679.53,117729.02,-1
2025-07-12 00:50:00+03:00,117482.9,117658.57,117730.58,-1
2025-07-12 00:55:00+03:00,117619.99,117663.0,117732.54,-1
2025-07-12 01:00:00+03:00,117636.85,117662.63,117733.12,-1
2025-07-12 01:05:00+03:00,117572.0,117651.83,117731.76,-1
2025-07-12 01:10:00+03:00,117500.01,117613.83,117729.07,-1
2025-07-12 01:15:00+03:00,117545.15,117583.7,117729.17,-1
2025-07-12 01:20:00+03:00,117400.0,117544.55,117725.83,-1
2025-07-12 01:25:00+03:00,117270.26,117517.2,117721.24,-1
2025-07-12 01:30:00+03:00,117661.76,117535.38,117722.81,-1
2025-07-12 01:35:00+03:00,117374.0,117506.29,117723.68,-1
2025-07-12 01:40:00+03:00,117402.62,117498.26,117721.5,-1
2025-07-12 01:45:00+03:00,117456.21,117481.89,117721.03,-1
2025-07-12 01:50:00+03:00,117472.9,117465.49,117718.0,-1
2025-07-12 01:55:00+03:00,117615.89,117469.88,117719.65,-1
2025-07-12 02:00:00+03:00,117655.93,117485.47,117719.02,-1
2025-07-12 02:05:00+03:00,117649.53,117495.91,117718.13,-1
2025-07-12 02:10:00+03:00,117665.44,117522.45,117720.3,-1
2025-07-12 02:15:00+03:00,117654.69,117560.9,117721.16,-1
2025-07-12 02:20:00+03:00,117620.91,117556.81,117718.78,-1
2025-07-12 02:25:00+03:00,117625.79,117581.99,117711.7,-1
2025-07-12 02:30:00+03:00,117536.38,117595.37,117700.9,-1
2025-07-12 02:35:00+03:00,117612.18,117610.96,117695.05,-1
2025-07-12 02:40:00+03:00,117577.57,117621.43,117689.2,-1
2025-07-12 02:45:00+03:00,117522.27,117612.07,117681.81,-1
2025-07-12 02:50:00+03:00,117499.01,117596.38,117674.82,-1
2025-07-12 02:55:00+03:00,117527.66,117584.19,117667.65,-1
2025-07-12 03:00:00+03:00,117538.39,117571.48,117659.02,-1
2025-07-12 03:05:00+03:00,117515.74,117557.59,117647.16,-1
2025-07-12 03:10:00+03:00,117547.17,117550.22,117641.08,-1
2025-07-12 03:15:00+03:00,117489.22,117536.56,117632.74,-1
2025-07-12 03:20:00+03:00,117488.9,117531.81,117623.4,-1
2025-07-12 03:25:00+03:00,117521.09,117522.7,117614.8,-1
2025-07-12 03:30:00+03:00,117448.9,117509.84,117605.33,-1
2025-07-12 03:35:00+03:00,117263.99,117484.01,117592.13,-1
2025-07-12 03:40:00+03:00,117243.07,117458.41,117581.73,-1
2025-07-12 03:45:00+03:00,117299.99,117435.65,117570.67,-1
2025-07-12 03:50:00+03:00,117337.39,117415.55,117560.87,-1
2025-07-12 03:55:00+03:00,117407.99,117404.77,117551.34,-1
2025-07-12 04:00:00+03:00,117554.99,117405.55,117545.49,-1
2025-07-12 04:05:00+03:00,117645.63,117421.19,117545.11,-1
2025-07-12 04:10:00+03:00,117604.29,117432.73,117543.35,-1
2025-07-12 04:15:00+03:00,117674.98,117448.12,117545.34,-1
2025-07-12 04:20:00+03:00,117611.75,117464.41,117544.76,-1
2025-07-12 04:25:00+03:00,117688.43,117506.85,117544.93,-1
2025-07-12 04:30:00+03:00,117648.54,117547.4,117540.3,1
2025-07-12 04:35:00+03:00,117564.57,117573.86,117534.66,1
2025-07-12 04:40:00+03:00,117604.73,117600.59,117530.93,1
2025-07-12 04:45:00+03:00,117610.33,117620.82,117532.26,1
2025-07-12 04:50:00+03:00,117647.98,117630.12,117535.62,1
2025-07-12 04:55:00+03:00,117644.81,117630.04,117535.22,1
2025-07-12 05:00:00+03:00,117632.18,117632.83,117538.2,1
2025-07-12 05:05:00+03:00,117646.37,117629.97,117538.73,1
2025-07-12 05:10:00+03:00,117656.01,117634.39,117539.11,1
2025-07-12 05:15:00+03:00,117730.09,117638.56,117542.27,1
2025-07-12 05:20:00+03:00,117744.09,117648.12,117547.16,1
2025-07-12 05:25:00+03:00,117744.1,117666.07,117551.13,1
2025-07-12 05:30:00+03:00,117730.09,117678.61,117557.74,1
2025-07-12 05:35:00+03:00,117703.41,117687.91,117566.4,1
2025-07-12 05:40:00+03:00,117684.23,117691.54,117566.85,1
2025-07-12 05:45:00+03:00,117658.97,117692.95,117572.55,1
2025-07-12 05:50:00+03:00,117557.13,117685.45,117575.64,1
2025-07-12 05:55:00+03:00,117599.99,117680.81,117578.51,1
2025-07-12 06:00:00+03:00,117620.0,117677.21,117581.46,1
2025-07-12 06:05:00+03:00,117720.7,117676.27,117583.55,1
2025-07-12 06:10:00+03:00,117796.43,117681.5,117586.36,1
2025-07-12 06:15:00+03:00,117820.0,117689.1,117589.77,1
2025-07-12 06:20:00+03:00,117821.23,117698.21,117592.89,1
2025-07-12 06:25:00+03:00,117837.37,117711.61,117596.54,1
2025-07-12 06:30:00+03:00,117793.28,117722.51,117599.99,1
2025-07-12 06:35:00+03:00,117730.21,117729.63,117602.08,1
2025-07-12 06:40:00+03:00,117715.02,117745.42,117605.65,1
2025-07-12 06:45:00+03:00,117675.99,117753.02,117606.93,1
2025-07-12 06:50:00+03:00,117676.0,117758.62,117608.89,1
2025-07-12 06:55:00+03:00,117774.42,117764.0,117613.94,1
2025-07-12 07:00:00+03:00,117876.57,117772.01,117621.49,1
2025-07-12 07:05:00+03:00,117793.22,117769.33,117626.8,1
2025-07-12 07:10:00+03:00,117813.79,117768.59,117632.31,1
2025-07-12 07:15:00+03:00,117743.0,117759.15,117636.85,1
2025-07-12 07:20:00+03:00,117803.9,117760.21,117641.99,1
2025-07-12 07:25:00+03:00,117849.99,117772.19,117649.2,1
2025-07-12 07:30:00+03:00,117782.94,117778.98,117655.08,1
2025-07-12 07:35:00+03:00,117755.29,117786.91,117659.77,1
2025-07-12 07:40:00+03:00,117719.24,117791.24,117665.17,1
2025-07-12 07:45:00+03:00,117686.41,117782.44,117673.62,1
2025-07-12 07:50:00+03:00,117681.4,117762.92,117682.39,1
2025-07-12 07:55:00+03:00,117646.44,117748.24,117689.32,1
2025-07-12 08:00:00+03:00,117608.0,117727.66,117694.73,1
2025-07-12 08:05:00+03:00,117547.34,117708.1,117697.52,1
2025-07-12 08:10:00+03:00,117540.17,117681.72,117697.22,-1
2025-07-12 08:15:00+03:00,117575.1,117654.23,117695.81,-1
2025-07-12 08:20:00+03:00,117570.54,117632.99,117695.14,-1
2025-07-12 08:25:00+03:00,117621.06,117619.57,117694.06,-1
2025-07-12 08:30:00+03:00,117650.35,117612.68,117694.83,-1
2025-07-12 08:35:00+03:00,117678.71,117611.91,117694.63,-1
2025-07-12 08:40:00+03:00,117629.63,117606.73,117694.26,-1
2025-07-12 08:45:00+03:00,117614.88,117603.58,117695.26,-1
2025-07-12 08:50:00+03:00,117694.7,117612.25,117697.06,-1
2025-07-12 08:55:00+03:00,117689.68,117626.48,117698.65,-1
2025-07-12 09:00:00+03:00,117727.87,117645.25,117700.25,-1
2025-07-12 09:05:00+03:00,117719.99,117659.74,117701.75,-1
2025-07-12 09:10:00+03:00,117716.26,117674.31,117703.43,-1
2025-07-12 09:15:00+03:00,117741.22,117686.33,117705.33,-1
2025-07-12 09:20:00+03:00,117821.63,117703.46,117708.64,-1
2025-07-12 09:25:00+03:00,117910.0,117726.59,117712.24,1
2025-07-12 09:30:00+03:00,117961.09,117759.73,117716.58,1
2025-07-12 09:35:00+03:00,117974.99,117795.74,117721.2,1
2025-07-12 09:40:00+03:00,117948.35,117821.11,117725.56,1
2025-07-12 09:45:00+03:00,117886.28,117840.77,117729.22,1
2025-07-12 09:50:00+03:00,117913.05,117859.29,117733.8,1
2025-07-12 09:55:00+03:00,117847.66,117872.05,117737.57,1
2025-07-12 10:00:00+03:00,117864.28,117886.86,117743.71,1
2025-07-12 10:05:00+03:00,117889.5,117901.68,117749.5,1
2025-07-12 10:10:00+03:00,117964.01,117915.92,117756.38,1
2025-07-12 10:15:00+03:00,117970.09,117921.93,117761.37,1
2025-07-12 10:20:00+03:00,117935.88,117919.41,117764.16,1
2025-07-12 10:25:00+03:00,117939.51,117915.86,117766.55,1
2025-07-12 10:30:00+03:00,117822.72,117903.3,117766.58,1
2025-07-12 10:35:00+03:00,117756.43,117890.31,117764.96,1
2025-07-12 10:40:00+03:00,117733.48,117872.36,117763.77,1
2025-07-12 10:45:00+03:00,117692.2,117856.81,117763.01,1
2025-07-12 10:50:00+03:00,117684.25,117838.81,117762.39,1
2025-07-12 10:55:00+03:00,117731.99,117823.06,117763.51,1
2025-07-12 11:00:00+03:00,117830.07,117809.66,117766.59,1
2025-07-12 11:05:00+03:00,117804.41,117793.09,117767.19,1
2025-07-12 11:10:00+03:00,117830.07,117782.51,117766.26,1
2025-07-12 11:15:00+03:00,117867.99,117775.36,117767.76,1
2025-07-12 11:20:00+03:00,117867.7,117779.86,117768.83,1
2025-07-12 11:25:00+03:00,117855.9,117789.81,117771.09,1
2025-07-12 11:30:00+03:00,117830.5,117799.51,117771.62,1
2025-07-12 11:35:00+03:00,117814.02,117811.69,117770.91,1
2025-07-12 11:40:00+03:00,117808.85,117824.15,117771.42,1
2025-07-12 11:45:00+03:00,117765.91,117827.54,117771.64,1
2025-07-12 11:50:00+03:00,117801.76,117824.71,117773.29,1
2025-07-12 11:55:00+03:00,117929.65,117837.24,117778.15,1
2025-07-12 12:00:00+03:00,117905.79,117844.81,117782.64,1
2025-07-12 12:05:00+03:00,117890.79,117847.09,117787.53,1
2025-07-12 12:10:00+03:00,117888.71,117849.19,117793.14,1
2025-07-12 12:15:00+03:00,117973.49,117860.95,117801.66,1
2025-07-12 12:20:00+03:00,118032.32,117881.13,117811.51,1
2025-07-12 12:25:00+03:00,117980.0,117897.73,117819.6,1
2025-07-12 12:30:00+03:00,117922.44,117909.09,117826.64,1
2025-07-12 12:35:00+03:00,117989.53,117931.45,117834.01,1
2025-07-12 12:40:00+03:00,118054.79,117956.75,117842.1,1
2025-07-12 12:45:00+03:00,118060.0,117969.79,117849.73,1
2025-07-12 12:50:00+03:00,118184.39,117997.65,117860.82,1
2025-07-12 12:55:00+03:00,118158.78,118024.45,117871.7,1
2025-07-12 13:00:00+03:00,118064.26,118042.0,117879.09,1
2025-07-12 13:05:00+03:00,118006.91,118045.34,117885.44,1
2025-07-12 13:10:00+03:00,117980.94,118040.2,117890.5,1
2025-07-12 13:15:00+03:00,118086.96,118050.9,117897.84,1
2025-07-12 13:20:00+03:00,118043.15,118062.97,117904.37,1
2025-07-12 13:25:00+03:00,118065.91,118070.61,117910.87,1
2025-07-12 13:30:00+03:00,118122.64,118077.39,117916.89,1
2025-07-12 13:35:00+03:00,118100.41,118081.44,117920.7,1
2025-07-12 13:40:00+03:00,118100.42,118073.04,117923.48,1
2025-07-12 13:45:00+03:00,118033.16,118060.48,117924.65,1
2025-07-12 13:50:00+03:00,118068.82,118060.93,117927.06,1
2025-07-12 13:55:00+03:00,118077.32,118067.97,117930.88,1
2025-07-12 14:00:00+03:00,117989.82,118068.86,117932.41,1
2025-07-12 14:05:00+03:00,117966.34,118056.8,117934.79,1
2025-07-12 14:10:00+03:00,117944.34,118046.92,117936.39,1
2025-07-12 14:15:00+03:00,117959.58,118036.28,117937.79,1
2025-07-12 14:20:00+03:00,118009.97,118025.02,117938.71,1
2025-07-12 14:25:00+03:00,118009.96,118015.97,117939.5,1
2025-07-12 14:30:00+03:00,117939.99,117999.93,117939.59,1
2025-07-12 14:35:00+03:00,117991.62,117995.78,117940.63,1
2025-07-12 14:40:00+03:00,117676.3,117956.52,117937.7,1
2025-07-12 14:45:00+03:00,117763.99,117925.19,117937.85,-1
2025-07-12 14:50:00+03:00,117808.0,117907.01,117939.34,-1
2025-07-12 14:55:00+03:00,117810.0,117891.38,117941.7,-1
2025-07-12 15:00:00+03:00,117834.36,117880.38,117944.7,-1
2025-07-12 15:05:00+03:00,117763.28,117860.75,117945.33,-1
2025-07-12 15:10:00+03:00,117779.52,117837.7,117944.32,-1
2025-07-12 15:15:00+03:00,117721.62,117808.87,117942.66,-1
2025-07-12 15:20:00+03:00,117664.84,117781.35,117939.35,-1
2025-07-12 15:25:00+03:00,117665.6,117748.75,117935.31,-1
2025-07-12 15:30:00+03:00,117611.76,117742.3,117930.19,-1
2025-07-12 15:35:00+03:00,117509.75,117716.87,117923.27,-1
2025-07-12 15:40:00+03:00,117509.75,117687.05,117916.85,-1
2025-07-12 15:45:00+03:00,117379.99,117644.05,117908.17,-1
2025-07-12 15:50:00+03:00,117494.28,117610.04,117901.88,-1
2025-07-12 15:55:00+03:00,117559.97,117589.71,117897.76,-1
2025-07-12 16:00:00+03:00,117453.4,117557.1,117890.79,-1
2025-07-12 16:05:00+03:00,117448.51,117529.78,117881.17,-1
2025-07-12 16:10:00+03:00,117486.01,117511.9,117872.77,-1
2025-07-12 16:15:00+03:00,117348.0,117480.14,117861.92,-1
2025-07-12 16:20:00+03:00,117406.03,117459.57,117852.26,-1
2025-07-12 16:25:00+03:00,117304.7,117439.06,117838.89,-1
2025-07-12 16:30:00+03:00,117420.37,117430.13,117826.65,-1
2025-07-12 16:35:00+03:00,117409.99,117433.13,117815.25,-1
2025-07-12 16:40:00+03:00,117365.65,117420.26,117804.11,-1
2025-07-12 16:45:00+03:00,117350.59,117399.32,117791.33,-1
2025-07-12 16:50:00+03:00,117433.39,117397.32,117778.91,-1
2025-07-12 16:55:00+03:00,117500.0,117402.47,117767.71,-1
2025-07-12 17:00:00+03:00,117405.56,117394.43,117752.13,-1
2025-07-12 17:05:00+03:00,117547.75,117414.4,117739.91,-1
2025-07-12 17:10:00+03:00,117601.99,117434.0,117730.66,-1
2025-07-12 17:15:00+03:00,117654.15,117468.94,117723.61,-1
2025-07-12 17:20:00+03:00,117580.01,117484.91,117715.59,-1
2025-07-12 17:25:00+03:00,117656.71,117509.58,117706.99,-1
2025-07-12 17:30:00+03:00,117553.32,117528.35,117697.19,-1
2025-07-12 17:35:00+03:00,117410.15,117534.3,117684.07,-1
2025-07-12 17:40:00+03:00,117466.47,117537.61,117670.95,-1
2025-07-12 17:45:00+03:00,117430.72,117530.68,117657.56,-1
2025-07-12 17:50:00+03:00,117329.83,117523.11,117642.14,-1
2025-07-12 17:55:00+03:00,117389.47,117507.28,117629.27,-1
2025-07-12 18:00:00+03:00,117349.82,117482.06,117614.89,-1
2025-07-12 18:05:00+03:00,117349.99,117451.65,117600.34,-1
2025-07-12 18:10:00+03:00,117422.52,117435.9,117589.0,-1
2025-07-12 18:15:00+03:00,117417.9,117412.02,117578.03,-1
2025-07-12 18:20:00+03:00,117313.8,117388.07,117565.42,-1
2025-07-12 18:25:00+03:00,117336.34,117380.69,117552.95,-1
2025-07-12 18:30:00+03:00,117279.87,117362.03,117538.35,-1
2025-07-12 18:35:00+03:00,117098.0,117328.75,117520.11,-1
2025-07-12 18:40:00+03:00,116992.6,117295.03,117501.16,-1
2025-07-12 18:45:00+03:00,117000.3,117256.11,117481.34,-1
2025-07-12 18:50:00+03:00,116968.81,117218.01,117467.19,-1
2025-07-12 18:55:00+03:00,117100.01,117193.02,117453.91,-1
2025-07-12 19:00:00+03:00,117164.89,117167.25,117441.05,-1
2025-07-12 19:05:00+03:00,117195.5,117145.01,117428.76,-1
2025-07-12 19:10:00+03:00,117266.65,117140.3,117417.4,-1
2025-07-12 19:15:00+03:00,117320.29,117138.69,117408.54,-1
2025-07-12 19:20:00+03:00,117299.39,117140.64,117398.94,-1
2025-07-12 19:25:00+03:00,117295.49,117160.39,117390.42,-1
2025-07-12 19:30:00+03:00,117329.83,117194.12,117383.72,-1
2025-07-12 19:35:00+03:00,117329.84,117227.07,117377.0,-1
2025-07-12 19:40:00+03:00,117279.53,117258.14,117370.36,-1
2025-07-12 19:45:00+03:00,117293.03,117277.44,117366.02,-1
2025-07-12 19:50:00+03:00,117158.32,117276.79,117358.99,-1
2025-07-12 19:55:00+03:00,117191.08,117276.34,117355.22,-1
2025-07-12 20:00:00+03:00,117213.31,117271.01,117349.6,-1
2025-07-12 20:05:00+03:00,117291.68,117268.15,117344.23,-1
2025-07-12 20:10:00+03:00,117300.01,117268.21,117341.16,-1
2025-07-12 20:15:00+03:00,117371.55,117275.82,117339.62,-1
2025-07-12 20:20:00+03:00,117398.66,117282.7,117337.88,-1
2025-07-12 20:25:00+03:00,117445.55,117294.27,117339.83,-1
2025-07-12 20:30:00+03:00,117456.11,117311.93,117340.83,-1
2025-07-12 20:35:00+03:00,117449.5,117327.58,117343.73,-1
2025-07-12 20:40:00+03:00,117461.7,117357.92,117344.55,1
2025-07-12 20:45:00+03:00,117444.88,117383.3,117345.25,1
2025-07-12 20:50:00+03:00,117414.67,117403.43,117346.23,1
2025-07-12 20:55:00+03:00,117478.4,117422.1,117348.79,1
2025-07-12 21:00:00+03:00,117461.95,117438.3,117349.36,1
2025-07-12 21:05:00+03:00,117448.84,117446.03,117348.33,1
2025-07-12 21:10:00+03:00,117465.99,117452.76,117349.54,1
2025-07-12 21:15:00+03:00,117444.75,117452.68,117347.48,1
2025-07-12 21:20:00+03:00,117428.38,117449.91,117344.01,1
2025-07-12 21:25:00+03:00,117416.64,117446.62,117339.26,1
2025-07-12 21:30:00+03:00,117433.39,117443.79,117336.33,1
2025-07-12 21:35:00+03:00,117400.01,117439.3,117331.19,1
2025-07-12 21:40:00+03:00,117378.91,117435.73,117327.71,1
2025-07-12 21:45:00+03:00,117415.21,117429.41,117327.81,1
2025-07-12 21:50:00+03:00,117384.78,117421.69,117326.17,1
2025-07-12 21:55:00+03:00,117504.0,117427.21,117327.64,1
2025-07-12 22:00:00+03:00,117543.2,117434.93,117331.91,1
2025-07-12 22:05:00+03:00,117609.99,117451.45,117336.32,1
2025-07-12 22:10:00+03:00,117608.52,117469.47,117341.49,1
2025-07-12 22:15:00+03:00,117639.98,117491.8,117347.29,1
2025-07-12 22:20:00+03:00,117536.95,117502.16,117349.58,1
2025-07-12 22:25:00+03:00,117440.43,117506.2,117350.03,1
2025-07-12 22:30:00+03:00,117475.37,117515.84,117353.26,1
2025-07-12 22:35:00+03:00,117547.62,117529.08,117357.49,1
2025-07-12 22:40:00+03:00,117595.12,117550.12,117363.79,1
2025-07-12 22:45:00+03:00,117596.77,117559.39,117373.77,1
2025-07-12 22:50:00+03:00,117560.69,117561.14,117385.13,1
2025-07-12 22:55:00+03:00,117550.96,117555.24,117396.14,1
2025-07-12 23:00:00+03:00,117546.24,117549.01,117407.69,1
2025-07-12 23:05:00+03:00,117510.02,117536.02,117415.89,1
2025-07-12 23:10:00+03:00,117451.43,117527.46,117421.62,1
2025-07-12 23:15:00+03:00,117429.2,117526.34,117426.3,1
2025-07-12 23:20:00+03:00,117452.7,117524.08,117430.02,1
2025-07-12 23:25:00+03:00,117442.96,117513.61,117432.47,1
2025-07-12 23:30:00+03:00,117370.56,117491.15,117433.89,1
2025-07-12 23:35:00+03:00,117356.58,117467.13,117435.12,1
2025-07-12 23:40:00+03:00,117346.4,117445.7,117435.45,1
2025-07-12 23:45:00+03:00,117346.39,117425.25,117435.78,-1
2025-07-12 23:50:00+03:00,117197.94,117390.42,117434.15,-1
2025-07-12 23:55:00+03:00,117023.36,117341.75,117428.75,-1
2025-07-13 00:00:00+03:00,117169.69,117313.58,117428.98,-1
2025-07-13 00:05:00+03:00,117260.0,117296.66,117430.36,-1
2025-07-13 00:10:00+03:00,117140.0,117265.39,117428.89,-1
2025-07-13 00:15:00+03:00,117215.77,117242.67,117427.37,-1
2025-07-13 00:20:00+03:00,117260.59,117231.67,117426.59,-1
2025-07-13 00:25:00+03:00,117315.87,117227.6,117425.47,-1
2025-07-13 00:30:00+03:00,117346.34,117227.6,117424.43,-1
2025-07-13 00:35:00+03:00,117444.39,117237.4,117424.4,-1
2025-07-13 00:40:00+03:00,117555.5,117273.15,117426.39,-1
2025-07-13 00:45:00+03:00,117415.13,117312.33,117425.7,-1
2025-07-13 00:50:00+03:00,117450.86,117340.45,117425.49,-1
2025-07-13 00:55:00+03:00,117485.22,117362.97,117426.29,-1
2025-07-13 01:00:00+03:00,117499.49,117398.92,117427.99,-1
2025-07-13 01:05:00+03:00,117462.31,117423.57,117427.67,-1
2025-07-13 01:10:00+03:00,117460.04,117443.51,117427.63,1
2025-07-13 01:15:00+03:00,117339.99,117445.93,117425.45,1
2025-07-13 01:20:00+03:00,117397.44,117451.04,117424.08,1
2025-07-13 01:25:00+03:00,117456.01,117452.2,117424.31,1
2025-07-13 01:30:00+03:00,117481.7,117444.82,117425.37,1
2025-07-13 01:35:00+03:00,117416.8,117444.99,117425.38,1
2025-07-13 01:40:00+03:00,117395.99,117439.5,117424.63,1
2025-07-13 01:45:00+03:00,117344.0,117425.38,117423.51,1
2025-07-13 01:50:00+03:00,117376.55,117413.08,117423.46,-1
2025-07-13 01:55:00+03:00,117385.37,117405.39,117422.86,-1
2025-07-13 02:00:00+03:00,117365.13,117395.9,117422.47,-1
2025-07-13 02:05:00+03:00,117284.0,117390.3,117418.07,-1
2025-07-13 02:10:00+03:00,117252.0,117375.75,117412.25,-1
2025-07-13 02:15:00+03:00,117286.12,117358.77,117405.77,-1
2025-07-13 02:20:00+03:00,117321.04,117342.7,117400.02,-1
2025-07-13 02:25:00+03:00,117288.0,117329.82,117392.98,-1
2025-07-13 02:30:00+03:00,117312.01,117321.42,117388.48,-1
2025-07-13 02:35:00+03:00,117291.67,117316.19,117385.51,-1
2025-07-13 02:40:00+03:00,117258.97,117304.43,117381.18,-1
2025-07-13 02:45:00+03:00,117439.99,117309.89,117379.03,-1
2025-07-13 02:50:00+03:00,117399.98,117313.38,117375.12,-1
