timestamp,price,signal,position,balance_usdt,balance_btc
2025-07-08 14:30:00+03:00,108904.84,0,cash,1000.0,0.0
2025-07-08 14:35:00+03:00,108874.49,0,cash,1000.0,0.0
2025-07-08 14:40:00+03:00,108892.46,0,cash,1000.0,0.0
2025-07-08 14:45:00+03:00,108849.05,0,cash,1000.0,0.0
2025-07-08 14:50:00+03:00,108757.49,0,cash,1000.0,0.0
2025-07-08 14:55:00+03:00,108756.37,0,cash,1000.0,0.0
2025-07-08 15:00:00+03:00,108773.99,0,cash,1000.0,0.0
2025-07-08 15:05:00+03:00,108800.0,0,cash,1000.0,0.0
2025-07-08 15:10:00+03:00,108805.11,0,cash,1000.0,0.0
2025-07-08 15:15:00+03:00,108701.67,0,cash,1000.0,0.0
2025-07-08 15:20:00+03:00,108699.99,0,cash,1000.0,0.0
2025-07-08 15:25:00+03:00,108696.15,0,cash,1000.0,0.0
2025-07-08 15:30:00+03:00,108801.0,0,cash,1000.0,0.0
2025-07-08 15:35:00+03:00,108733.99,0,cash,1000.0,0.0
2025-07-08 15:40:00+03:00,108777.61,0,cash,1000.0,0.0
2025-07-08 15:45:00+03:00,108830.5,0,cash,1000.0,0.0
2025-07-08 15:50:00+03:00,108881.93,0,cash,1000.0,0.0
2025-07-08 15:55:00+03:00,108949.19,0,cash,1000.0,0.0
2025-07-08 16:00:00+03:00,108908.44,0,cash,1000.0,0.0
2025-07-08 16:05:00+03:00,108884.01,0,cash,1000.0,0.0
2025-07-08 16:10:00+03:00,108835.49,0,cash,1000.0,0.0
2025-07-08 16:15:00+03:00,108835.86,0,cash,1000.0,0.0
2025-07-08 16:20:00+03:00,108838.33,0,cash,1000.0,0.0
2025-07-08 16:25:00+03:00,108881.85,0,cash,1000.0,0.0
2025-07-08 16:30:00+03:00,108733.93,0,cash,1000.0,0.0
2025-07-08 16:35:00+03:00,108642.0,0,cash,1000.0,0.0
2025-07-08 16:40:00+03:00,109033.0,0,cash,1000.0,0.0
2025-07-08 16:45:00+03:00,109024.0,0,cash,1000.0,0.0
2025-07-08 16:50:00+03:00,108986.38,0,cash,1000.0,0.0
2025-07-08 16:55:00+03:00,109034.61,0,cash,1000.0,0.0
2025-07-08 17:00:00+03:00,108865.38,0,cash,1000.0,0.0
2025-07-08 17:05:00+03:00,108719.43,0,cash,1000.0,0.0
2025-07-08 17:10:00+03:00,108627.81,1,btc,0.0,0.009206
2025-07-08 17:15:00+03:00,108587.0,1,btc,0.0,0.009206
2025-07-08 17:20:00+03:00,108409.78,1,btc,0.0,0.009206
2025-07-08 17:25:00+03:00,108510.45,1,btc,0.0,0.009206
2025-07-08 17:30:00+03:00,108669.01,0,btc,0.0,0.009206
2025-07-08 17:35:00+03:00,108749.23,0,btc,0.0,0.009206
2025-07-08 17:40:00+03:00,108762.28,0,btc,0.0,0.009206
2025-07-08 17:45:00+03:00,108652.01,0,btc,0.0,0.009206
2025-07-08 17:50:00+03:00,108399.98,0,btc,0.0,0.009206
2025-07-08 17:55:00+03:00,108376.0,0,btc,0.0,0.009206
2025-07-08 18:00:00+03:00,108413.63,0,btc,0.0,0.009206
2025-07-08 18:05:00+03:00,108427.3,0,btc,0.0,0.009206
2025-07-08 18:10:00+03:00,108439.99,0,btc,0.0,0.009206
2025-07-08 18:15:00+03:00,108436.95,0,btc,0.0,0.009206
2025-07-08 18:20:00+03:00,108341.45,0,btc,0.0,0.009206
2025-07-08 18:25:00+03:00,108271.96,0,btc,0.0,0.009206
2025-07-08 18:30:00+03:00,108312.01,0,btc,0.0,0.009206
2025-07-08 18:35:00+03:00,108303.99,0,btc,0.0,0.009206
2025-07-08 18:40:00+03:00,108317.99,0,btc,0.0,0.009206
2025-07-08 18:45:00+03:00,108323.1,0,btc,0.0,0.009206
2025-07-08 18:50:00+03:00,108256.31,0,btc,0.0,0.009206
2025-07-08 18:55:00+03:00,108268.35,0,btc,0.0,0.009206
2025-07-08 19:00:00+03:00,108326.58,0,btc,0.0,0.009206
2025-07-08 19:05:00+03:00,108197.79,0,btc,0.0,0.009206
2025-07-08 19:10:00+03:00,108152.0,0,btc,0.0,0.009206
2025-07-08 19:15:00+03:00,108164.0,0,btc,0.0,0.009206
2025-07-08 19:20:00+03:00,108373.08,0,btc,0.0,0.009206
2025-07-08 19:25:00+03:00,108461.84,0,btc,0.0,0.009206
2025-07-08 19:30:00+03:00,108363.12,0,btc,0.0,0.009206
2025-07-08 19:35:00+03:00,108334.0,0,btc,0.0,0.009206
2025-07-08 19:40:00+03:00,108371.3,0,btc,0.0,0.009206
2025-07-08 19:45:00+03:00,108333.9,0,btc,0.0,0.009206
2025-07-08 19:50:00+03:00,108380.02,0,btc,0.0,0.009206
2025-07-08 19:55:00+03:00,108439.37,0,btc,0.0,0.009206
2025-07-08 20:00:00+03:00,108595.0,0,btc,0.0,0.009206
2025-07-08 20:05:00+03:00,108723.62,-1,cash,1000.88,0.0
2025-07-08 20:10:00+03:00,108767.94,-1,cash,1000.88,0.0
2025-07-08 20:15:00+03:00,108723.5,-1,cash,1000.88,0.0
2025-07-08 20:20:00+03:00,109002.63,-1,cash,1000.88,0.0
2025-07-08 20:25:00+03:00,108887.71,-1,cash,1000.88,0.0
2025-07-08 20:30:00+03:00,108806.84,0,cash,1000.88,0.0
2025-07-08 20:35:00+03:00,108769.21,0,cash,1000.88,0.0
2025-07-08 20:40:00+03:00,108798.42,0,cash,1000.88,0.0
2025-07-08 20:45:00+03:00,108939.2,0,cash,1000.88,0.0
2025-07-08 20:50:00+03:00,109099.98,-1,cash,1000.88,0.0
2025-07-08 20:55:00+03:00,108991.0,0,cash,1000.88,0.0
2025-07-08 21:00:00+03:00,108992.19,0,cash,1000.88,0.0
2025-07-08 21:05:00+03:00,109028.35,0,cash,1000.88,0.0
2025-07-08 21:10:00+03:00,109099.99,0,cash,1000.88,0.0
2025-07-08 21:15:00+03:00,109099.96,0,cash,1000.88,0.0
2025-07-08 21:20:00+03:00,109041.73,0,cash,1000.88,0.0
2025-07-08 21:25:00+03:00,109044.96,0,cash,1000.88,0.0
2025-07-08 21:30:00+03:00,109015.48,0,cash,1000.88,0.0
2025-07-08 21:35:00+03:00,109004.6,0,cash,1000.88,0.0
2025-07-08 21:40:00+03:00,109006.0,0,cash,1000.88,0.0
2025-07-08 21:45:00+03:00,108971.93,0,cash,1000.88,0.0
2025-07-08 21:50:00+03:00,109099.98,0,cash,1000.88,0.0
2025-07-08 21:55:00+03:00,109147.56,0,cash,1000.88,0.0
2025-07-08 22:00:00+03:00,109103.97,0,cash,1000.88,0.0
2025-07-08 22:05:00+03:00,108991.19,0,cash,1000.88,0.0
2025-07-08 22:10:00+03:00,108970.4,0,cash,1000.88,0.0
2025-07-08 22:15:00+03:00,109043.56,0,cash,1000.88,0.0
2025-07-08 22:20:00+03:00,108999.09,0,cash,1000.88,0.0
2025-07-08 22:25:00+03:00,108950.0,0,cash,1000.88,0.0
2025-07-08 22:30:00+03:00,108825.99,0,cash,1000.88,0.0
2025-07-08 22:35:00+03:00,108773.81,0,cash,1000.88,0.0
2025-07-08 22:40:00+03:00,108791.99,0,cash,1000.88,0.0
2025-07-08 22:45:00+03:00,108866.78,0,cash,1000.88,0.0
2025-07-08 22:50:00+03:00,108755.97,0,cash,1000.88,0.0
2025-07-08 22:55:00+03:00,108771.88,0,cash,1000.88,0.0
2025-07-08 23:00:00+03:00,108741.19,0,cash,1000.88,0.0
2025-07-08 23:05:00+03:00,108746.6,0,cash,1000.88,0.0
2025-07-08 23:10:00+03:00,108718.02,0,cash,1000.88,0.0
2025-07-08 23:15:00+03:00,108696.15,0,cash,1000.88,0.0
2025-07-08 23:20:00+03:00,108840.0,0,cash,1000.88,0.0
2025-07-08 23:25:00+03:00,108901.01,0,cash,1000.88,0.0
2025-07-08 23:30:00+03:00,108797.0,0,cash,1000.88,0.0
2025-07-08 23:35:00+03:00,108798.01,0,cash,1000.88,0.0
2025-07-08 23:40:00+03:00,108788.12,0,cash,1000.88,0.0
2025-07-08 23:45:00+03:00,108749.23,0,cash,1000.88,0.0
2025-07-08 23:50:00+03:00,108681.42,0,cash,1000.88,0.0
2025-07-08 23:55:00+03:00,108630.54,0,cash,1000.88,0.0
2025-07-09 00:00:00+03:00,108704.3,0,cash,1000.88,0.0
2025-07-09 00:05:00+03:00,108767.99,0,cash,1000.88,0.0
2025-07-09 00:10:00+03:00,108750.83,0,cash,1000.88,0.0
2025-07-09 00:15:00+03:00,108714.31,0,cash,1000.88,0.0
2025-07-09 00:20:00+03:00,108624.01,0,cash,1000.88,0.0
2025-07-09 00:25:00+03:00,108736.41,0,cash,1000.88,0.0
2025-07-09 00:30:00+03:00,108803.5,0,cash,1000.88,0.0
2025-07-09 00:35:00+03:00,108831.66,0,cash,1000.88,0.0
2025-07-09 00:40:00+03:00,108903.91,0,cash,1000.88,0.0
2025-07-09 00:45:00+03:00,108944.27,0,cash,1000.88,0.0
2025-07-09 00:50:00+03:00,108927.11,0,cash,1000.88,0.0
2025-07-09 00:55:00+03:00,108889.9,0,cash,1000.88,0.0
2025-07-09 01:00:00+03:00,108890.01,0,cash,1000.88,0.0
2025-07-09 01:05:00+03:00,108866.25,0,cash,1000.88,0.0
2025-07-09 01:10:00+03:00,108838.97,0,cash,1000.88,0.0
2025-07-09 01:15:00+03:00,108864.0,0,cash,1000.88,0.0
2025-07-09 01:20:00+03:00,108838.89,0,cash,1000.88,0.0
2025-07-09 01:25:00+03:00,108871.99,0,cash,1000.88,0.0
2025-07-09 01:30:00+03:00,108907.7,0,cash,1000.88,0.0
2025-07-09 01:35:00+03:00,108890.5,0,cash,1000.88,0.0
2025-07-09 01:40:00+03:00,108907.69,0,cash,1000.88,0.0
2025-07-09 01:45:00+03:00,108920.99,0,cash,1000.88,0.0
2025-07-09 01:50:00+03:00,108887.08,0,cash,1000.88,0.0
2025-07-09 01:55:00+03:00,108917.01,0,cash,1000.88,0.0
2025-07-09 02:00:00+03:00,108906.12,0,cash,1000.88,0.0
2025-07-09 02:05:00+03:00,108950.0,0,cash,1000.88,0.0
2025-07-09 02:10:00+03:00,108927.99,0,cash,1000.88,0.0
2025-07-09 02:15:00+03:00,108962.82,0,cash,1000.88,0.0
2025-07-09 02:20:00+03:00,108941.72,0,cash,1000.88,0.0
2025-07-09 02:25:00+03:00,108839.99,0,cash,1000.88,0.0
2025-07-09 02:30:00+03:00,108896.62,0,cash,1000.88,0.0
2025-07-09 02:35:00+03:00,108973.99,0,cash,1000.88,0.0
2025-07-09 02:40:00+03:00,108934.04,0,cash,1000.88,0.0
2025-07-09 02:45:00+03:00,108947.24,0,cash,1000.88,0.0
2025-07-09 02:50:00+03:00,108947.24,0,cash,1000.88,0.0
2025-07-09 02:55:00+03:00,108922.98,0,cash,1000.88,0.0
2025-07-09 03:00:00+03:00,108860.0,0,cash,1000.88,0.0
2025-07-09 03:05:00+03:00,108924.06,0,cash,1000.88,0.0
2025-07-09 03:10:00+03:00,108833.52,0,cash,1000.88,0.0
2025-07-09 03:15:00+03:00,108844.31,0,cash,1000.88,0.0
2025-07-09 03:20:00+03:00,108820.0,0,cash,1000.88,0.0
2025-07-09 03:25:00+03:00,108808.0,0,cash,1000.88,0.0
2025-07-09 03:30:00+03:00,108798.01,0,cash,1000.88,0.0
2025-07-09 03:35:00+03:00,108816.88,0,cash,1000.88,0.0
2025-07-09 03:40:00+03:00,108887.73,0,cash,1000.88,0.0
2025-07-09 03:45:00+03:00,108890.9,0,cash,1000.88,0.0
2025-07-09 03:50:00+03:00,108957.57,0,cash,1000.88,0.0
2025-07-09 03:55:00+03:00,108940.39,0,cash,1000.88,0.0
2025-07-09 04:00:00+03:00,109014.63,0,cash,1000.88,0.0
2025-07-09 04:05:00+03:00,109119.23,0,cash,1000.88,0.0
2025-07-09 04:10:00+03:00,109098.82,0,cash,1000.88,0.0
2025-07-09 04:15:00+03:00,108950.01,0,cash,1000.88,0.0
2025-07-09 04:20:00+03:00,108861.1,0,cash,1000.88,0.0
2025-07-09 04:25:00+03:00,108793.88,0,cash,1000.88,0.0
2025-07-09 04:30:00+03:00,108773.81,0,cash,1000.88,0.0
2025-07-09 04:35:00+03:00,108768.99,0,cash,1000.88,0.0
2025-07-09 04:40:00+03:00,108744.82,0,cash,1000.88,0.0
2025-07-09 04:45:00+03:00,108770.99,0,cash,1000.88,0.0
2025-07-09 04:50:00+03:00,108776.31,0,cash,1000.88,0.0
2025-07-09 04:55:00+03:00,108780.76,0,cash,1000.88,0.0
2025-07-09 05:00:00+03:00,108821.99,0,cash,1000.88,0.0
2025-07-09 05:05:00+03:00,108780.77,0,cash,1000.88,0.0
2025-07-09 05:10:00+03:00,108837.7,0,cash,1000.88,0.0
2025-07-09 05:15:00+03:00,108780.77,0,cash,1000.88,0.0
2025-07-09 05:20:00+03:00,108720.1,0,cash,1000.88,0.0
2025-07-09 05:25:00+03:00,108700.01,0,cash,1000.88,0.0
2025-07-09 05:30:00+03:00,108721.41,0,cash,1000.88,0.0
2025-07-09 05:35:00+03:00,108677.33,0,cash,1000.88,0.0
2025-07-09 05:40:00+03:00,108712.99,0,cash,1000.88,0.0
2025-07-09 05:45:00+03:00,108660.77,0,cash,1000.88,0.0
2025-07-09 05:50:00+03:00,108645.93,0,cash,1000.88,0.0
2025-07-09 05:55:00+03:00,108611.53,0,cash,1000.88,0.0
2025-07-09 06:00:00+03:00,108625.7,0,cash,1000.88,0.0
2025-07-09 06:05:00+03:00,108600.0,0,cash,1000.88,0.0
2025-07-09 06:10:00+03:00,108468.01,0,cash,1000.88,0.0
2025-07-09 06:15:00+03:00,108441.21,0,cash,1000.88,0.0
2025-07-09 06:20:00+03:00,108413.48,0,cash,1000.88,0.0
2025-07-09 06:25:00+03:00,108442.3,0,cash,1000.88,0.0
2025-07-09 06:30:00+03:00,108420.01,0,cash,1000.88,0.0
2025-07-09 06:35:00+03:00,108400.0,0,cash,1000.88,0.0
2025-07-09 06:40:00+03:00,108400.01,0,cash,1000.88,0.0
2025-07-09 06:45:00+03:00,108375.77,0,cash,1000.88,0.0
2025-07-09 06:50:00+03:00,108360.56,0,cash,1000.88,0.0
2025-07-09 06:55:00+03:00,108376.41,0,cash,1000.88,0.0
2025-07-09 07:00:00+03:00,108387.97,0,cash,1000.88,0.0
2025-07-09 07:05:00+03:00,108442.31,0,cash,1000.88,0.0
2025-07-09 07:10:00+03:00,108352.0,0,cash,1000.88,0.0
2025-07-09 07:15:00+03:00,108365.42,0,cash,1000.88,0.0
2025-07-09 07:20:00+03:00,108360.99,0,cash,1000.88,0.0
2025-07-09 07:25:00+03:00,108395.36,0,cash,1000.88,0.0
2025-07-09 07:30:00+03:00,108483.83,0,cash,1000.88,0.0
2025-07-09 07:35:00+03:00,108519.18,0,cash,1000.88,0.0
2025-07-09 07:40:00+03:00,108506.02,0,cash,1000.88,0.0
2025-07-09 07:45:00+03:00,108525.35,0,cash,1000.88,0.0
2025-07-09 07:50:00+03:00,108541.75,0,cash,1000.88,0.0
2025-07-09 07:55:00+03:00,108553.61,0,cash,1000.88,0.0
2025-07-09 08:00:00+03:00,108580.24,0,cash,1000.88,0.0
2025-07-09 08:05:00+03:00,108572.54,0,cash,1000.88,0.0
2025-07-09 08:10:00+03:00,108550.53,0,cash,1000.88,0.0
2025-07-09 08:15:00+03:00,108572.29,0,cash,1000.88,0.0
2025-07-09 08:20:00+03:00,108567.55,0,cash,1000.88,0.0
2025-07-09 08:25:00+03:00,108499.99,0,cash,1000.88,0.0
2025-07-09 08:30:00+03:00,108569.24,0,cash,1000.88,0.0
2025-07-09 08:35:00+03:00,108856.5,-1,cash,1000.88,0.0
2025-07-09 08:40:00+03:00,108865.39,-1,cash,1000.88,0.0
2025-07-09 08:45:00+03:00,108773.4,0,cash,1000.88,0.0
2025-07-09 08:50:00+03:00,108780.77,0,cash,1000.88,0.0
2025-07-09 08:55:00+03:00,108778.1,0,cash,1000.88,0.0
2025-07-09 09:00:00+03:00,108753.53,0,cash,1000.88,0.0
2025-07-09 09:05:00+03:00,108732.25,0,cash,1000.88,0.0
2025-07-09 09:10:00+03:00,108714.97,0,cash,1000.88,0.0
2025-07-09 09:15:00+03:00,108788.0,0,cash,1000.88,0.0
2025-07-09 09:20:00+03:00,108732.03,0,cash,1000.88,0.0
2025-07-09 09:25:00+03:00,108720.01,0,cash,1000.88,0.0
2025-07-09 09:30:00+03:00,108745.26,0,cash,1000.88,0.0
2025-07-09 09:35:00+03:00,108730.01,0,cash,1000.88,0.0
2025-07-09 09:40:00+03:00,108707.52,0,cash,1000.88,0.0
2025-07-09 09:45:00+03:00,108775.11,0,cash,1000.88,0.0
2025-07-09 09:50:00+03:00,108853.73,0,cash,1000.88,0.0
2025-07-09 09:55:00+03:00,108840.01,0,cash,1000.88,0.0
2025-07-09 10:00:00+03:00,108844.86,0,cash,1000.88,0.0
2025-07-09 10:05:00+03:00,108861.17,0,cash,1000.88,0.0
2025-07-09 10:10:00+03:00,108767.01,0,cash,1000.88,0.0
2025-07-09 10:15:00+03:00,108817.91,0,cash,1000.88,0.0
2025-07-09 10:20:00+03:00,108793.46,0,cash,1000.88,0.0
2025-07-09 10:25:00+03:00,108779.56,0,cash,1000.88,0.0
2025-07-09 10:30:00+03:00,108779.55,0,cash,1000.88,0.0
2025-07-09 10:35:00+03:00,108729.66,0,cash,1000.88,0.0
2025-07-09 10:40:00+03:00,108675.16,0,cash,1000.88,0.0
2025-07-09 10:45:00+03:00,108724.41,0,cash,1000.88,0.0
2025-07-09 10:50:00+03:00,108694.03,0,cash,1000.88,0.0
2025-07-09 10:55:00+03:00,108714.39,0,cash,1000.88,0.0
2025-07-09 11:00:00+03:00,108738.13,0,cash,1000.88,0.0
2025-07-09 11:05:00+03:00,108756.33,0,cash,1000.88,0.0
2025-07-09 11:10:00+03:00,108755.85,0,cash,1000.88,0.0
2025-07-09 11:15:00+03:00,108837.7,0,cash,1000.88,0.0
2025-07-09 11:20:00+03:00,108755.86,0,cash,1000.88,0.0
2025-07-09 11:25:00+03:00,108810.9,0,cash,1000.88,0.0
2025-07-09 11:30:00+03:00,108798.0,0,cash,1000.88,0.0
2025-07-09 11:35:00+03:00,108764.55,0,cash,1000.88,0.0
2025-07-09 11:40:00+03:00,108799.0,0,cash,1000.88,0.0
2025-07-09 11:45:00+03:00,108714.01,0,cash,1000.88,0.0
2025-07-09 11:50:00+03:00,108678.0,0,cash,1000.88,0.0
2025-07-09 11:55:00+03:00,108654.16,0,cash,1000.88,0.0
2025-07-09 12:00:00+03:00,108647.92,0,cash,1000.88,0.0
2025-07-09 12:05:00+03:00,108604.77,0,cash,1000.88,0.0
2025-07-09 12:10:00+03:00,108553.19,0,cash,1000.88,0.0
2025-07-09 12:15:00+03:00,108612.01,0,cash,1000.88,0.0
2025-07-09 12:20:00+03:00,108639.7,0,cash,1000.88,0.0
2025-07-09 12:25:00+03:00,108610.0,0,cash,1000.88,0.0
2025-07-09 12:30:00+03:00,108605.19,0,cash,1000.88,0.0
2025-07-09 12:35:00+03:00,108609.39,0,cash,1000.88,0.0
2025-07-09 12:40:00+03:00,108698.92,0,cash,1000.88,0.0
2025-07-09 12:45:00+03:00,108768.58,0,cash,1000.88,0.0
2025-07-09 12:50:00+03:00,108780.76,0,cash,1000.88,0.0
2025-07-09 12:55:00+03:00,108763.37,0,cash,1000.88,0.0
2025-07-09 13:00:00+03:00,108740.01,0,cash,1000.88,0.0
2025-07-09 13:05:00+03:00,108779.99,0,cash,1000.88,0.0
2025-07-09 13:10:00+03:00,108806.03,0,cash,1000.88,0.0
2025-07-09 13:15:00+03:00,108810.0,0,cash,1000.88,0.0
2025-07-09 13:20:00+03:00,108839.99,0,cash,1000.88,0.0
2025-07-09 13:25:00+03:00,108803.68,0,cash,1000.88,0.0
2025-07-09 13:30:00+03:00,108809.0,0,cash,1000.88,0.0
2025-07-09 13:35:00+03:00,108864.93,0,cash,1000.88,0.0
2025-07-09 13:40:00+03:00,108881.93,0,cash,1000.88,0.0
2025-07-09 13:45:00+03:00,108854.23,0,cash,1000.88,0.0
2025-07-09 13:50:00+03:00,108846.07,0,cash,1000.88,0.0
2025-07-09 13:55:00+03:00,108900.0,0,cash,1000.88,0.0
2025-07-09 14:00:00+03:00,108950.0,0,cash,1000.88,0.0
2025-07-09 14:05:00+03:00,108977.43,0,cash,1000.88,0.0
2025-07-09 14:10:00+03:00,109014.63,0,cash,1000.88,0.0
2025-07-09 14:15:00+03:00,109043.78,0,cash,1000.88,0.0
2025-07-09 14:20:00+03:00,109068.1,0,cash,1000.88,0.0
2025-07-09 14:25:00+03:00,109050.34,0,cash,1000.88,0.0
2025-07-09 14:30:00+03:00,109075.41,0,cash,1000.88,0.0
2025-07-09 14:35:00+03:00,108993.74,0,cash,1000.88,0.0
2025-07-09 14:40:00+03:00,109060.19,0,cash,1000.88,0.0
2025-07-09 14:45:00+03:00,109116.99,0,cash,1000.88,0.0
2025-07-09 14:50:00+03:00,109082.89,0,cash,1000.88,0.0
2025-07-09 14:55:00+03:00,109058.27,0,cash,1000.88,0.0
2025-07-09 15:00:00+03:00,109053.01,0,cash,1000.88,0.0
2025-07-09 15:05:00+03:00,109230.99,0,cash,1000.88,0.0
2025-07-09 15:10:00+03:00,109388.01,-1,cash,1000.88,0.0
2025-07-09 15:15:00+03:00,109455.0,-1,cash,1000.88,0.0
2025-07-09 15:20:00+03:00,109488.21,-1,cash,1000.88,0.0
2025-07-09 15:25:00+03:00,109493.99,-1,cash,1000.88,0.0
2025-07-09 15:30:00+03:00,109498.72,0,cash,1000.88,0.0
2025-07-09 15:35:00+03:00,109500.0,0,cash,1000.88,0.0
2025-07-09 15:40:00+03:00,109450.0,0,cash,1000.88,0.0
2025-07-09 15:45:00+03:00,109454.0,0,cash,1000.88,0.0
2025-07-09 15:50:00+03:00,109403.0,0,cash,1000.88,0.0
2025-07-09 15:55:00+03:00,109330.77,0,cash,1000.88,0.0
2025-07-09 16:00:00+03:00,109455.0,0,cash,1000.88,0.0
2025-07-09 16:05:00+03:00,109728.99,-1,cash,1000.88,0.0
2025-07-09 16:10:00+03:00,109707.9,0,cash,1000.88,0.0
2025-07-09 16:15:00+03:00,109666.01,0,cash,1000.88,0.0
2025-07-09 16:20:00+03:00,109584.32,0,cash,1000.88,0.0
2025-07-09 16:25:00+03:00,109576.59,0,cash,1000.88,0.0
2025-07-09 16:30:00+03:00,109466.0,0,cash,1000.88,0.0
2025-07-09 16:35:00+03:00,109444.33,0,cash,1000.88,0.0
2025-07-09 16:40:00+03:00,109444.0,0,cash,1000.88,0.0
2025-07-09 16:45:00+03:00,109563.41,0,cash,1000.88,0.0
2025-07-09 16:50:00+03:00,109347.19,0,cash,1000.88,0.0
2025-07-09 16:55:00+03:00,109184.0,1,btc,0.0,0.009167
2025-07-09 17:00:00+03:00,109156.0,1,btc,0.0,0.009167
2025-07-09 17:05:00+03:00,109206.61,0,btc,0.0,0.009167
2025-07-09 17:10:00+03:00,109268.72,0,btc,0.0,0.009167
2025-07-09 17:15:00+03:00,109341.27,0,btc,0.0,0.009167
2025-07-09 17:20:00+03:00,109377.32,0,btc,0.0,0.009167
2025-07-09 17:25:00+03:00,108908.94,1,btc,0.0,0.009167
2025-07-09 17:30:00+03:00,108801.66,1,btc,0.0,0.009167
2025-07-09 17:35:00+03:00,108606.3,1,btc,0.0,0.009167
2025-07-09 17:40:00+03:00,108716.59,1,btc,0.0,0.009167
2025-07-09 17:45:00+03:00,108681.68,1,btc,0.0,0.009167
2025-07-09 17:50:00+03:00,108780.03,0,btc,0.0,0.009167
2025-07-09 17:55:00+03:00,108900.29,0,btc,0.0,0.009167
2025-07-09 18:00:00+03:00,109180.01,-1,cash,1000.85,0.0
2025-07-09 18:05:00+03:00,109028.02,0,cash,1000.85,0.0
2025-07-09 18:10:00+03:00,108829.09,0,cash,1000.85,0.0
2025-07-09 18:15:00+03:00,108973.98,0,cash,1000.85,0.0
2025-07-09 18:20:00+03:00,109014.63,0,cash,1000.85,0.0
2025-07-09 18:25:00+03:00,108993.0,0,cash,1000.85,0.0
2025-07-09 18:30:00+03:00,108969.14,0,cash,1000.85,0.0
2025-07-09 18:35:00+03:00,108849.76,0,cash,1000.85,0.0
2025-07-09 18:40:00+03:00,108875.99,0,cash,1000.85,0.0
2025-07-09 18:45:00+03:00,108982.2,0,cash,1000.85,0.0
2025-07-09 18:50:00+03:00,109047.77,0,cash,1000.85,0.0
2025-07-09 18:55:00+03:00,109071.32,0,cash,1000.85,0.0
2025-07-09 19:00:00+03:00,109085.28,0,cash,1000.85,0.0
2025-07-09 19:05:00+03:00,109098.15,0,cash,1000.85,0.0
2025-07-09 19:10:00+03:00,109139.41,0,cash,1000.85,0.0
2025-07-09 19:15:00+03:00,109216.0,0,cash,1000.85,0.0
2025-07-09 19:20:00+03:00,109159.98,0,cash,1000.85,0.0
2025-07-09 19:25:00+03:00,109203.85,0,cash,1000.85,0.0
2025-07-09 19:30:00+03:00,109312.89,0,cash,1000.85,0.0
2025-07-09 19:35:00+03:00,109269.66,0,cash,1000.85,0.0
2025-07-09 19:40:00+03:00,109314.2,0,cash,1000.85,0.0
2025-07-09 19:45:00+03:00,109399.99,0,cash,1000.85,0.0
2025-07-09 19:50:00+03:00,109415.01,0,cash,1000.85,0.0
2025-07-09 19:55:00+03:00,109408.71,0,cash,1000.85,0.0
2025-07-09 20:00:00+03:00,109268.99,0,cash,1000.85,0.0
2025-07-09 20:05:00+03:00,109416.61,0,cash,1000.85,0.0
2025-07-09 20:10:00+03:00,109267.87,0,cash,1000.85,0.0
2025-07-09 20:15:00+03:00,109237.66,0,cash,1000.85,0.0
2025-07-09 20:20:00+03:00,109218.99,0,cash,1000.85,0.0
2025-07-09 20:25:00+03:00,109123.7,0,cash,1000.85,0.0
2025-07-09 20:30:00+03:00,109058.8,1,btc,0.0,0.009177
2025-07-09 20:35:00+03:00,109145.99,0,btc,0.0,0.009177
2025-07-09 20:40:00+03:00,109154.8,0,btc,0.0,0.009177
2025-07-09 20:45:00+03:00,109110.0,0,btc,0.0,0.009177
2025-07-09 20:50:00+03:00,109125.1,0,btc,0.0,0.009177
2025-07-09 20:55:00+03:00,109168.0,0,btc,0.0,0.009177
2025-07-09 21:00:00+03:00,109195.83,0,btc,0.0,0.009177
2025-07-09 21:05:00+03:00,109450.72,-1,cash,1004.44,0.0
2025-07-09 21:10:00+03:00,109469.99,-1,cash,1004.44,0.0
2025-07-09 21:15:00+03:00,109453.0,-1,cash,1004.44,0.0
2025-07-09 21:20:00+03:00,109558.61,-1,cash,1004.44,0.0
2025-07-09 21:25:00+03:00,109550.0,-1,cash,1004.44,0.0
2025-07-09 21:30:00+03:00,109468.6,0,cash,1004.44,0.0
2025-07-09 21:35:00+03:00,109483.43,0,cash,1004.44,0.0
2025-07-09 21:40:00+03:00,109393.05,0,cash,1004.44,0.0
2025-07-09 21:45:00+03:00,109485.23,0,cash,1004.44,0.0
2025-07-09 21:50:00+03:00,109500.01,0,cash,1004.44,0.0
2025-07-09 21:55:00+03:00,109536.49,0,cash,1004.44,0.0
2025-07-09 22:00:00+03:00,109558.83,0,cash,1004.44,0.0
2025-07-09 22:05:00+03:00,109532.0,0,cash,1004.44,0.0
2025-07-09 22:10:00+03:00,109656.59,0,cash,1004.44,0.0
2025-07-09 22:15:00+03:00,109955.38,-1,cash,1004.44,0.0
2025-07-09 22:20:00+03:00,110200.39,-1,cash,1004.44,0.0
2025-07-09 22:25:00+03:00,110346.01,-1,cash,1004.44,0.0
2025-07-09 22:30:00+03:00,110412.99,-1,cash,1004.44,0.0
2025-07-09 22:35:00+03:00,110927.04,-1,cash,1004.44,0.0
2025-07-09 22:40:00+03:00,111390.91,-1,cash,1004.44,0.0
2025-07-09 22:45:00+03:00,111543.33,-1,cash,1004.44,0.0
2025-07-09 22:50:00+03:00,111888.97,-1,cash,1004.44,0.0
2025-07-09 22:55:00+03:00,111750.0,-1,cash,1004.44,0.0
2025-07-09 23:00:00+03:00,111584.0,-1,cash,1004.44,0.0
2025-07-09 23:05:00+03:00,111184.0,0,cash,1004.44,0.0
2025-07-09 23:10:00+03:00,111350.85,0,cash,1004.44,0.0
2025-07-09 23:15:00+03:00,111269.41,0,cash,1004.44,0.0
2025-07-09 23:20:00+03:00,111088.99,1,btc,0.0,0.009042
2025-07-09 23:25:00+03:00,111005.87,1,btc,0.0,0.009042
2025-07-09 23:30:00+03:00,110969.37,1,btc,0.0,0.009042
2025-07-09 23:35:00+03:00,110911.81,1,btc,0.0,0.009042
2025-07-09 23:40:00+03:00,110999.99,0,btc,0.0,0.009042
2025-07-09 23:45:00+03:00,110815.63,1,btc,0.0,0.009042
2025-07-09 23:50:00+03:00,110620.0,1,btc,0.0,0.009042
2025-07-09 23:55:00+03:00,110714.97,1,btc,0.0,0.009042
2025-07-10 00:00:00+03:00,111082.32,0,btc,0.0,0.009042
2025-07-10 00:05:00+03:00,111081.87,0,btc,0.0,0.009042
2025-07-10 00:10:00+03:00,111040.99,0,btc,0.0,0.009042
2025-07-10 00:15:00+03:00,111095.1,0,btc,0.0,0.009042
2025-07-10 00:20:00+03:00,111229.57,-1,cash,1005.71,0.0
2025-07-10 00:25:00+03:00,111220.87,-1,cash,1005.71,0.0
2025-07-10 00:30:00+03:00,111007.91,0,cash,1005.71,0.0
2025-07-10 00:35:00+03:00,110944.01,0,cash,1005.71,0.0
2025-07-10 00:40:00+03:00,111061.37,0,cash,1005.71,0.0
2025-07-10 00:45:00+03:00,111015.07,0,cash,1005.71,0.0
2025-07-10 00:50:00+03:00,110960.74,0,cash,1005.71,0.0
2025-07-10 00:55:00+03:00,110818.36,0,cash,1005.71,0.0
2025-07-10 01:00:00+03:00,111006.0,0,cash,1005.71,0.0
2025-07-10 01:05:00+03:00,111155.28,0,cash,1005.71,0.0
2025-07-10 01:10:00+03:00,111295.98,-1,cash,1005.71,0.0
2025-07-10 01:15:00+03:00,111325.01,-1,cash,1005.71,0.0
2025-07-10 01:20:00+03:00,111181.02,0,cash,1005.71,0.0
2025-07-10 01:25:00+03:00,111084.55,0,cash,1005.71,0.0
2025-07-10 01:30:00+03:00,111130.02,0,cash,1005.71,0.0
2025-07-10 01:35:00+03:00,111188.99,0,cash,1005.71,0.0
2025-07-10 01:40:00+03:00,111306.6,0,cash,1005.71,0.0
2025-07-10 01:45:00+03:00,111399.99,0,cash,1005.71,0.0
2025-07-10 01:50:00+03:00,111323.13,0,cash,1005.71,0.0
2025-07-10 01:55:00+03:00,111382.17,0,cash,1005.71,0.0
2025-07-10 02:00:00+03:00,111277.37,0,cash,1005.71,0.0
2025-07-10 02:05:00+03:00,111388.03,0,cash,1005.71,0.0
2025-07-10 02:10:00+03:00,111343.4,0,cash,1005.71,0.0
2025-07-10 02:15:00+03:00,111449.99,0,cash,1005.71,0.0
2025-07-10 02:20:00+03:00,111486.13,0,cash,1005.71,0.0
2025-07-10 02:25:00+03:00,111404.2,0,cash,1005.71,0.0
2025-07-10 02:30:00+03:00,111445.09,0,cash,1005.71,0.0
2025-07-10 02:35:00+03:00,111411.82,0,cash,1005.71,0.0
2025-07-10 02:40:00+03:00,111364.0,0,cash,1005.71,0.0
2025-07-10 02:45:00+03:00,111323.76,0,cash,1005.71,0.0
2025-07-10 02:50:00+03:00,111279.83,0,cash,1005.71,0.0
2025-07-10 02:55:00+03:00,111233.99,0,cash,1005.71,0.0
2025-07-10 03:00:00+03:00,111277.48,0,cash,1005.71,0.0
2025-07-10 03:05:00+03:00,111264.0,0,cash,1005.71,0.0
2025-07-10 03:10:00+03:00,111275.05,0,cash,1005.71,0.0
2025-07-10 03:15:00+03:00,111264.97,0,cash,1005.71,0.0
2025-07-10 03:20:00+03:00,111217.43,0,cash,1005.71,0.0
2025-07-10 03:25:00+03:00,111147.33,0,cash,1005.71,0.0
2025-07-10 03:30:00+03:00,111111.0,0,cash,1005.71,0.0
2025-07-10 03:35:00+03:00,111038.76,0,cash,1005.71,0.0
2025-07-10 03:40:00+03:00,111018.52,0,cash,1005.71,0.0
2025-07-10 03:45:00+03:00,111058.0,0,cash,1005.71,0.0
2025-07-10 03:50:00+03:00,111001.01,0,cash,1005.71,0.0
2025-07-10 03:55:00+03:00,110916.66,0,cash,1005.71,0.0
2025-07-10 04:00:00+03:00,110948.68,0,cash,1005.71,0.0
2025-07-10 04:05:00+03:00,110923.67,0,cash,1005.71,0.0
2025-07-10 04:10:00+03:00,111000.0,0,cash,1005.71,0.0
2025-07-10 04:15:00+03:00,111087.86,0,cash,1005.71,0.0
2025-07-10 04:20:00+03:00,111063.99,0,cash,1005.71,0.0
2025-07-10 04:25:00+03:00,111096.04,0,cash,1005.71,0.0
2025-07-10 04:30:00+03:00,111156.34,0,cash,1005.71,0.0
2025-07-10 04:35:00+03:00,111199.99,0,cash,1005.71,0.0
2025-07-10 04:40:00+03:00,111185.95,0,cash,1005.71,0.0
2025-07-10 04:45:00+03:00,111177.19,0,cash,1005.71,0.0
2025-07-10 04:50:00+03:00,111324.83,0,cash,1005.71,0.0
2025-07-10 04:55:00+03:00,111189.71,0,cash,1005.71,0.0
2025-07-10 05:00:00+03:00,111281.96,0,cash,1005.71,0.0
2025-07-10 05:05:00+03:00,111309.02,0,cash,1005.71,0.0
2025-07-10 05:10:00+03:00,111373.23,0,cash,1005.71,0.0
2025-07-10 05:15:00+03:00,111392.57,0,cash,1005.71,0.0
2025-07-10 05:20:00+03:00,111438.63,0,cash,1005.71,0.0
2025-07-10 05:25:00+03:00,111295.97,0,cash,1005.71,0.0
2025-07-10 05:30:00+03:00,111240.0,0,cash,1005.71,0.0
2025-07-10 05:35:00+03:00,111200.0,0,cash,1005.71,0.0
2025-07-10 05:40:00+03:00,111179.99,0,cash,1005.71,0.0
2025-07-10 05:45:00+03:00,111233.33,0,cash,1005.71,0.0
2025-07-10 05:50:00+03:00,111170.0,0,cash,1005.71,0.0
2025-07-10 05:55:00+03:00,111213.91,0,cash,1005.71,0.0
2025-07-10 06:00:00+03:00,111200.0,0,cash,1005.71,0.0
2025-07-10 06:05:00+03:00,111192.3,0,cash,1005.71,0.0
2025-07-10 06:10:00+03:00,111131.3,0,cash,1005.71,0.0
2025-07-10 06:15:00+03:00,111162.15,0,cash,1005.71,0.0
2025-07-10 06:20:00+03:00,111090.01,0,cash,1005.71,0.0
2025-07-10 06:25:00+03:00,111054.27,0,cash,1005.71,0.0
2025-07-10 06:30:00+03:00,111017.31,0,cash,1005.71,0.0
2025-07-10 06:35:00+03:00,111048.36,0,cash,1005.71,0.0
2025-07-10 06:40:00+03:00,111014.13,0,cash,1005.71,0.0
2025-07-10 06:45:00+03:00,111046.21,0,cash,1005.71,0.0
2025-07-10 06:50:00+03:00,111068.29,0,cash,1005.71,0.0
2025-07-10 06:55:00+03:00,111074.51,0,cash,1005.71,0.0
2025-07-10 07:00:00+03:00,111011.04,0,cash,1005.71,0.0
2025-07-10 07:05:00+03:00,110962.62,0,cash,1005.71,0.0
2025-07-10 07:10:00+03:00,110953.23,0,cash,1005.71,0.0
2025-07-10 07:15:00+03:00,110984.36,0,cash,1005.71,0.0
2025-07-10 07:20:00+03:00,111020.24,0,cash,1005.71,0.0
2025-07-10 07:25:00+03:00,111055.3,0,cash,1005.71,0.0
2025-07-10 07:30:00+03:00,111099.1,0,cash,1005.71,0.0
2025-07-10 07:35:00+03:00,111094.81,0,cash,1005.71,0.0
2025-07-10 07:40:00+03:00,111148.52,0,cash,1005.71,0.0
2025-07-10 07:45:00+03:00,111164.34,0,cash,1005.71,0.0
2025-07-10 07:50:00+03:00,111115.22,0,cash,1005.71,0.0
2025-07-10 07:55:00+03:00,111150.0,0,cash,1005.71,0.0
2025-07-10 08:00:00+03:00,111068.47,0,cash,1005.71,0.0
2025-07-10 08:05:00+03:00,110980.0,0,cash,1005.71,0.0
2025-07-10 08:10:00+03:00,110986.91,0,cash,1005.71,0.0
2025-07-10 08:15:00+03:00,110971.0,0,cash,1005.71,0.0
2025-07-10 08:20:00+03:00,110940.26,0,cash,1005.71,0.0
2025-07-10 08:25:00+03:00,110993.61,0,cash,1005.71,0.0
2025-07-10 08:30:00+03:00,110950.7,0,cash,1005.71,0.0
2025-07-10 08:35:00+03:00,110950.71,0,cash,1005.71,0.0
2025-07-10 08:40:00+03:00,110950.71,0,cash,1005.71,0.0
2025-07-10 08:45:00+03:00,110949.4,0,cash,1005.71,0.0
2025-07-10 08:50:00+03:00,111042.38,0,cash,1005.71,0.0
2025-07-10 08:55:00+03:00,111086.14,0,cash,1005.71,0.0
2025-07-10 09:00:00+03:00,111157.01,0,cash,1005.71,0.0
2025-07-10 09:05:00+03:00,111095.28,0,cash,1005.71,0.0
2025-07-10 09:10:00+03:00,111142.0,0,cash,1005.71,0.0
2025-07-10 09:15:00+03:00,111153.32,0,cash,1005.71,0.0
2025-07-10 09:20:00+03:00,111254.95,0,cash,1005.71,0.0
2025-07-10 09:25:00+03:00,111278.66,0,cash,1005.71,0.0
2025-07-10 09:30:00+03:00,111254.76,0,cash,1005.71,0.0
2025-07-10 09:35:00+03:00,111159.2,0,cash,1005.71,0.0
2025-07-10 09:40:00+03:00,111141.93,0,cash,1005.71,0.0
2025-07-10 09:45:00+03:00,111197.07,0,cash,1005.71,0.0
2025-07-10 09:50:00+03:00,111258.27,0,cash,1005.71,0.0
2025-07-10 09:55:00+03:00,111233.34,0,cash,1005.71,0.0
2025-07-10 10:00:00+03:00,111249.75,0,cash,1005.71,0.0
2025-07-10 10:05:00+03:00,111432.45,0,cash,1005.71,0.0
2025-07-10 10:10:00+03:00,111394.53,0,cash,1005.71,0.0
2025-07-10 10:15:00+03:00,111372.0,0,cash,1005.71,0.0
2025-07-10 10:20:00+03:00,111336.01,0,cash,1005.71,0.0
2025-07-10 10:25:00+03:00,111363.89,0,cash,1005.71,0.0
2025-07-10 10:30:00+03:00,111349.5,0,cash,1005.71,0.0
2025-07-10 10:35:00+03:00,111250.01,0,cash,1005.71,0.0
2025-07-10 10:40:00+03:00,111277.32,0,cash,1005.71,0.0
2025-07-10 10:45:00+03:00,111255.01,0,cash,1005.71,0.0
2025-07-10 10:50:00+03:00,111224.59,0,cash,1005.71,0.0
2025-07-10 10:55:00+03:00,111230.0,0,cash,1005.71,0.0
2025-07-10 11:00:00+03:00,111146.93,0,cash,1005.71,0.0
2025-07-10 11:05:00+03:00,111125.01,0,cash,1005.71,0.0
2025-07-10 11:10:00+03:00,111123.94,0,cash,1005.71,0.0
2025-07-10 11:15:00+03:00,111276.91,0,cash,1005.71,0.0
2025-07-10 11:20:00+03:00,111263.0,0,cash,1005.71,0.0
2025-07-10 11:25:00+03:00,111260.33,0,cash,1005.71,0.0
2025-07-10 11:30:00+03:00,111274.82,0,cash,1005.71,0.0
2025-07-10 11:35:00+03:00,111349.96,0,cash,1005.71,0.0
2025-07-10 11:40:00+03:00,111386.89,0,cash,1005.71,0.0
2025-07-10 11:45:00+03:00,111335.06,0,cash,1005.71,0.0
2025-07-10 11:50:00+03:00,111243.99,0,cash,1005.71,0.0
2025-07-10 11:55:00+03:00,111233.33,0,cash,1005.71,0.0
2025-07-10 12:00:00+03:00,111189.6,0,cash,1005.71,0.0
2025-07-10 12:05:00+03:00,111180.32,0,cash,1005.71,0.0
2025-07-10 12:10:00+03:00,111160.37,0,cash,1005.71,0.0
2025-07-10 12:15:00+03:00,111200.01,0,cash,1005.71,0.0
2025-07-10 12:20:00+03:00,111115.42,0,cash,1005.71,0.0
2025-07-10 12:25:00+03:00,111130.0,0,cash,1005.71,0.0
2025-07-10 12:30:00+03:00,111127.99,0,cash,1005.71,0.0
2025-07-10 12:35:00+03:00,111130.5,0,cash,1005.71,0.0
2025-07-10 12:40:00+03:00,111086.28,0,cash,1005.71,0.0
2025-07-10 12:45:00+03:00,111086.72,0,cash,1005.71,0.0
2025-07-10 12:50:00+03:00,111084.28,0,cash,1005.71,0.0
2025-07-10 12:55:00+03:00,111041.36,0,cash,1005.71,0.0
2025-07-10 13:00:00+03:00,111014.7,0,cash,1005.71,0.0
2025-07-10 13:05:00+03:00,111011.0,0,cash,1005.71,0.0
2025-07-10 13:10:00+03:00,110991.17,0,cash,1005.71,0.0
2025-07-10 13:15:00+03:00,111024.93,0,cash,1005.71,0.0
2025-07-10 13:20:00+03:00,111009.88,0,cash,1005.71,0.0
2025-07-10 13:25:00+03:00,111009.88,0,cash,1005.71,0.0
2025-07-10 13:30:00+03:00,111048.86,0,cash,1005.71,0.0
2025-07-10 13:35:00+03:00,111046.54,0,cash,1005.71,0.0
2025-07-10 13:40:00+03:00,110944.01,0,cash,1005.71,0.0
2025-07-10 13:45:00+03:00,110903.32,0,cash,1005.71,0.0
2025-07-10 13:50:00+03:00,111035.67,0,cash,1005.71,0.0
2025-07-10 13:55:00+03:00,111088.51,0,cash,1005.71,0.0
2025-07-10 14:00:00+03:00,111054.84,0,cash,1005.71,0.0
2025-07-10 14:05:00+03:00,111125.8,0,cash,1005.71,0.0
2025-07-10 14:10:00+03:00,111081.49,0,cash,1005.71,0.0
2025-07-10 14:15:00+03:00,111080.98,0,cash,1005.71,0.0
2025-07-10 14:20:00+03:00,111112.47,0,cash,1005.71,0.0
2025-07-10 14:25:00+03:00,111165.25,0,cash,1005.71,0.0
2025-07-10 14:30:00+03:00,111090.0,0,cash,1005.71,0.0
2025-07-10 14:35:00+03:00,111033.52,0,cash,1005.71,0.0
2025-07-10 14:40:00+03:00,111085.67,0,cash,1005.71,0.0
2025-07-10 14:45:00+03:00,111054.28,0,cash,1005.71,0.0
2025-07-10 14:50:00+03:00,110988.92,0,cash,1005.71,0.0
2025-07-10 14:55:00+03:00,111019.99,0,cash,1005.71,0.0
2025-07-10 15:00:00+03:00,110892.21,0,cash,1005.71,0.0
2025-07-10 15:05:00+03:00,110871.99,0,cash,1005.71,0.0
2025-07-10 15:10:00+03:00,110812.87,0,cash,1005.71,0.0
2025-07-10 15:15:00+03:00,110835.14,0,cash,1005.71,0.0
2025-07-10 15:20:00+03:00,110805.13,0,cash,1005.71,0.0
2025-07-10 15:25:00+03:00,110921.4,0,cash,1005.71,0.0
2025-07-10 15:30:00+03:00,110854.22,0,cash,1005.71,0.0
2025-07-10 15:35:00+03:00,110853.08,0,cash,1005.71,0.0
2025-07-10 15:40:00+03:00,110835.76,0,cash,1005.71,0.0
2025-07-10 15:45:00+03:00,110838.31,0,cash,1005.71,0.0
2025-07-10 15:50:00+03:00,110820.01,0,cash,1005.71,0.0
2025-07-10 15:55:00+03:00,110869.0,0,cash,1005.71,0.0
2025-07-10 16:00:00+03:00,110911.27,0,cash,1005.71,0.0
2025-07-10 16:05:00+03:00,110872.59,0,cash,1005.71,0.0
2025-07-10 16:10:00+03:00,110899.85,0,cash,1005.71,0.0
2025-07-10 16:15:00+03:00,110937.44,0,cash,1005.71,0.0
2025-07-10 16:20:00+03:00,110965.18,0,cash,1005.71,0.0
2025-07-10 16:25:00+03:00,111039.99,0,cash,1005.71,0.0
2025-07-10 16:30:00+03:00,110708.63,0,cash,1005.71,0.0
2025-07-10 16:35:00+03:00,110772.21,0,cash,1005.71,0.0
2025-07-10 16:40:00+03:00,110798.3,0,cash,1005.71,0.0
2025-07-10 16:45:00+03:00,110629.32,1,btc,0.0,0.009091
2025-07-10 16:50:00+03:00,110829.13,0,btc,0.0,0.009091
2025-07-10 16:55:00+03:00,110800.01,0,btc,0.0,0.009091
2025-07-10 17:00:00+03:00,110839.99,0,btc,0.0,0.009091
2025-07-10 17:05:00+03:00,110990.28,0,btc,0.0,0.009091
2025-07-10 17:10:00+03:00,111095.11,-1,cash,1009.95,0.0
2025-07-10 17:15:00+03:00,111290.0,-1,cash,1009.95,0.0
2025-07-10 17:20:00+03:00,111035.0,0,cash,1009.95,0.0
2025-07-10 17:25:00+03:00,110872.0,0,cash,1009.95,0.0
2025-07-10 17:30:00+03:00,110972.0,0,cash,1009.95,0.0
2025-07-10 17:35:00+03:00,111129.99,0,cash,1009.95,0.0
2025-07-10 17:40:00+03:00,111059.98,0,cash,1009.95,0.0
2025-07-10 17:45:00+03:00,111140.0,0,cash,1009.95,0.0
2025-07-10 17:50:00+03:00,111209.03,0,cash,1009.95,0.0
2025-07-10 17:55:00+03:00,111247.57,0,cash,1009.95,0.0
2025-07-10 18:00:00+03:00,111227.3,0,cash,1009.95,0.0
2025-07-10 18:05:00+03:00,111185.31,0,cash,1009.95,0.0
2025-07-10 18:10:00+03:00,110994.83,0,cash,1009.95,0.0
2025-07-10 18:15:00+03:00,111300.49,0,cash,1009.95,0.0
2025-07-10 18:20:00+03:00,111202.2,0,cash,1009.95,0.0
2025-07-10 18:25:00+03:00,111331.14,0,cash,1009.95,0.0
2025-07-10 18:30:00+03:00,111277.65,0,cash,1009.95,0.0
2025-07-10 18:35:00+03:00,111267.71,0,cash,1009.95,0.0
2025-07-10 18:40:00+03:00,111178.47,0,cash,1009.95,0.0
2025-07-10 18:45:00+03:00,111288.84,0,cash,1009.95,0.0
2025-07-10 18:50:00+03:00,111366.26,0,cash,1009.95,0.0
2025-07-10 18:55:00+03:00,111408.4,0,cash,1009.95,0.0
2025-07-10 19:00:00+03:00,111374.67,0,cash,1009.95,0.0
2025-07-10 19:05:00+03:00,111426.71,0,cash,1009.95,0.0
2025-07-10 19:10:00+03:00,111472.62,0,cash,1009.95,0.0
2025-07-10 19:15:00+03:00,111715.43,-1,cash,1009.95,0.0
2025-07-10 19:20:00+03:00,112288.47,-1,cash,1009.95,0.0
2025-07-10 19:25:00+03:00,112376.92,-1,cash,1009.95,0.0
2025-07-10 19:30:00+03:00,112643.8,-1,cash,1009.95,0.0
2025-07-10 19:35:00+03:00,112695.04,-1,cash,1009.95,0.0
2025-07-10 19:40:00+03:00,112637.66,-1,cash,1009.95,0.0
2025-07-10 19:45:00+03:00,112517.67,-1,cash,1009.95,0.0
2025-07-10 19:50:00+03:00,112590.12,-1,cash,1009.95,0.0
2025-07-10 19:55:00+03:00,112643.48,-1,cash,1009.95,0.0
2025-07-10 20:00:00+03:00,112699.99,0,cash,1009.95,0.0
2025-07-10 20:05:00+03:00,113292.28,-1,cash,1009.95,0.0
2025-07-10 20:10:00+03:00,113433.07,-1,cash,1009.95,0.0
2025-07-10 20:15:00+03:00,113246.35,-1,cash,1009.95,0.0
2025-07-10 20:20:00+03:00,113401.8,-1,cash,1009.95,0.0
2025-07-10 20:25:00+03:00,113454.02,-1,cash,1009.95,0.0
2025-07-10 20:30:00+03:00,113587.76,-1,cash,1009.95,0.0
2025-07-10 20:35:00+03:00,113640.62,-1,cash,1009.95,0.0
2025-07-10 20:40:00+03:00,113619.98,-1,cash,1009.95,0.0
2025-07-10 20:45:00+03:00,113510.77,0,cash,1009.95,0.0
2025-07-10 20:50:00+03:00,113752.1,-1,cash,1009.95,0.0
2025-07-10 20:55:00+03:00,113722.82,0,cash,1009.95,0.0
2025-07-10 21:00:00+03:00,113588.97,0,cash,1009.95,0.0
2025-07-10 21:05:00+03:00,113411.28,0,cash,1009.95,0.0
2025-07-10 21:10:00+03:00,113348.69,0,cash,1009.95,0.0
2025-07-10 21:15:00+03:00,113520.53,0,cash,1009.95,0.0
2025-07-10 21:20:00+03:00,113280.0,1,btc,0.0,0.008915
2025-07-10 21:25:00+03:00,113182.35,1,btc,0.0,0.008915
2025-07-10 21:30:00+03:00,113192.37,1,btc,0.0,0.008915
2025-07-10 21:35:00+03:00,113086.35,1,btc,0.0,0.008915
2025-07-10 21:40:00+03:00,113059.33,1,btc,0.0,0.008915
2025-07-10 21:45:00+03:00,113216.7,0,btc,0.0,0.008915
2025-07-10 21:50:00+03:00,113335.99,0,btc,0.0,0.008915
2025-07-10 21:55:00+03:00,113420.0,0,btc,0.0,0.008915
2025-07-10 22:00:00+03:00,113564.28,-1,cash,1012.48,0.0
2025-07-10 22:05:00+03:00,113612.07,-1,cash,1012.48,0.0
2025-07-10 22:10:00+03:00,113649.97,-1,cash,1012.48,0.0
2025-07-10 22:15:00+03:00,113602.43,-1,cash,1012.48,0.0
2025-07-10 22:20:00+03:00,113461.15,0,cash,1012.48,0.0
2025-07-10 22:25:00+03:00,113340.61,0,cash,1012.48,0.0
2025-07-10 22:30:00+03:00,113149.75,1,btc,0.0,0.008948
2025-07-10 22:35:00+03:00,113142.42,1,btc,0.0,0.008948
2025-07-10 22:40:00+03:00,113262.98,0,btc,0.0,0.008948
2025-07-10 22:45:00+03:00,113165.01,1,btc,0.0,0.008948
2025-07-10 22:50:00+03:00,113284.03,0,btc,0.0,0.008948
2025-07-10 22:55:00+03:00,113301.81,0,btc,0.0,0.008948
2025-07-10 23:00:00+03:00,113361.18,0,btc,0.0,0.008948
2025-07-10 23:05:00+03:00,113315.81,0,btc,0.0,0.008948
2025-07-10 23:10:00+03:00,113432.67,0,btc,0.0,0.008948
2025-07-10 23:15:00+03:00,113451.39,0,btc,0.0,0.008948
2025-07-10 23:20:00+03:00,113490.0,0,btc,0.0,0.008948
2025-07-10 23:25:00+03:00,113447.54,0,btc,0.0,0.008948
2025-07-10 23:30:00+03:00,113388.31,0,btc,0.0,0.008948
2025-07-10 23:35:00+03:00,113448.0,0,btc,0.0,0.008948
2025-07-10 23:40:00+03:00,113566.3,0,btc,0.0,0.008948
2025-07-10 23:45:00+03:00,113513.77,0,btc,0.0,0.008948
2025-07-10 23:50:00+03:00,113537.26,0,btc,0.0,0.008948
2025-07-10 23:55:00+03:00,113493.16,0,btc,0.0,0.008948
2025-07-11 00:00:00+03:00,113602.43,0,btc,0.0,0.008948
2025-07-11 00:05:00+03:00,113612.29,0,btc,0.0,0.008948
2025-07-11 00:10:00+03:00,113667.39,0,btc,0.0,0.008948
2025-07-11 00:15:00+03:00,116195.25,-1,cash,1039.73,0.0
2025-07-11 00:20:00+03:00,116020.36,-1,cash,1039.73,0.0
2025-07-11 00:25:00+03:00,115727.5,-1,cash,1039.73,0.0
2025-07-11 00:30:00+03:00,116195.56,-1,cash,1039.73,0.0
2025-07-11 00:35:00+03:00,116301.04,-1,cash,1039.73,0.0
2025-07-11 00:40:00+03:00,116300.0,-1,cash,1039.73,0.0
2025-07-11 00:45:00+03:00,116553.9,-1,cash,1039.73,0.0
2025-07-11 00:50:00+03:00,116524.0,-1,cash,1039.73,0.0
2025-07-11 00:55:00+03:00,116490.52,-1,cash,1039.73,0.0
2025-07-11 01:00:00+03:00,116253.1,0,cash,1039.73,0.0
2025-07-11 01:05:00+03:00,116335.44,0,cash,1039.73,0.0
2025-07-11 01:10:00+03:00,116108.61,0,cash,1039.73,0.0
2025-07-11 01:15:00+03:00,116227.99,0,cash,1039.73,0.0
2025-07-11 01:20:00+03:00,115953.16,1,btc,0.0,0.008967
2025-07-11 01:25:00+03:00,115925.52,1,btc,0.0,0.008967
2025-07-11 01:30:00+03:00,115885.39,1,btc,0.0,0.008967
2025-07-11 01:35:00+03:00,115829.28,1,btc,0.0,0.008967
2025-07-11 01:40:00+03:00,115962.95,0,btc,0.0,0.008967
2025-07-11 01:45:00+03:00,116103.15,0,btc,0.0,0.008967
2025-07-11 01:50:00+03:00,116100.64,0,btc,0.0,0.008967
2025-07-11 01:55:00+03:00,116008.38,0,btc,0.0,0.008967
2025-07-11 02:00:00+03:00,115946.94,0,btc,0.0,0.008967
2025-07-11 02:05:00+03:00,116044.99,0,btc,0.0,0.008967
2025-07-11 02:10:00+03:00,116008.5,0,btc,0.0,0.008967
2025-07-11 02:15:00+03:00,115929.71,0,btc,0.0,0.008967
2025-07-11 02:20:00+03:00,115836.73,0,btc,0.0,0.008967
2025-07-11 02:25:00+03:00,115788.01,0,btc,0.0,0.008967
2025-07-11 02:30:00+03:00,115657.76,1,btc,0.0,0.008967
2025-07-11 02:35:00+03:00,115680.99,0,btc,0.0,0.008967
2025-07-11 02:40:00+03:00,115786.12,0,btc,0.0,0.008967
2025-07-11 02:45:00+03:00,115863.49,0,btc,0.0,0.008967
2025-07-11 02:50:00+03:00,116010.0,0,btc,0.0,0.008967
2025-07-11 02:55:00+03:00,116010.0,0,btc,0.0,0.008967
2025-07-11 03:00:00+03:00,116020.01,0,btc,0.0,0.008967
2025-07-11 03:05:00+03:00,116092.59,0,btc,0.0,0.008967
2025-07-11 03:10:00+03:00,115890.46,0,btc,0.0,0.008967
2025-07-11 03:15:00+03:00,115489.57,1,btc,0.0,0.008967
2025-07-11 03:20:00+03:00,115316.08,1,btc,0.0,0.008967
2025-07-11 03:25:00+03:00,115500.01,1,btc,0.0,0.008967
2025-07-11 03:30:00+03:00,115567.03,0,btc,0.0,0.008967
2025-07-11 03:35:00+03:00,115677.86,0,btc,0.0,0.008967
2025-07-11 03:40:00+03:00,115444.84,1,btc,0.0,0.008967
2025-07-11 03:45:00+03:00,115568.02,0,btc,0.0,0.008967
2025-07-11 03:50:00+03:00,115518.14,0,btc,0.0,0.008967
2025-07-11 03:55:00+03:00,115590.63,0,btc,0.0,0.008967
2025-07-11 04:00:00+03:00,115574.02,0,btc,0.0,0.008967
2025-07-11 04:05:00+03:00,115641.97,0,btc,0.0,0.008967
2025-07-11 04:10:00+03:00,115656.01,0,btc,0.0,0.008967
2025-07-11 04:15:00+03:00,115765.09,0,btc,0.0,0.008967
2025-07-11 04:20:00+03:00,115951.81,-1,cash,1039.72,0.0
2025-07-11 04:25:00+03:00,115945.46,-1,cash,1039.72,0.0
2025-07-11 04:30:00+03:00,115924.86,0,cash,1039.72,0.0
2025-07-11 04:35:00+03:00,115938.53,0,cash,1039.72,0.0
2025-07-11 04:40:00+03:00,115993.72,0,cash,1039.72,0.0
2025-07-11 04:45:00+03:00,116057.4,0,cash,1039.72,0.0
2025-07-11 04:50:00+03:00,115878.45,0,cash,1039.72,0.0
2025-07-11 04:55:00+03:00,115967.57,0,cash,1039.72,0.0
2025-07-11 05:00:00+03:00,115869.86,0,cash,1039.72,0.0
2025-07-11 05:05:00+03:00,115709.28,0,cash,1039.72,0.0
2025-07-11 05:10:00+03:00,115976.45,0,cash,1039.72,0.0
2025-07-11 05:15:00+03:00,116196.86,-1,cash,1039.72,0.0
2025-07-11 05:20:00+03:00,116199.99,0,cash,1039.72,0.0
2025-07-11 05:25:00+03:00,116279.99,-1,cash,1039.72,0.0
2025-07-11 05:30:00+03:00,116346.99,-1,cash,1039.72,0.0
2025-07-11 05:35:00+03:00,116463.49,-1,cash,1039.72,0.0
2025-07-11 05:40:00+03:00,116490.01,-1,cash,1039.72,0.0
2025-07-11 05:45:00+03:00,116594.31,-1,cash,1039.72,0.0
2025-07-11 05:50:00+03:00,116761.08,-1,cash,1039.72,0.0
2025-07-11 05:55:00+03:00,116672.57,-1,cash,1039.72,0.0
2025-07-11 06:00:00+03:00,116579.88,0,cash,1039.72,0.0
2025-07-11 06:05:00+03:00,116593.82,0,cash,1039.72,0.0
2025-07-11 06:10:00+03:00,116487.76,0,cash,1039.72,0.0
2025-07-11 06:15:00+03:00,116534.18,0,cash,1039.72,0.0
2025-07-11 06:20:00+03:00,116523.75,0,cash,1039.72,0.0
2025-07-11 06:25:00+03:00,116525.29,0,cash,1039.72,0.0
2025-07-11 06:30:00+03:00,116525.62,0,cash,1039.72,0.0
2025-07-11 06:35:00+03:00,116473.39,0,cash,1039.72,0.0
2025-07-11 06:40:00+03:00,116579.99,0,cash,1039.72,0.0
2025-07-11 06:45:00+03:00,116745.67,0,cash,1039.72,0.0
2025-07-11 06:50:00+03:00,116768.94,0,cash,1039.72,0.0
2025-07-11 06:55:00+03:00,116881.7,-1,cash,1039.72,0.0
2025-07-11 07:00:00+03:00,116737.04,0,cash,1039.72,0.0
2025-07-11 07:05:00+03:00,116642.79,0,cash,1039.72,0.0
2025-07-11 07:10:00+03:00,116637.37,0,cash,1039.72,0.0
2025-07-11 07:15:00+03:00,116619.96,0,cash,1039.72,0.0
2025-07-11 07:20:00+03:00,116591.19,0,cash,1039.72,0.0
2025-07-11 07:25:00+03:00,116553.53,0,cash,1039.72,0.0
2025-07-11 07:30:00+03:00,116514.37,0,cash,1039.72,0.0
2025-07-11 07:35:00+03:00,116520.34,0,cash,1039.72,0.0
2025-07-11 07:40:00+03:00,116653.99,0,cash,1039.72,0.0
2025-07-11 07:45:00+03:00,116834.5,0,cash,1039.72,0.0
2025-07-11 07:50:00+03:00,116888.06,-1,cash,1039.72,0.0
2025-07-11 07:55:00+03:00,116918.16,-1,cash,1039.72,0.0
2025-07-11 08:00:00+03:00,116966.93,-1,cash,1039.72,0.0
2025-07-11 08:05:00+03:00,117276.0,-1,cash,1039.72,0.0
2025-07-11 08:10:00+03:00,117206.41,-1,cash,1039.72,0.0
2025-07-11 08:15:00+03:00,117200.01,-1,cash,1039.72,0.0
2025-07-11 08:20:00+03:00,117297.08,-1,cash,1039.72,0.0
2025-07-11 08:25:00+03:00,117493.81,-1,cash,1039.72,0.0
2025-07-11 08:30:00+03:00,117826.9,-1,cash,1039.72,0.0
2025-07-11 08:35:00+03:00,117848.16,-1,cash,1039.72,0.0
2025-07-11 08:40:00+03:00,117968.76,-1,cash,1039.72,0.0
2025-07-11 08:45:00+03:00,118301.9,-1,cash,1039.72,0.0
2025-07-11 08:50:00+03:00,118212.6,-1,cash,1039.72,0.0
2025-07-11 08:55:00+03:00,117860.37,0,cash,1039.72,0.0
2025-07-11 09:00:00+03:00,118016.78,0,cash,1039.72,0.0
2025-07-11 09:05:00+03:00,118305.79,-1,cash,1039.72,0.0
2025-07-11 09:10:00+03:00,118030.36,0,cash,1039.72,0.0
2025-07-11 09:15:00+03:00,118150.0,0,cash,1039.72,0.0
2025-07-11 09:20:00+03:00,118240.0,0,cash,1039.72,0.0
2025-07-11 09:25:00+03:00,118140.91,0,cash,1039.72,0.0
2025-07-11 09:30:00+03:00,118093.46,0,cash,1039.72,0.0
2025-07-11 09:35:00+03:00,117982.57,0,cash,1039.72,0.0
2025-07-11 09:40:00+03:00,117969.0,0,cash,1039.72,0.0
2025-07-11 09:45:00+03:00,117848.03,0,cash,1039.72,0.0
2025-07-11 09:50:00+03:00,117725.89,1,btc,0.0,0.008832
2025-07-11 09:55:00+03:00,117648.33,1,btc,0.0,0.008832
2025-07-11 10:00:00+03:00,117539.73,1,btc,0.0,0.008832
2025-07-11 10:05:00+03:00,117483.99,1,btc,0.0,0.008832
2025-07-11 10:10:00+03:00,117476.06,1,btc,0.0,0.008832
2025-07-11 10:15:00+03:00,117614.88,0,btc,0.0,0.008832
2025-07-11 10:20:00+03:00,117749.44,0,btc,0.0,0.008832
2025-07-11 10:25:00+03:00,117876.9,0,btc,0.0,0.008832
2025-07-11 10:30:00+03:00,117866.32,0,btc,0.0,0.008832
2025-07-11 10:35:00+03:00,118003.29,-1,cash,1042.17,0.0
2025-07-11 10:40:00+03:00,117956.66,0,cash,1042.17,0.0
2025-07-11 10:45:00+03:00,117860.2,0,cash,1042.17,0.0
2025-07-11 10:50:00+03:00,117722.61,0,cash,1042.17,0.0
2025-07-11 10:55:00+03:00,117526.88,1,btc,0.0,0.008868
2025-07-11 11:00:00+03:00,117632.15,0,btc,0.0,0.008868
2025-07-11 11:05:00+03:00,117687.22,0,btc,0.0,0.008868
2025-07-11 11:10:00+03:00,117790.85,0,btc,0.0,0.008868
2025-07-11 11:15:00+03:00,117900.0,0,btc,0.0,0.008868
2025-07-11 11:20:00+03:00,117944.5,0,btc,0.0,0.008868
2025-07-11 11:25:00+03:00,117985.31,0,btc,0.0,0.008868
2025-07-11 11:30:00+03:00,118009.62,0,btc,0.0,0.008868
2025-07-11 11:35:00+03:00,117942.01,0,btc,0.0,0.008868
2025-07-11 11:40:00+03:00,117999.98,0,btc,0.0,0.008868
2025-07-11 11:45:00+03:00,117980.94,0,btc,0.0,0.008868
2025-07-11 11:50:00+03:00,117994.92,0,btc,0.0,0.008868
2025-07-11 11:55:00+03:00,117964.76,0,btc,0.0,0.008868
2025-07-11 12:00:00+03:00,117926.29,0,btc,0.0,0.008868
2025-07-11 12:05:00+03:00,117987.98,0,btc,0.0,0.008868
2025-07-11 12:10:00+03:00,118033.16,0,btc,0.0,0.008868
2025-07-11 12:15:00+03:00,118134.46,0,btc,0.0,0.008868
2025-07-11 12:20:00+03:00,118173.46,0,btc,0.0,0.008868
2025-07-11 12:25:00+03:00,118170.45,0,btc,0.0,0.008868
2025-07-11 12:30:00+03:00,118420.01,-1,cash,1050.09,0.0
2025-07-11 12:35:00+03:00,118783.94,-1,cash,1050.09,0.0
2025-07-11 12:40:00+03:00,118583.87,-1,cash,1050.09,0.0
2025-07-11 12:45:00+03:00,118712.0,-1,cash,1050.09,0.0
2025-07-11 12:50:00+03:00,118467.81,0,cash,1050.09,0.0
2025-07-11 12:55:00+03:00,118470.34,0,cash,1050.09,0.0
2025-07-11 13:00:00+03:00,118374.15,0,cash,1050.09,0.0
2025-07-11 13:05:00+03:00,118306.37,0,cash,1050.09,0.0
2025-07-11 13:10:00+03:00,118120.39,1,btc,0.0,0.00889
2025-07-11 13:15:00+03:00,118065.9,1,btc,0.0,0.00889
2025-07-11 13:20:00+03:00,118297.8,0,btc,0.0,0.00889
2025-07-11 13:25:00+03:00,118228.54,0,btc,0.0,0.00889
2025-07-11 13:30:00+03:00,118160.01,0,btc,0.0,0.00889
2025-07-11 13:35:00+03:00,118056.7,0,btc,0.0,0.00889
2025-07-11 13:40:00+03:00,118083.33,0,btc,0.0,0.00889
2025-07-11 13:45:00+03:00,118117.79,0,btc,0.0,0.00889
2025-07-11 13:50:00+03:00,118093.63,0,btc,0.0,0.00889
2025-07-11 13:55:00+03:00,117983.78,0,btc,0.0,0.00889
2025-07-11 14:00:00+03:00,118107.6,0,btc,0.0,0.00889
2025-07-11 14:05:00+03:00,118000.0,0,btc,0.0,0.00889
2025-07-11 14:10:00+03:00,117727.88,1,btc,0.0,0.00889
2025-07-11 14:15:00+03:00,117647.57,1,btc,0.0,0.00889
2025-07-11 14:20:00+03:00,117653.81,1,btc,0.0,0.00889
2025-07-11 14:25:00+03:00,117684.22,0,btc,0.0,0.00889
2025-07-11 14:30:00+03:00,117737.99,0,btc,0.0,0.00889
2025-07-11 14:35:00+03:00,117784.34,0,btc,0.0,0.00889
2025-07-11 14:40:00+03:00,117763.01,0,btc,0.0,0.00889
2025-07-11 14:45:00+03:00,117705.57,0,btc,0.0,0.00889
2025-07-11 14:50:00+03:00,117945.31,0,btc,0.0,0.00889
2025-07-11 14:55:00+03:00,117821.91,0,btc,0.0,0.00889
2025-07-11 15:00:00+03:00,117980.5,0,btc,0.0,0.00889
2025-07-11 15:05:00+03:00,118035.4,0,btc,0.0,0.00889
2025-07-11 15:10:00+03:00,118235.01,-1,cash,1051.11,0.0
2025-07-11 15:15:00+03:00,118060.21,0,cash,1051.11,0.0
2025-07-11 15:20:00+03:00,117898.85,0,cash,1051.11,0.0
2025-07-11 15:25:00+03:00,117751.03,0,cash,1051.11,0.0
2025-07-11 15:30:00+03:00,117870.16,0,cash,1051.11,0.0
2025-07-11 15:35:00+03:00,117819.76,0,cash,1051.11,0.0
2025-07-11 15:40:00+03:00,117762.86,0,cash,1051.11,0.0
2025-07-11 15:45:00+03:00,117752.01,0,cash,1051.11,0.0
2025-07-11 15:50:00+03:00,117790.66,0,cash,1051.11,0.0
2025-07-11 15:55:00+03:00,117878.11,0,cash,1051.11,0.0
2025-07-11 16:00:00+03:00,117955.22,0,cash,1051.11,0.0
2025-07-11 16:05:00+03:00,117800.28,0,cash,1051.11,0.0
2025-07-11 16:10:00+03:00,117791.99,0,cash,1051.11,0.0
2025-07-11 16:15:00+03:00,117700.1,0,cash,1051.11,0.0
2025-07-11 16:20:00+03:00,117794.44,0,cash,1051.11,0.0
2025-07-11 16:25:00+03:00,117651.34,0,cash,1051.11,0.0
2025-07-11 16:30:00+03:00,117396.0,1,btc,0.0,0.008954
2025-07-11 16:35:00+03:00,117634.45,0,btc,0.0,0.008954
2025-07-11 16:40:00+03:00,117451.0,1,btc,0.0,0.008954
2025-07-11 16:45:00+03:00,117731.61,0,btc,0.0,0.008954
2025-07-11 16:50:00+03:00,117740.86,0,btc,0.0,0.008954
2025-07-11 16:55:00+03:00,117989.18,-1,cash,1056.42,0.0
2025-07-11 17:00:00+03:00,117951.21,-1,cash,1056.42,0.0
2025-07-11 17:05:00+03:00,117839.39,0,cash,1056.42,0.0
2025-07-11 17:10:00+03:00,117956.0,0,cash,1056.42,0.0
2025-07-11 17:15:00+03:00,117797.66,0,cash,1056.42,0.0
2025-07-11 17:20:00+03:00,117892.1,0,cash,1056.42,0.0
2025-07-11 17:25:00+03:00,117925.27,0,cash,1056.42,0.0
2025-07-11 17:30:00+03:00,118082.45,0,cash,1056.42,0.0
2025-07-11 17:35:00+03:00,117994.58,0,cash,1056.42,0.0
2025-07-11 17:40:00+03:00,118028.6,0,cash,1056.42,0.0
2025-07-11 17:45:00+03:00,118011.99,0,cash,1056.42,0.0
2025-07-11 17:50:00+03:00,117619.99,1,btc,0.0,0.008982
2025-07-11 17:55:00+03:00,117858.16,0,btc,0.0,0.008982
2025-07-11 18:00:00+03:00,117882.4,0,btc,0.0,0.008982
2025-07-11 18:05:00+03:00,117836.0,0,btc,0.0,0.008982
2025-07-11 18:10:00+03:00,117644.22,1,btc,0.0,0.008982
2025-07-11 18:15:00+03:00,117761.51,0,btc,0.0,0.008982
2025-07-11 18:20:00+03:00,117708.43,0,btc,0.0,0.008982
2025-07-11 18:25:00+03:00,117759.99,0,btc,0.0,0.008982
2025-07-11 18:30:00+03:00,117426.54,1,btc,0.0,0.008982
2025-07-11 18:35:00+03:00,117514.59,0,btc,0.0,0.008982
2025-07-11 18:40:00+03:00,117420.0,1,btc,0.0,0.008982
2025-07-11 18:45:00+03:00,117187.25,1,btc,0.0,0.008982
2025-07-11 18:50:00+03:00,116915.99,1,btc,0.0,0.008982
2025-07-11 18:55:00+03:00,116902.59,1,btc,0.0,0.008982
2025-07-11 19:00:00+03:00,116944.95,1,btc,0.0,0.008982
2025-07-11 19:05:00+03:00,116736.0,1,btc,0.0,0.008982
2025-07-11 19:10:00+03:00,116831.38,1,btc,0.0,0.008982
2025-07-11 19:15:00+03:00,116679.05,1,btc,0.0,0.008982
2025-07-11 19:20:00+03:00,117195.1,0,btc,0.0,0.008982
2025-07-11 19:25:00+03:00,117261.07,-1,cash,1053.2,0.0
2025-07-11 19:30:00+03:00,117328.52,-1,cash,1053.2,0.0
2025-07-11 19:35:00+03:00,117391.74,-1,cash,1053.2,0.0
2025-07-11 19:40:00+03:00,117302.79,-1,cash,1053.2,0.0
2025-07-11 19:45:00+03:00,117214.07,0,cash,1053.2,0.0
2025-07-11 19:50:00+03:00,117398.0,-1,cash,1053.2,0.0
2025-07-11 19:55:00+03:00,117393.39,0,cash,1053.2,0.0
2025-07-11 20:00:00+03:00,117465.51,0,cash,1053.2,0.0
2025-07-11 20:05:00+03:00,117688.01,-1,cash,1053.2,0.0
2025-07-11 20:10:00+03:00,117484.01,0,cash,1053.2,0.0
2025-07-11 20:15:00+03:00,117574.97,0,cash,1053.2,0.0
2025-07-11 20:20:00+03:00,117453.02,0,cash,1053.2,0.0
2025-07-11 20:25:00+03:00,117514.61,0,cash,1053.2,0.0
2025-07-11 20:30:00+03:00,117420.01,0,cash,1053.2,0.0
2025-07-11 20:35:00+03:00,117320.01,0,cash,1053.2,0.0
2025-07-11 20:40:00+03:00,117405.19,0,cash,1053.2,0.0
2025-07-11 20:45:00+03:00,117521.94,0,cash,1053.2,0.0
2025-07-11 20:50:00+03:00,117607.84,0,cash,1053.2,0.0
2025-07-11 20:55:00+03:00,117640.0,0,cash,1053.2,0.0
2025-07-11 21:00:00+03:00,117634.58,0,cash,1053.2,0.0
2025-07-11 21:05:00+03:00,117540.21,0,cash,1053.2,0.0
2025-07-11 21:10:00+03:00,117566.89,0,cash,1053.2,0.0
2025-07-11 21:15:00+03:00,117500.0,0,cash,1053.2,0.0
2025-07-11 21:20:00+03:00,117583.14,0,cash,1053.2,0.0
2025-07-11 21:25:00+03:00,117330.54,0,cash,1053.2,0.0
2025-07-11 21:30:00+03:00,117511.24,0,cash,1053.2,0.0
2025-07-11 21:35:00+03:00,117480.0,0,cash,1053.2,0.0
2025-07-11 21:40:00+03:00,117624.11,0,cash,1053.2,0.0
2025-07-11 21:45:00+03:00,117533.77,0,cash,1053.2,0.0
2025-07-11 21:50:00+03:00,117687.22,0,cash,1053.2,0.0
2025-07-11 21:55:00+03:00,117694.01,0,cash,1053.2,0.0
2025-07-11 22:00:00+03:00,117556.79,0,cash,1053.2,0.0
2025-07-11 22:05:00+03:00,117612.12,0,cash,1053.2,0.0
2025-07-11 22:10:00+03:00,117739.5,0,cash,1053.2,0.0
2025-07-11 22:15:00+03:00,117979.78,-1,cash,1053.2,0.0
2025-07-11 22:20:00+03:00,118076.78,-1,cash,1053.2,0.0
2025-07-11 22:25:00+03:00,117904.57,0,cash,1053.2,0.0
2025-07-11 22:30:00+03:00,117869.9,0,cash,1053.2,0.0
2025-07-11 22:35:00+03:00,117891.77,0,cash,1053.2,0.0
2025-07-11 22:40:00+03:00,117848.51,0,cash,1053.2,0.0
2025-07-11 22:45:00+03:00,117886.11,0,cash,1053.2,0.0
2025-07-11 22:50:00+03:00,117969.95,0,cash,1053.2,0.0
2025-07-11 22:55:00+03:00,118108.81,0,cash,1053.2,0.0
2025-07-11 23:00:00+03:00,117851.13,0,cash,1053.2,0.0
2025-07-11 23:05:00+03:00,117906.09,0,cash,1053.2,0.0
2025-07-11 23:10:00+03:00,117956.01,0,cash,1053.2,0.0
2025-07-11 23:15:00+03:00,117951.22,0,cash,1053.2,0.0
2025-07-11 23:20:00+03:00,117922.28,0,cash,1053.2,0.0
2025-07-11 23:25:00+03:00,117923.99,0,cash,1053.2,0.0
2025-07-11 23:30:00+03:00,117763.2,0,cash,1053.2,0.0
2025-07-11 23:35:00+03:00,117853.03,0,cash,1053.2,0.0
2025-07-11 23:40:00+03:00,117827.51,0,cash,1053.2,0.0
2025-07-11 23:45:00+03:00,117884.06,0,cash,1053.2,0.0
2025-07-11 23:50:00+03:00,117847.66,0,cash,1053.2,0.0
2025-07-11 23:55:00+03:00,117664.46,0,cash,1053.2,0.0
2025-07-12 00:00:00+03:00,117692.52,0,cash,1053.2,0.0
2025-07-12 00:05:00+03:00,117575.67,0,cash,1053.2,0.0
2025-07-12 00:10:00+03:00,117640.6,0,cash,1053.2,0.0
2025-07-12 00:15:00+03:00,117679.96,0,cash,1053.2,0.0
2025-07-12 00:20:00+03:00,117880.0,0,cash,1053.2,0.0
2025-07-12 00:25:00+03:00,117846.46,0,cash,1053.2,0.0
2025-07-12 00:30:00+03:00,117791.5,0,cash,1053.2,0.0
2025-07-12 00:35:00+03:00,117543.79,0,cash,1053.2,0.0
2025-07-12 00:40:00+03:00,117480.01,0,cash,1053.2,0.0
2025-07-12 00:45:00+03:00,117664.83,0,cash,1053.2,0.0
2025-07-12 00:50:00+03:00,117482.9,0,cash,1053.2,0.0
2025-07-12 00:55:00+03:00,117619.99,0,cash,1053.2,0.0
2025-07-12 01:00:00+03:00,117636.85,0,cash,1053.2,0.0
2025-07-12 01:05:00+03:00,117572.0,0,cash,1053.2,0.0
2025-07-12 01:10:00+03:00,117500.01,0,cash,1053.2,0.0
2025-07-12 01:15:00+03:00,117545.15,0,cash,1053.2,0.0
2025-07-12 01:20:00+03:00,117400.0,0,cash,1053.2,0.0
2025-07-12 01:25:00+03:00,117270.26,1,btc,0.0,0.008981
2025-07-12 01:30:00+03:00,117661.76,0,btc,0.0,0.008981
2025-07-12 01:35:00+03:00,117374.0,0,btc,0.0,0.008981
2025-07-12 01:40:00+03:00,117402.62,0,btc,0.0,0.008981
