timestamp,price,signal,balance_usdt,balance_btc,total_balance_usdt,stop_triggered,strategy,mode
2025-07-10 07:50:00+03:00,111115.22,0,1000.0,0.0,1000.0,False,mean_reversion,scaled
2025-07-10 07:55:00+03:00,111150.0,0,1000.0,0.0,1000.0,False,mean_reversion,scaled
2025-07-10 08:00:00+03:00,111068.47,0,1000.0,0.0,1000.0,False,mean_reversion,scaled
2025-07-10 08:05:00+03:00,110980.0,0,1000.0,0.0,1000.0,False,mean_reversion,scaled
2025-07-10 08:10:00+03:00,110986.91,0,1000.0,0.0,1000.0,False,mean_reversion,scaled
2025-07-10 08:15:00+03:00,110971.0,0,1000.0,0.0,1000.0,False,mean_reversion,scaled
2025-07-10 08:20:00+03:00,110940.26,0,1000.0,0.0,1000.0,False,mean_reversion,scaled
2025-07-10 08:25:00+03:00,110993.61,0,1000.0,0.0,1000.0,False,mean_reversion,scaled
2025-07-10 08:30:00+03:00,110950.7,0,1000.0,0.0,1000.0,False,mean_reversion,scaled
2025-07-10 08:35:00+03:00,110950.71,0,1000.0,0.0,1000.0,False,mean_reversion,scaled
2025-07-10 08:40:00+03:00,110950.71,0,1000.0,0.0,1000.0,False,mean_reversion,scaled
2025-07-10 08:45:00+03:00,110949.4,0,1000.0,0.0,1000.0,False,mean_reversion,scaled
2025-07-10 08:50:00+03:00,111042.38,0,1000.0,0.0,1000.0,False,mean_reversion,scaled
2025-07-10 08:55:00+03:00,111086.14,0,1000.0,0.0,1000.0,False,mean_reversion,scaled
2025-07-10 09:00:00+03:00,111157.01,0,1000.0,0.0,1000.0,False,mean_reversion,scaled
2025-07-10 09:05:00+03:00,111095.28,0,1000.0,0.0,1000.0,False,mean_reversion,scaled
2025-07-10 09:10:00+03:00,111142.0,0,1000.0,0.0,1000.0,False,mean_reversion,scaled
2025-07-10 09:15:00+03:00,111153.32,0,1000.0,0.0,1000.0,False,mean_reversion,scaled
2025-07-10 09:20:00+03:00,111254.95,0,1000.0,0.0,1000.0,False,mean_reversion,scaled
2025-07-10 09:25:00+03:00,111278.66,0,1000.0,0.0,1000.0,False,mean_reversion,scaled
2025-07-10 09:30:00+03:00,111254.76,0,1000.0,0.0,1000.0,False,mean_reversion,scaled
2025-07-10 09:35:00+03:00,111159.2,0,1000.0,0.0,1000.0,False,mean_reversion,scaled
2025-07-10 09:40:00+03:00,111141.93,0,1000.0,0.0,1000.0,False,mean_reversion,scaled
2025-07-10 09:45:00+03:00,111197.07,0,1000.0,0.0,1000.0,False,mean_reversion,scaled
2025-07-10 09:50:00+03:00,111258.27,0,1000.0,0.0,1000.0,False,mean_reversion,scaled
2025-07-10 09:55:00+03:00,111233.34,0,1000.0,0.0,1000.0,False,mean_reversion,scaled
2025-07-10 10:00:00+03:00,111249.75,0,1000.0,0.0,1000.0,False,mean_reversion,scaled
2025-07-10 10:05:00+03:00,111432.45,0,1000.0,0.0,1000.0,False,mean_reversion,scaled
2025-07-10 10:10:00+03:00,111394.53,0,1000.0,0.0,1000.0,False,mean_reversion,scaled
2025-07-10 10:15:00+03:00,111372.0,0,1000.0,0.0,1000.0,False,mean_reversion,scaled
2025-07-10 10:20:00+03:00,111336.01,0,1000.0,0.0,1000.0,False,mean_reversion,scaled
2025-07-10 10:25:00+03:00,111363.89,0,1000.0,0.0,1000.0,False,mean_reversion,scaled
2025-07-10 10:30:00+03:00,111349.5,0,1000.0,0.0,1000.0,False,mean_reversion,scaled
2025-07-10 10:35:00+03:00,111250.01,0,1000.0,0.0,1000.0,False,mean_reversion,scaled
2025-07-10 10:40:00+03:00,111277.32,0,1000.0,0.0,1000.0,False,mean_reversion,scaled
2025-07-10 10:45:00+03:00,111255.01,0,1000.0,0.0,1000.0,False,mean_reversion,scaled
2025-07-10 10:50:00+03:00,111224.59,0,1000.0,0.0,1000.0,False,mean_reversion,scaled
2025-07-10 10:55:00+03:00,111230.0,0,1000.0,0.0,1000.0,False,mean_reversion,scaled
2025-07-10 11:00:00+03:00,111146.93,0,1000.0,0.0,1000.0,False,mean_reversion,scaled
2025-07-10 11:05:00+03:00,111125.01,0,1000.0,0.0,1000.0,False,mean_reversion,scaled
2025-07-10 11:10:00+03:00,111123.94,0,1000.0,0.0,1000.0,False,mean_reversion,scaled
2025-07-10 11:15:00+03:00,111276.91,0,1000.0,0.0,1000.0,False,mean_reversion,scaled
2025-07-10 11:20:00+03:00,111263.0,0,1000.0,0.0,1000.0,False,mean_reversion,scaled
2025-07-10 11:25:00+03:00,111260.33,0,1000.0,0.0,1000.0,False,mean_reversion,scaled
2025-07-10 11:30:00+03:00,111274.82,0,1000.0,0.0,1000.0,False,mean_reversion,scaled
2025-07-10 11:35:00+03:00,111349.96,0,1000.0,0.0,1000.0,False,mean_reversion,scaled
2025-07-10 11:40:00+03:00,111386.89,0,1000.0,0.0,1000.0,False,mean_reversion,scaled
2025-07-10 11:45:00+03:00,111335.06,0,1000.0,0.0,1000.0,False,mean_reversion,scaled
2025-07-10 11:50:00+03:00,111243.99,0,1000.0,0.0,1000.0,False,mean_reversion,scaled
2025-07-10 11:55:00+03:00,111233.33,0,1000.0,0.0,1000.0,False,mean_reversion,scaled
2025-07-10 12:00:00+03:00,111189.6,0,1000.0,0.0,1000.0,False,mean_reversion,scaled
2025-07-10 12:05:00+03:00,111180.32,0,1000.0,0.0,1000.0,False,mean_reversion,scaled
2025-07-10 12:10:00+03:00,111160.37,0,1000.0,0.0,1000.0,False,mean_reversion,scaled
2025-07-10 12:15:00+03:00,111200.01,0,1000.0,0.0,1000.0,False,mean_reversion,scaled
2025-07-10 12:20:00+03:00,111115.42,0,1000.0,0.0,1000.0,False,mean_reversion,scaled
2025-07-10 12:25:00+03:00,111130.0,0,1000.0,0.0,1000.0,False,mean_reversion,scaled
2025-07-10 12:30:00+03:00,111127.99,0,1000.0,0.0,1000.0,False,mean_reversion,scaled
2025-07-10 12:35:00+03:00,111130.5,0,1000.0,0.0,1000.0,False,mean_reversion,scaled
2025-07-10 12:40:00+03:00,111086.28,0,1000.0,0.0,1000.0,False,mean_reversion,scaled
2025-07-10 12:45:00+03:00,111086.72,0,1000.0,0.0,1000.0,False,mean_reversion,scaled
2025-07-10 12:50:00+03:00,111084.28,0,1000.0,0.0,1000.0,False,mean_reversion,scaled
2025-07-10 12:55:00+03:00,111041.36,0,1000.0,0.0,1000.0,False,mean_reversion,scaled
2025-07-10 13:00:00+03:00,111014.7,0,1000.0,0.0,1000.0,False,mean_reversion,scaled
2025-07-10 13:05:00+03:00,111011.0,0,1000.0,0.0,1000.0,False,mean_reversion,scaled
2025-07-10 13:10:00+03:00,110991.17,0,1000.0,0.0,1000.0,False,mean_reversion,scaled
2025-07-10 13:15:00+03:00,111024.93,0,1000.0,0.0,1000.0,False,mean_reversion,scaled
2025-07-10 13:20:00+03:00,111009.88,0,1000.0,0.0,1000.0,False,mean_reversion,scaled
2025-07-10 13:25:00+03:00,111009.88,0,1000.0,0.0,1000.0,False,mean_reversion,scaled
2025-07-10 13:30:00+03:00,111048.86,0,1000.0,0.0,1000.0,False,mean_reversion,scaled
2025-07-10 13:35:00+03:00,111046.54,0,1000.0,0.0,1000.0,False,mean_reversion,scaled
2025-07-10 13:40:00+03:00,110944.01,0,1000.0,0.0,1000.0,False,mean_reversion,scaled
2025-07-10 13:45:00+03:00,110903.32,0,1000.0,0.0,1000.0,False,mean_reversion,scaled
2025-07-10 13:50:00+03:00,111035.67,0,1000.0,0.0,1000.0,False,mean_reversion,scaled
2025-07-10 13:55:00+03:00,111088.51,0,1000.0,0.0,1000.0,False,mean_reversion,scaled
2025-07-10 14:00:00+03:00,111054.84,0,1000.0,0.0,1000.0,False,mean_reversion,scaled
2025-07-10 14:05:00+03:00,111125.8,0,1000.0,0.0,1000.0,False,mean_reversion,scaled
2025-07-10 14:10:00+03:00,111081.49,0,1000.0,0.0,1000.0,False,mean_reversion,scaled
2025-07-10 14:15:00+03:00,111080.98,0,1000.0,0.0,1000.0,False,mean_reversion,scaled
2025-07-10 14:20:00+03:00,111112.47,0,1000.0,0.0,1000.0,False,mean_reversion,scaled
2025-07-10 14:25:00+03:00,111165.25,0,1000.0,0.0,1000.0,False,mean_reversion,scaled
2025-07-10 14:30:00+03:00,111090.0,0,1000.0,0.0,1000.0,False,mean_reversion,scaled
2025-07-10 14:35:00+03:00,111033.52,0,1000.0,0.0,1000.0,False,mean_reversion,scaled
2025-07-10 14:40:00+03:00,111085.67,0,1000.0,0.0,1000.0,False,mean_reversion,scaled
2025-07-10 14:45:00+03:00,111054.28,0,1000.0,0.0,1000.0,False,mean_reversion,scaled
2025-07-10 14:50:00+03:00,110988.92,0,1000.0,0.0,1000.0,False,mean_reversion,scaled
2025-07-10 14:55:00+03:00,111019.99,0,1000.0,0.0,1000.0,False,mean_reversion,scaled
2025-07-10 15:00:00+03:00,110892.21,0,1000.0,0.0,1000.0,False,mean_reversion,scaled
2025-07-10 15:05:00+03:00,110871.99,0,1000.0,0.0,1000.0,False,mean_reversion,scaled
2025-07-10 15:10:00+03:00,110812.87,0,1000.0,0.0,1000.0,False,mean_reversion,scaled
2025-07-10 15:15:00+03:00,110835.14,0,1000.0,0.0,1000.0,False,mean_reversion,scaled
2025-07-10 15:20:00+03:00,110805.13,0,1000.0,0.0,1000.0,False,mean_reversion,scaled
2025-07-10 15:25:00+03:00,110921.4,0,1000.0,0.0,1000.0,False,mean_reversion,scaled
2025-07-10 15:30:00+03:00,110854.22,0,1000.0,0.0,1000.0,False,mean_reversion,scaled
2025-07-10 15:35:00+03:00,110853.08,0,1000.0,0.0,1000.0,False,mean_reversion,scaled
2025-07-10 15:40:00+03:00,110835.76,0,1000.0,0.0,1000.0,False,mean_reversion,scaled
2025-07-10 15:45:00+03:00,110838.31,0,1000.0,0.0,1000.0,False,mean_reversion,scaled
2025-07-10 15:50:00+03:00,110820.01,0,1000.0,0.0,1000.0,False,mean_reversion,scaled
2025-07-10 15:55:00+03:00,110869.0,0,1000.0,0.0,1000.0,False,mean_reversion,scaled
2025-07-10 16:00:00+03:00,110911.27,0,1000.0,0.0,1000.0,False,mean_reversion,scaled
2025-07-10 16:05:00+03:00,110872.59,0,1000.0,0.0,1000.0,False,mean_reversion,scaled
2025-07-10 16:10:00+03:00,110899.85,0,1000.0,0.0,1000.0,False,mean_reversion,scaled
2025-07-10 16:15:00+03:00,110937.44,0,1000.0,0.0,1000.0,False,mean_reversion,scaled
2025-07-10 16:20:00+03:00,110965.18,0,1000.0,0.0,1000.0,False,mean_reversion,scaled
2025-07-10 16:25:00+03:00,111039.99,0,1000.0,0.0,1000.0,False,mean_reversion,scaled
2025-07-10 16:30:00+03:00,110708.63,0,1000.0,0.0,1000.0,False,mean_reversion,scaled
2025-07-10 16:35:00+03:00,110772.21,0,1000.0,0.0,1000.0,False,mean_reversion,scaled
2025-07-10 16:40:00+03:00,110798.3,0,1000.0,0.0,1000.0,False,mean_reversion,scaled
2025-07-10 16:45:00+03:00,110629.32,1,50.0,0.008587,1000.0,False,mean_reversion,scaled
2025-07-10 16:50:00+03:00,110829.13,0,50.0,0.008587,1001.72,False,mean_reversion,scaled
2025-07-10 16:55:00+03:00,110800.01,0,50.0,0.008587,1001.47,False,mean_reversion,scaled
2025-07-10 17:00:00+03:00,110839.99,0,50.0,0.008587,1001.81,False,mean_reversion,scaled
2025-07-10 17:05:00+03:00,110990.28,0,50.0,0.008587,1003.1,False,mean_reversion,scaled
2025-07-10 17:10:00+03:00,111095.11,-1,97.7,0.008158,1004.0,False,mean_reversion,scaled
2025-07-10 17:15:00+03:00,111290.0,-1,143.09,0.00775,1005.59,False,mean_reversion,scaled
2025-07-10 17:20:00+03:00,111035.0,0,143.09,0.00775,1003.61,False,mean_reversion,scaled
2025-07-10 17:25:00+03:00,110872.0,0,143.09,0.00775,1002.35,False,mean_reversion,scaled
2025-07-10 17:30:00+03:00,110972.0,0,143.09,0.00775,1003.13,False,mean_reversion,scaled
2025-07-10 17:35:00+03:00,111129.99,0,143.09,0.00775,1004.35,False,mean_reversion,scaled
2025-07-10 17:40:00+03:00,111059.98,0,143.09,0.00775,1003.81,False,mean_reversion,scaled
2025-07-10 17:45:00+03:00,111140.0,0,143.09,0.00775,1004.43,False,mean_reversion,scaled
2025-07-10 17:50:00+03:00,111209.03,0,143.09,0.00775,1004.96,False,mean_reversion,scaled
2025-07-10 17:55:00+03:00,111247.57,0,143.09,0.00775,1005.26,False,mean_reversion,scaled
2025-07-10 18:00:00+03:00,111227.3,0,143.09,0.00775,1005.1,False,mean_reversion,scaled
2025-07-10 18:05:00+03:00,111185.31,0,143.09,0.00775,1004.78,False,mean_reversion,scaled
2025-07-10 18:10:00+03:00,110994.83,0,143.09,0.00775,1003.3,False,mean_reversion,scaled
2025-07-10 18:15:00+03:00,111300.49,0,143.09,0.00775,1005.67,False,mean_reversion,scaled
2025-07-10 18:20:00+03:00,111202.2,0,143.09,0.00775,1004.91,False,mean_reversion,scaled
2025-07-10 18:25:00+03:00,111331.14,0,143.09,0.00775,1005.91,False,mean_reversion,scaled
2025-07-10 18:30:00+03:00,111277.65,0,143.09,0.00775,1005.49,False,mean_reversion,scaled
2025-07-10 18:35:00+03:00,111267.71,0,143.09,0.00775,1005.42,False,mean_reversion,scaled
2025-07-10 18:40:00+03:00,111178.47,0,143.09,0.00775,1004.73,False,mean_reversion,scaled
2025-07-10 18:45:00+03:00,111288.84,0,143.09,0.00775,1005.58,False,mean_reversion,scaled
2025-07-10 18:50:00+03:00,111366.26,0,143.09,0.00775,1006.18,False,mean_reversion,scaled
2025-07-10 18:55:00+03:00,111408.4,0,143.09,0.00775,1006.51,False,mean_reversion,scaled
2025-07-10 19:00:00+03:00,111374.67,0,143.09,0.00775,1006.25,False,mean_reversion,scaled
2025-07-10 19:05:00+03:00,111426.71,0,143.09,0.00775,1006.65,False,mean_reversion,scaled
2025-07-10 19:10:00+03:00,111472.62,0,143.09,0.00775,1007.01,False,mean_reversion,scaled
2025-07-10 19:15:00+03:00,111715.43,-1,186.38,0.007362,1008.89,False,mean_reversion,scaled
2025-07-10 19:20:00+03:00,112288.47,-1,227.72,0.006994,1013.11,False,mean_reversion,scaled
2025-07-10 19:25:00+03:00,112376.92,-1,267.02,0.006645,1013.72,False,mean_reversion,scaled
2025-07-10 19:30:00+03:00,112643.8,-1,304.44,0.006312,1015.5,False,mean_reversion,scaled
2025-07-10 19:35:00+03:00,112695.04,-1,340.01,0.005997,1015.82,False,mean_reversion,scaled
2025-07-10 19:40:00+03:00,112637.66,-1,373.79,0.005697,1015.48,False,mean_reversion,scaled
2025-07-10 19:45:00+03:00,112517.67,-1,405.84,0.005412,1014.79,False,mean_reversion,scaled
2025-07-10 19:50:00+03:00,112590.12,-1,436.3,0.005141,1015.19,False,mean_reversion,scaled
2025-07-10 19:55:00+03:00,112643.48,-1,465.26,0.004884,1015.46,False,mean_reversion,scaled
2025-07-10 20:00:00+03:00,112699.99,0,465.26,0.004884,1015.74,False,mean_reversion,scaled
2025-07-10 20:05:00+03:00,113292.28,-1,492.93,0.00464,1018.63,False,mean_reversion,scaled
2025-07-10 20:10:00+03:00,113433.07,-1,519.25,0.004408,1019.28,False,mean_reversion,scaled
2025-07-10 20:15:00+03:00,113246.35,-1,544.21,0.004188,1018.46,False,mean_reversion,scaled
2025-07-10 20:20:00+03:00,113401.8,-1,567.95,0.003978,1019.11,False,mean_reversion,scaled
2025-07-10 20:25:00+03:00,113454.02,-1,590.52,0.003779,1019.32,False,mean_reversion,scaled
2025-07-10 20:30:00+03:00,113587.76,-1,611.99,0.00359,1019.82,False,mean_reversion,scaled
2025-07-10 20:35:00+03:00,113640.62,-1,632.39,0.003411,1020.01,False,mean_reversion,scaled
2025-07-10 20:40:00+03:00,113619.98,-1,651.77,0.00324,1019.94,False,mean_reversion,scaled
2025-07-10 20:45:00+03:00,113510.77,0,651.77,0.00324,1019.59,False,mean_reversion,scaled
2025-07-10 20:50:00+03:00,113752.1,-1,670.2,0.003078,1020.37,False,mean_reversion,scaled
2025-07-10 20:55:00+03:00,113722.82,0,670.2,0.003078,1020.28,False,mean_reversion,scaled
2025-07-10 21:00:00+03:00,113588.97,0,670.2,0.003078,1019.87,False,mean_reversion,scaled
2025-07-10 21:05:00+03:00,113411.28,0,670.2,0.003078,1019.32,False,mean_reversion,scaled
2025-07-10 21:10:00+03:00,113348.69,0,670.2,0.003078,1019.13,False,mean_reversion,scaled
2025-07-10 21:15:00+03:00,113520.53,0,670.2,0.003078,1019.66,False,mean_reversion,scaled
2025-07-10 21:20:00+03:00,113280.0,1,33.51,0.008699,1018.92,False,mean_reversion,scaled
2025-07-10 21:25:00+03:00,113182.35,1,1.68,0.00898,1018.07,False,mean_reversion,scaled
2025-07-10 21:30:00+03:00,113192.37,1,1.68,0.00898,1018.16,False,mean_reversion,scaled
2025-07-10 21:35:00+03:00,113086.35,1,1.68,0.00898,1017.21,False,mean_reversion,scaled
2025-07-10 21:40:00+03:00,113059.33,1,1.68,0.00898,1016.96,False,mean_reversion,scaled
2025-07-10 21:45:00+03:00,113216.7,0,1.68,0.00898,1018.38,False,mean_reversion,scaled
2025-07-10 21:50:00+03:00,113335.99,0,1.68,0.00898,1019.45,False,mean_reversion,scaled
2025-07-10 21:55:00+03:00,113420.0,0,1.68,0.00898,1020.2,False,mean_reversion,scaled
2025-07-10 22:00:00+03:00,113564.28,-1,52.67,0.008531,1021.5,False,mean_reversion,scaled
2025-07-10 22:05:00+03:00,113612.07,-1,101.13,0.008105,1021.91,False,mean_reversion,scaled
2025-07-10 22:10:00+03:00,113649.97,-1,147.18,0.007699,1022.21,False,mean_reversion,scaled
2025-07-10 22:15:00+03:00,113602.43,-1,190.92,0.007314,1021.85,False,mean_reversion,scaled
2025-07-10 22:20:00+03:00,113461.15,0,190.92,0.007314,1020.81,False,mean_reversion,scaled
2025-07-10 22:25:00+03:00,113340.61,0,190.92,0.007314,1019.93,False,mean_reversion,scaled
2025-07-10 22:30:00+03:00,113149.75,1,9.55,0.008917,1018.54,False,mean_reversion,scaled
2025-07-10 22:35:00+03:00,113142.42,1,9.55,0.008917,1018.47,False,mean_reversion,scaled
2025-07-10 22:40:00+03:00,113262.98,0,9.55,0.008917,1019.55,False,mean_reversion,scaled
2025-07-10 22:45:00+03:00,113165.01,1,9.55,0.008917,1018.67,False,mean_reversion,scaled
2025-07-10 22:50:00+03:00,113284.03,0,9.55,0.008917,1019.73,False,mean_reversion,scaled
2025-07-10 22:55:00+03:00,113301.81,0,9.55,0.008917,1019.89,False,mean_reversion,scaled
2025-07-10 23:00:00+03:00,113361.18,0,9.55,0.008917,1020.42,False,mean_reversion,scaled
2025-07-10 23:05:00+03:00,113315.81,0,9.55,0.008917,1020.02,False,mean_reversion,scaled
2025-07-10 23:10:00+03:00,113432.67,0,9.55,0.008917,1021.06,False,mean_reversion,scaled
2025-07-10 23:15:00+03:00,113451.39,0,9.55,0.008917,1021.23,False,mean_reversion,scaled
2025-07-10 23:20:00+03:00,113490.0,0,9.55,0.008917,1021.57,False,mean_reversion,scaled
2025-07-10 23:25:00+03:00,113447.54,0,9.55,0.008917,1021.19,False,mean_reversion,scaled
2025-07-10 23:30:00+03:00,113388.31,0,9.55,0.008917,1020.66,False,mean_reversion,scaled
2025-07-10 23:35:00+03:00,113448.0,0,9.55,0.008917,1021.2,False,mean_reversion,scaled
2025-07-10 23:40:00+03:00,113566.3,0,9.55,0.008917,1022.25,False,mean_reversion,scaled
2025-07-10 23:45:00+03:00,113513.77,0,9.55,0.008917,1021.78,False,mean_reversion,scaled
2025-07-10 23:50:00+03:00,113537.26,0,9.55,0.008917,1021.99,False,mean_reversion,scaled
2025-07-10 23:55:00+03:00,113493.16,0,9.55,0.008917,1021.6,False,mean_reversion,scaled
2025-07-11 00:00:00+03:00,113602.43,0,9.55,0.008917,1022.57,False,mean_reversion,scaled
2025-07-11 00:05:00+03:00,113612.29,0,9.55,0.008917,1022.66,False,mean_reversion,scaled
2025-07-11 00:10:00+03:00,113667.39,0,9.55,0.008917,1023.15,False,mean_reversion,scaled
2025-07-11 00:15:00+03:00,116195.25,-1,61.35,0.008471,1045.69,False,mean_reversion,scaled
2025-07-11 00:20:00+03:00,116020.36,-1,110.5,0.008048,1044.21,False,mean_reversion,scaled
2025-07-11 00:25:00+03:00,115727.5,-1,157.06,0.007645,1041.85,False,mean_reversion,scaled
2025-07-11 00:30:00+03:00,116195.56,-1,201.48,0.007263,1045.43,False,mean_reversion,scaled
2025-07-11 00:35:00+03:00,116301.04,-1,243.72,0.0069,1046.2,False,mean_reversion,scaled
2025-07-11 00:40:00+03:00,116300.0,-1,283.84,0.006555,1046.19,False,mean_reversion,scaled
2025-07-11 00:45:00+03:00,116553.9,-1,322.04,0.006227,1047.86,False,mean_reversion,scaled
2025-07-11 00:50:00+03:00,116524.0,-1,358.32,0.005916,1047.67,False,mean_reversion,scaled
2025-07-11 00:55:00+03:00,116490.52,-1,392.78,0.00562,1047.47,False,mean_reversion,scaled
2025-07-11 01:00:00+03:00,116253.1,0,392.78,0.00562,1046.14,False,mean_reversion,scaled
2025-07-11 01:05:00+03:00,116335.44,0,392.78,0.00562,1046.6,False,mean_reversion,scaled
2025-07-11 01:10:00+03:00,116108.61,0,392.78,0.00562,1045.33,False,mean_reversion,scaled
2025-07-11 01:15:00+03:00,116227.99,0,392.78,0.00562,1046.0,False,mean_reversion,scaled
2025-07-11 01:20:00+03:00,115953.16,1,19.64,0.008838,1044.45,False,mean_reversion,scaled
2025-07-11 01:25:00+03:00,115925.52,1,0.98,0.008999,1044.21,False,mean_reversion,scaled
2025-07-11 01:30:00+03:00,115885.39,1,0.98,0.008999,1043.85,False,mean_reversion,scaled
2025-07-11 01:35:00+03:00,115829.28,1,0.98,0.008999,1043.34,False,mean_reversion,scaled
2025-07-11 01:40:00+03:00,115962.95,0,0.98,0.008999,1044.54,False,mean_reversion,scaled
2025-07-11 01:45:00+03:00,116103.15,0,0.98,0.008999,1045.81,False,mean_reversion,scaled
2025-07-11 01:50:00+03:00,116100.64,0,0.98,0.008999,1045.78,False,mean_reversion,scaled
2025-07-11 01:55:00+03:00,116008.38,0,0.98,0.008999,1044.95,False,mean_reversion,scaled
2025-07-11 02:00:00+03:00,115946.94,0,0.98,0.008999,1044.4,False,mean_reversion,scaled
2025-07-11 02:05:00+03:00,116044.99,0,0.98,0.008999,1045.28,False,mean_reversion,scaled
2025-07-11 02:10:00+03:00,116008.5,0,0.98,0.008999,1044.95,False,mean_reversion,scaled
2025-07-11 02:15:00+03:00,115929.71,0,0.98,0.008999,1044.25,False,mean_reversion,scaled
2025-07-11 02:20:00+03:00,115836.73,0,0.98,0.008999,1043.41,False,mean_reversion,scaled
2025-07-11 02:25:00+03:00,115788.01,0,0.98,0.008999,1042.97,False,mean_reversion,scaled
2025-07-11 02:30:00+03:00,115657.76,1,0.98,0.008999,1041.8,False,mean_reversion,scaled
2025-07-11 02:35:00+03:00,115680.99,0,0.98,0.008999,1042.01,False,mean_reversion,scaled
2025-07-11 02:40:00+03:00,115786.12,0,0.98,0.008999,1042.95,False,mean_reversion,scaled
2025-07-11 02:45:00+03:00,115863.49,0,0.98,0.008999,1043.65,False,mean_reversion,scaled
2025-07-11 02:50:00+03:00,116010.0,0,0.98,0.008999,1044.97,False,mean_reversion,scaled
2025-07-11 02:55:00+03:00,116010.0,0,0.98,0.008999,1044.97,False,mean_reversion,scaled
2025-07-11 03:00:00+03:00,116020.01,0,0.98,0.008999,1045.06,False,mean_reversion,scaled
2025-07-11 03:05:00+03:00,116092.59,0,0.98,0.008999,1045.71,False,mean_reversion,scaled
2025-07-11 03:10:00+03:00,115890.46,0,0.98,0.008999,1043.89,False,mean_reversion,scaled
2025-07-11 03:15:00+03:00,115489.57,1,0.98,0.008999,1040.28,False,mean_reversion,scaled
2025-07-11 03:20:00+03:00,115316.08,1,0.98,0.008999,1038.72,False,mean_reversion,scaled
2025-07-11 03:25:00+03:00,115500.01,1,0.98,0.008999,1040.38,False,mean_reversion,scaled
2025-07-11 03:30:00+03:00,115567.03,0,0.98,0.008999,1040.98,False,mean_reversion,scaled
2025-07-11 03:35:00+03:00,115677.86,0,0.98,0.008999,1041.98,False,mean_reversion,scaled
2025-07-11 03:40:00+03:00,115444.84,1,0.98,0.008999,1039.88,False,mean_reversion,scaled
2025-07-11 03:45:00+03:00,115568.02,0,0.98,0.008999,1040.99,False,mean_reversion,scaled
2025-07-11 03:50:00+03:00,115518.14,0,0.98,0.008999,1040.54,False,mean_reversion,scaled
2025-07-11 03:55:00+03:00,115590.63,0,0.98,0.008999,1041.19,False,mean_reversion,scaled
2025-07-11 04:00:00+03:00,115574.02,0,0.98,0.008999,1041.04,False,mean_reversion,scaled
2025-07-11 04:05:00+03:00,115641.97,0,0.98,0.008999,1041.66,False,mean_reversion,scaled
2025-07-11 04:10:00+03:00,115656.01,0,0.98,0.008999,1041.78,False,mean_reversion,scaled
2025-07-11 04:15:00+03:00,115765.09,0,0.98,0.008999,1042.76,False,mean_reversion,scaled
2025-07-11 04:20:00+03:00,115951.81,-1,53.16,0.008549,1044.44,False,mean_reversion,scaled
2025-07-11 04:25:00+03:00,115945.46,-1,102.72,0.008122,1044.39,False,mean_reversion,scaled
2025-07-11 04:30:00+03:00,115924.86,0,102.72,0.008122,1044.22,False,mean_reversion,scaled
2025-07-11 04:35:00+03:00,115938.53,0,102.72,0.008122,1044.33,False,mean_reversion,scaled
2025-07-11 04:40:00+03:00,115993.72,0,102.72,0.008122,1044.78,False,mean_reversion,scaled
2025-07-11 04:45:00+03:00,116057.4,0,102.72,0.008122,1045.3,False,mean_reversion,scaled
2025-07-11 04:50:00+03:00,115878.45,0,102.72,0.008122,1043.85,False,mean_reversion,scaled
2025-07-11 04:55:00+03:00,115967.57,0,102.72,0.008122,1044.57,False,mean_reversion,scaled
2025-07-11 05:00:00+03:00,115869.86,0,102.72,0.008122,1043.78,False,mean_reversion,scaled
2025-07-11 05:05:00+03:00,115709.28,0,102.72,0.008122,1042.47,False,mean_reversion,scaled
2025-07-11 05:10:00+03:00,115976.45,0,102.72,0.008122,1044.64,False,mean_reversion,scaled
2025-07-11 05:15:00+03:00,116196.86,-1,149.9,0.007716,1046.43,False,mean_reversion,scaled
2025-07-11 05:20:00+03:00,116199.99,0,149.9,0.007716,1046.46,False,mean_reversion,scaled
2025-07-11 05:25:00+03:00,116279.99,-1,194.76,0.00733,1047.07,False,mean_reversion,scaled
2025-07-11 05:30:00+03:00,116346.99,-1,237.4,0.006963,1047.56,False,mean_reversion,scaled
2025-07-11 05:35:00+03:00,116463.49,-1,277.95,0.006615,1048.38,False,mean_reversion,scaled
2025-07-11 05:40:00+03:00,116490.01,-1,316.48,0.006284,1048.55,False,mean_reversion,scaled
2025-07-11 05:45:00+03:00,116594.31,-1,353.12,0.00597,1049.21,False,mean_reversion,scaled
2025-07-11 05:50:00+03:00,116761.08,-1,387.97,0.005672,1050.2,False,mean_reversion,scaled
2025-07-11 05:55:00+03:00,116672.57,-1,421.06,0.005388,1049.7,False,mean_reversion,scaled
2025-07-11 06:00:00+03:00,116579.88,0,421.06,0.005388,1049.2,False,mean_reversion,scaled
2025-07-11 06:05:00+03:00,116593.82,0,421.06,0.005388,1049.28,False,mean_reversion,scaled
2025-07-11 06:10:00+03:00,116487.76,0,421.06,0.005388,1048.7,False,mean_reversion,scaled
2025-07-11 06:15:00+03:00,116534.18,0,421.06,0.005388,1048.95,False,mean_reversion,scaled
2025-07-11 06:20:00+03:00,116523.75,0,421.06,0.005388,1048.9,False,mean_reversion,scaled
2025-07-11 06:25:00+03:00,116525.29,0,421.06,0.005388,1048.91,False,mean_reversion,scaled
2025-07-11 06:30:00+03:00,116525.62,0,421.06,0.005388,1048.91,False,mean_reversion,scaled
2025-07-11 06:35:00+03:00,116473.39,0,421.06,0.005388,1048.63,False,mean_reversion,scaled
2025-07-11 06:40:00+03:00,116579.99,0,421.06,0.005388,1049.2,False,mean_reversion,scaled
2025-07-11 06:45:00+03:00,116745.67,0,421.06,0.005388,1050.09,False,mean_reversion,scaled
2025-07-11 06:50:00+03:00,116768.94,0,421.06,0.005388,1050.22,False,mean_reversion,scaled
2025-07-11 06:55:00+03:00,116881.7,-1,452.55,0.005119,1050.83,False,mean_reversion,scaled
2025-07-11 07:00:00+03:00,116737.04,0,452.55,0.005119,1050.09,False,mean_reversion,scaled
2025-07-11 07:05:00+03:00,116642.79,0,452.55,0.005119,1049.6,False,mean_reversion,scaled
2025-07-11 07:10:00+03:00,116637.37,0,452.55,0.005119,1049.58,False,mean_reversion,scaled
2025-07-11 07:15:00+03:00,116619.96,0,452.55,0.005119,1049.49,False,mean_reversion,scaled
2025-07-11 07:20:00+03:00,116591.19,0,452.55,0.005119,1049.34,False,mean_reversion,scaled
2025-07-11 07:25:00+03:00,116553.53,0,452.55,0.005119,1049.15,False,mean_reversion,scaled
2025-07-11 07:30:00+03:00,116514.37,0,452.55,0.005119,1048.95,False,mean_reversion,scaled
2025-07-11 07:35:00+03:00,116520.34,0,452.55,0.005119,1048.98,False,mean_reversion,scaled
2025-07-11 07:40:00+03:00,116653.99,0,452.55,0.005119,1049.66,False,mean_reversion,scaled
2025-07-11 07:45:00+03:00,116834.5,0,452.55,0.005119,1050.59,False,mean_reversion,scaled
2025-07-11 07:50:00+03:00,116888.06,-1,482.46,0.004863,1050.86,False,mean_reversion,scaled
2025-07-11 07:55:00+03:00,116918.16,-1,510.89,0.00462,1051.01,False,mean_reversion,scaled
2025-07-11 08:00:00+03:00,116966.93,-1,537.91,0.004389,1051.23,False,mean_reversion,scaled
2025-07-11 08:05:00+03:00,117276.0,-1,563.64,0.004169,1052.59,False,mean_reversion,scaled
2025-07-11 08:10:00+03:00,117206.41,-1,588.07,0.003961,1052.3,False,mean_reversion,scaled
2025-07-11 08:15:00+03:00,117200.01,-1,611.28,0.003763,1052.27,False,mean_reversion,scaled
2025-07-11 08:20:00+03:00,117297.08,-1,633.35,0.003575,1052.64,False,mean_reversion,scaled
2025-07-11 08:25:00+03:00,117493.81,-1,654.35,0.003396,1053.34,False,mean_reversion,scaled
2025-07-11 08:30:00+03:00,117826.9,-1,674.36,0.003226,1054.47,False,mean_reversion,scaled
2025-07-11 08:35:00+03:00,117848.16,-1,693.37,0.003065,1054.54,False,mean_reversion,scaled
2025-07-11 08:40:00+03:00,117968.76,-1,711.44,0.002912,1054.91,False,mean_reversion,scaled
2025-07-11 08:45:00+03:00,118301.9,-1,728.66,0.002766,1055.88,False,mean_reversion,scaled
2025-07-11 08:50:00+03:00,118212.6,-1,745.01,0.002628,1055.63,False,mean_reversion,scaled
2025-07-11 08:55:00+03:00,117860.37,0,745.01,0.002628,1054.71,False,mean_reversion,scaled
2025-07-11 09:00:00+03:00,118016.78,0,745.01,0.002628,1055.12,False,mean_reversion,scaled
2025-07-11 09:05:00+03:00,118305.79,-1,760.56,0.002496,1055.88,False,mean_reversion,scaled
2025-07-11 09:10:00+03:00,118030.36,0,760.56,0.002496,1055.19,False,mean_reversion,scaled
2025-07-11 09:15:00+03:00,118150.0,0,760.56,0.002496,1055.49,False,mean_reversion,scaled
2025-07-11 09:20:00+03:00,118240.0,0,760.56,0.002496,1055.71,False,mean_reversion,scaled
2025-07-11 09:25:00+03:00,118140.91,0,760.56,0.002496,1055.47,False,mean_reversion,scaled
2025-07-11 09:30:00+03:00,118093.46,0,760.56,0.002496,1055.35,False,mean_reversion,scaled
2025-07-11 09:35:00+03:00,117982.57,0,760.56,0.002496,1055.07,False,mean_reversion,scaled
2025-07-11 09:40:00+03:00,117969.0,0,760.56,0.002496,1055.04,False,mean_reversion,scaled
2025-07-11 09:45:00+03:00,117848.03,0,760.56,0.002496,1054.74,False,mean_reversion,scaled
2025-07-11 09:50:00+03:00,117725.89,1,38.03,0.008634,1054.43,False,mean_reversion,scaled
2025-07-11 09:55:00+03:00,117648.33,1,1.9,0.008941,1053.76,False,mean_reversion,scaled
2025-07-11 10:00:00+03:00,117539.73,1,1.9,0.008941,1052.79,False,mean_reversion,scaled
2025-07-11 10:05:00+03:00,117483.99,1,1.9,0.008941,1052.29,False,mean_reversion,scaled
2025-07-11 10:10:00+03:00,117476.06,1,1.9,0.008941,1052.22,False,mean_reversion,scaled
2025-07-11 10:15:00+03:00,117614.88,0,1.9,0.008941,1053.46,False,mean_reversion,scaled
2025-07-11 10:20:00+03:00,117749.44,0,1.9,0.008941,1054.66,False,mean_reversion,scaled
2025-07-11 10:25:00+03:00,117876.9,0,1.9,0.008941,1055.8,False,mean_reversion,scaled
2025-07-11 10:30:00+03:00,117866.32,0,1.9,0.008941,1055.71,False,mean_reversion,scaled
2025-07-11 10:35:00+03:00,118003.29,-1,54.65,0.008494,1056.93,False,mean_reversion,scaled
2025-07-11 10:40:00+03:00,117956.66,0,54.65,0.008494,1056.54,False,mean_reversion,scaled
2025-07-11 10:45:00+03:00,117860.2,0,54.65,0.008494,1055.72,False,mean_reversion,scaled
2025-07-11 10:50:00+03:00,117722.61,0,54.65,0.008494,1054.55,False,mean_reversion,scaled
2025-07-11 10:55:00+03:00,117526.88,1,2.73,0.008935,1052.89,False,mean_reversion,scaled
2025-07-11 11:00:00+03:00,117632.15,0,2.73,0.008935,1053.83,False,mean_reversion,scaled
2025-07-11 11:05:00+03:00,117687.22,0,2.73,0.008935,1054.32,False,mean_reversion,scaled
2025-07-11 11:10:00+03:00,117790.85,0,2.73,0.008935,1055.25,False,mean_reversion,scaled
2025-07-11 11:15:00+03:00,117900.0,0,2.73,0.008935,1056.22,False,mean_reversion,scaled
2025-07-11 11:20:00+03:00,117944.5,0,2.73,0.008935,1056.62,False,mean_reversion,scaled
2025-07-11 11:25:00+03:00,117985.31,0,2.73,0.008935,1056.98,False,mean_reversion,scaled
2025-07-11 11:30:00+03:00,118009.62,0,2.73,0.008935,1057.2,False,mean_reversion,scaled
2025-07-11 11:35:00+03:00,117942.01,0,2.73,0.008935,1056.6,False,mean_reversion,scaled
2025-07-11 11:40:00+03:00,117999.98,0,2.73,0.008935,1057.12,False,mean_reversion,scaled
2025-07-11 11:45:00+03:00,117980.94,0,2.73,0.008935,1056.95,False,mean_reversion,scaled
2025-07-11 11:50:00+03:00,117994.92,0,2.73,0.008935,1057.07,False,mean_reversion,scaled
2025-07-11 11:55:00+03:00,117964.76,0,2.73,0.008935,1056.8,False,mean_reversion,scaled
2025-07-11 12:00:00+03:00,117926.29,0,2.73,0.008935,1056.46,False,mean_reversion,scaled
2025-07-11 12:05:00+03:00,117987.98,0,2.73,0.008935,1057.01,False,mean_reversion,scaled
2025-07-11 12:10:00+03:00,118033.16,0,2.73,0.008935,1057.41,False,mean_reversion,scaled
2025-07-11 12:15:00+03:00,118134.46,0,2.73,0.008935,1058.32,False,mean_reversion,scaled
2025-07-11 12:20:00+03:00,118173.46,0,2.73,0.008935,1058.67,False,mean_reversion,scaled
2025-07-11 12:25:00+03:00,118170.45,0,2.73,0.008935,1058.64,False,mean_reversion,scaled
2025-07-11 12:30:00+03:00,118420.01,-1,55.64,0.008489,1060.87,False,mean_reversion,scaled
2025-07-11 12:35:00+03:00,118783.94,-1,106.06,0.008064,1063.96,False,mean_reversion,scaled
2025-07-11 12:40:00+03:00,118583.87,-1,153.87,0.007661,1062.34,False,mean_reversion,scaled
2025-07-11 12:45:00+03:00,118712.0,-1,199.34,0.007278,1063.33,False,mean_reversion,scaled
2025-07-11 12:50:00+03:00,118467.81,0,199.34,0.007278,1061.55,False,mean_reversion,scaled
2025-07-11 12:55:00+03:00,118470.34,0,199.34,0.007278,1061.57,False,mean_reversion,scaled
2025-07-11 13:00:00+03:00,118374.15,0,199.34,0.007278,1060.87,False,mean_reversion,scaled
2025-07-11 13:05:00+03:00,118306.37,0,199.34,0.007278,1060.37,False,mean_reversion,scaled
2025-07-11 13:10:00+03:00,118120.39,1,9.97,0.008881,1059.02,False,mean_reversion,scaled
2025-07-11 13:15:00+03:00,118065.9,1,9.97,0.008881,1058.54,False,mean_reversion,scaled
2025-07-11 13:20:00+03:00,118297.8,0,9.97,0.008881,1060.6,False,mean_reversion,scaled
2025-07-11 13:25:00+03:00,118228.54,0,9.97,0.008881,1059.98,False,mean_reversion,scaled
2025-07-11 13:30:00+03:00,118160.01,0,9.97,0.008881,1059.37,False,mean_reversion,scaled
2025-07-11 13:35:00+03:00,118056.7,0,9.97,0.008881,1058.45,False,mean_reversion,scaled
2025-07-11 13:40:00+03:00,118083.33,0,9.97,0.008881,1058.69,False,mean_reversion,scaled
2025-07-11 13:45:00+03:00,118117.79,0,9.97,0.008881,1059.0,False,mean_reversion,scaled
2025-07-11 13:50:00+03:00,118093.63,0,9.97,0.008881,1058.78,False,mean_reversion,scaled
2025-07-11 13:55:00+03:00,117983.78,0,9.97,0.008881,1057.81,False,mean_reversion,scaled
2025-07-11 14:00:00+03:00,118107.6,0,9.97,0.008881,1058.91,False,mean_reversion,scaled
2025-07-11 14:05:00+03:00,118000.0,0,9.97,0.008881,1057.95,False,mean_reversion,scaled
2025-07-11 14:10:00+03:00,117727.88,1,9.97,0.008881,1055.53,False,mean_reversion,scaled
2025-07-11 14:15:00+03:00,117647.57,1,9.97,0.008881,1054.82,False,mean_reversion,scaled
2025-07-11 14:20:00+03:00,117653.81,1,9.97,0.008881,1054.88,False,mean_reversion,scaled
2025-07-11 14:25:00+03:00,117684.22,0,9.97,0.008881,1055.15,False,mean_reversion,scaled
2025-07-11 14:30:00+03:00,117737.99,0,9.97,0.008881,1055.62,False,mean_reversion,scaled
2025-07-11 14:35:00+03:00,117784.34,0,9.97,0.008881,1056.04,False,mean_reversion,scaled
2025-07-11 14:40:00+03:00,117763.01,0,9.97,0.008881,1055.85,False,mean_reversion,scaled
2025-07-11 14:45:00+03:00,117705.57,0,9.97,0.008881,1055.34,False,mean_reversion,scaled
2025-07-11 14:50:00+03:00,117945.31,0,9.97,0.008881,1057.47,False,mean_reversion,scaled
2025-07-11 14:55:00+03:00,117821.91,0,9.97,0.008881,1056.37,False,mean_reversion,scaled
2025-07-11 15:00:00+03:00,117980.5,0,9.97,0.008881,1057.78,False,mean_reversion,scaled
2025-07-11 15:05:00+03:00,118035.4,0,9.97,0.008881,1058.27,False,mean_reversion,scaled
2025-07-11 15:10:00+03:00,118235.01,-1,62.47,0.008437,1060.04,False,mean_reversion,scaled
2025-07-11 15:15:00+03:00,118060.21,0,62.47,0.008437,1058.56,False,mean_reversion,scaled
2025-07-11 15:20:00+03:00,117898.85,0,62.47,0.008437,1057.2,False,mean_reversion,scaled
2025-07-11 15:25:00+03:00,117751.03,0,62.47,0.008437,1055.95,False,mean_reversion,scaled
2025-07-11 15:30:00+03:00,117870.16,0,62.47,0.008437,1056.96,False,mean_reversion,scaled
2025-07-11 15:35:00+03:00,117819.76,0,62.47,0.008437,1056.53,False,mean_reversion,scaled
2025-07-11 15:40:00+03:00,117762.86,0,62.47,0.008437,1056.05,False,mean_reversion,scaled
2025-07-11 15:45:00+03:00,117752.01,0,62.47,0.008437,1055.96,False,mean_reversion,scaled
2025-07-11 15:50:00+03:00,117790.66,0,62.47,0.008437,1056.29,False,mean_reversion,scaled
2025-07-11 15:55:00+03:00,117878.11,0,62.47,0.008437,1057.03,False,mean_reversion,scaled
2025-07-11 16:00:00+03:00,117955.22,0,62.47,0.008437,1057.68,False,mean_reversion,scaled
2025-07-11 16:05:00+03:00,117800.28,0,62.47,0.008437,1056.37,False,mean_reversion,scaled
2025-07-11 16:10:00+03:00,117791.99,0,62.47,0.008437,1056.3,False,mean_reversion,scaled
2025-07-11 16:15:00+03:00,117700.1,0,62.47,0.008437,1055.53,False,mean_reversion,scaled
2025-07-11 16:20:00+03:00,117794.44,0,62.47,0.008437,1056.32,False,mean_reversion,scaled
2025-07-11 16:25:00+03:00,117651.34,0,62.47,0.008437,1055.11,False,mean_reversion,scaled
2025-07-11 16:30:00+03:00,117396.0,1,3.12,0.008943,1052.96,False,mean_reversion,scaled
2025-07-11 16:35:00+03:00,117634.45,0,3.12,0.008943,1055.09,False,mean_reversion,scaled
2025-07-11 16:40:00+03:00,117451.0,1,3.12,0.008943,1053.45,False,mean_reversion,scaled
2025-07-11 16:45:00+03:00,117731.61,0,3.12,0.008943,1055.96,False,mean_reversion,scaled
2025-07-11 16:50:00+03:00,117740.86,0,3.12,0.008943,1056.04,False,mean_reversion,scaled
2025-07-11 16:55:00+03:00,117989.18,-1,55.88,0.008496,1058.26,False,mean_reversion,scaled
2025-07-11 17:00:00+03:00,117951.21,-1,105.98,0.008071,1057.94,False,mean_reversion,scaled
2025-07-11 17:05:00+03:00,117839.39,0,105.98,0.008071,1057.04,False,mean_reversion,scaled
2025-07-11 17:10:00+03:00,117956.0,0,105.98,0.008071,1057.98,False,mean_reversion,scaled
2025-07-11 17:15:00+03:00,117797.66,0,105.98,0.008071,1056.7,False,mean_reversion,scaled
2025-07-11 17:20:00+03:00,117892.1,0,105.98,0.008071,1057.46,False,mean_reversion,scaled
2025-07-11 17:25:00+03:00,117925.27,0,105.98,0.008071,1057.73,False,mean_reversion,scaled
2025-07-11 17:30:00+03:00,118082.45,0,105.98,0.008071,1059.0,False,mean_reversion,scaled
2025-07-11 17:35:00+03:00,117994.58,0,105.98,0.008071,1058.29,False,mean_reversion,scaled
2025-07-11 17:40:00+03:00,118028.6,0,105.98,0.008071,1058.57,False,mean_reversion,scaled
2025-07-11 17:45:00+03:00,118011.99,0,105.98,0.008071,1058.43,False,mean_reversion,scaled
2025-07-11 17:50:00+03:00,117619.99,1,5.3,0.008927,1055.27,False,mean_reversion,scaled
2025-07-11 17:55:00+03:00,117858.16,0,5.3,0.008927,1057.39,False,mean_reversion,scaled
2025-07-11 18:00:00+03:00,117882.4,0,5.3,0.008927,1057.61,False,mean_reversion,scaled
2025-07-11 18:05:00+03:00,117836.0,0,5.3,0.008927,1057.2,False,mean_reversion,scaled
2025-07-11 18:10:00+03:00,117644.22,1,5.3,0.008927,1055.48,False,mean_reversion,scaled
2025-07-11 18:15:00+03:00,117761.51,0,5.3,0.008927,1056.53,False,mean_reversion,scaled
2025-07-11 18:20:00+03:00,117708.43,0,5.3,0.008927,1056.06,False,mean_reversion,scaled
2025-07-11 18:25:00+03:00,117759.99,0,5.3,0.008927,1056.52,False,mean_reversion,scaled
2025-07-11 18:30:00+03:00,117426.54,1,5.3,0.008927,1053.54,False,mean_reversion,scaled
2025-07-11 18:35:00+03:00,117514.59,0,5.3,0.008927,1054.33,False,mean_reversion,scaled
2025-07-11 18:40:00+03:00,117420.0,1,5.3,0.008927,1053.48,False,mean_reversion,scaled
2025-07-11 18:45:00+03:00,117187.25,1,5.3,0.008927,1051.41,False,mean_reversion,scaled
2025-07-11 18:50:00+03:00,116915.99,1,5.3,0.008927,1048.98,False,mean_reversion,scaled
2025-07-11 18:55:00+03:00,116902.59,1,5.3,0.008927,1048.86,False,mean_reversion,scaled
2025-07-11 19:00:00+03:00,116944.95,1,5.3,0.008927,1049.24,False,mean_reversion,scaled
2025-07-11 19:05:00+03:00,116736.0,1,5.3,0.008927,1047.38,False,mean_reversion,scaled
2025-07-11 19:10:00+03:00,116831.38,1,5.3,0.008927,1048.23,False,mean_reversion,scaled
2025-07-11 19:15:00+03:00,116679.05,1,5.3,0.008927,1046.87,False,mean_reversion,scaled
2025-07-11 19:20:00+03:00,117195.1,0,5.3,0.008927,1051.48,False,mean_reversion,scaled
2025-07-11 19:25:00+03:00,117261.07,-1,57.64,0.00848,1052.06,False,mean_reversion,scaled
2025-07-11 19:30:00+03:00,117328.52,-1,107.39,0.008056,1052.64,False,mean_reversion,scaled
2025-07-11 19:35:00+03:00,117391.74,-1,154.68,0.007654,1053.15,False,mean_reversion,scaled
2025-07-11 19:40:00+03:00,117302.79,-1,199.56,0.007271,1052.46,False,mean_reversion,scaled
2025-07-11 19:45:00+03:00,117214.07,0,199.56,0.007271,1051.82,False,mean_reversion,scaled
2025-07-11 19:50:00+03:00,117398.0,-1,242.24,0.006907,1053.16,False,mean_reversion,scaled
2025-07-11 19:55:00+03:00,117393.39,0,242.24,0.006907,1053.13,False,mean_reversion,scaled
2025-07-11 20:00:00+03:00,117465.51,0,242.24,0.006907,1053.62,False,mean_reversion,scaled
2025-07-11 20:05:00+03:00,117688.01,-1,282.89,0.006562,1055.16,False,mean_reversion,scaled
2025-07-11 20:10:00+03:00,117484.01,0,282.89,0.006562,1053.82,False,mean_reversion,scaled
2025-07-11 20:15:00+03:00,117574.97,0,282.89,0.006562,1054.42,False,mean_reversion,scaled
2025-07-11 20:20:00+03:00,117453.02,0,282.89,0.006562,1053.62,False,mean_reversion,scaled
2025-07-11 20:25:00+03:00,117514.61,0,282.89,0.006562,1054.02,False,mean_reversion,scaled
2025-07-11 20:30:00+03:00,117420.01,0,282.89,0.006562,1053.4,False,mean_reversion,scaled
2025-07-11 20:35:00+03:00,117320.01,0,282.89,0.006562,1052.75,False,mean_reversion,scaled
2025-07-11 20:40:00+03:00,117405.19,0,282.89,0.006562,1053.3,False,mean_reversion,scaled
2025-07-11 20:45:00+03:00,117521.94,0,282.89,0.006562,1054.07,False,mean_reversion,scaled
2025-07-11 20:50:00+03:00,117607.84,0,282.89,0.006562,1054.63,False,mean_reversion,scaled
2025-07-11 20:55:00+03:00,117640.0,0,282.89,0.006562,1054.85,False,mean_reversion,scaled
2025-07-11 21:00:00+03:00,117634.58,0,282.89,0.006562,1054.81,False,mean_reversion,scaled
2025-07-11 21:05:00+03:00,117540.21,0,282.89,0.006562,1054.19,False,mean_reversion,scaled
2025-07-11 21:10:00+03:00,117566.89,0,282.89,0.006562,1054.37,False,mean_reversion,scaled
2025-07-11 21:15:00+03:00,117500.0,0,282.89,0.006562,1053.93,False,mean_reversion,scaled
2025-07-11 21:20:00+03:00,117583.14,0,282.89,0.006562,1054.47,False,mean_reversion,scaled
2025-07-11 21:25:00+03:00,117330.54,0,282.89,0.006562,1052.81,False,mean_reversion,scaled
2025-07-11 21:30:00+03:00,117511.24,0,282.89,0.006562,1054.0,False,mean_reversion,scaled
2025-07-11 21:35:00+03:00,117480.0,0,282.89,0.006562,1053.8,False,mean_reversion,scaled
2025-07-11 21:40:00+03:00,117624.11,0,282.89,0.006562,1054.74,False,mean_reversion,scaled
2025-07-11 21:45:00+03:00,117533.77,0,282.89,0.006562,1054.15,False,mean_reversion,scaled
2025-07-11 21:50:00+03:00,117687.22,0,282.89,0.006562,1055.16,False,mean_reversion,scaled
2025-07-11 21:55:00+03:00,117694.01,0,282.89,0.006562,1055.2,False,mean_reversion,scaled
2025-07-11 22:00:00+03:00,117556.79,0,282.89,0.006562,1054.3,False,mean_reversion,scaled
2025-07-11 22:05:00+03:00,117612.12,0,282.89,0.006562,1054.66,False,mean_reversion,scaled
2025-07-11 22:10:00+03:00,117739.5,0,282.89,0.006562,1055.5,False,mean_reversion,scaled
2025-07-11 22:15:00+03:00,117979.78,-1,321.6,0.006234,1057.07,False,mean_reversion,scaled
2025-07-11 22:20:00+03:00,118076.78,-1,358.4,0.005922,1057.68,False,mean_reversion,scaled
2025-07-11 22:25:00+03:00,117904.57,0,358.4,0.005922,1056.66,False,mean_reversion,scaled
2025-07-11 22:30:00+03:00,117869.9,0,358.4,0.005922,1056.45,False,mean_reversion,scaled
2025-07-11 22:35:00+03:00,117891.77,0,358.4,0.005922,1056.58,False,mean_reversion,scaled
2025-07-11 22:40:00+03:00,117848.51,0,358.4,0.005922,1056.33,False,mean_reversion,scaled
2025-07-11 22:45:00+03:00,117886.11,0,358.4,0.005922,1056.55,False,mean_reversion,scaled
2025-07-11 22:50:00+03:00,117969.95,0,358.4,0.005922,1057.05,False,mean_reversion,scaled
2025-07-11 22:55:00+03:00,118108.81,0,358.4,0.005922,1057.87,False,mean_reversion,scaled
2025-07-11 23:00:00+03:00,117851.13,0,358.4,0.005922,1056.34,False,mean_reversion,scaled
2025-07-11 23:05:00+03:00,117906.09,0,358.4,0.005922,1056.67,False,mean_reversion,scaled
2025-07-11 23:10:00+03:00,117956.01,0,358.4,0.005922,1056.96,False,mean_reversion,scaled
2025-07-11 23:15:00+03:00,117951.22,0,358.4,0.005922,1056.94,False,mean_reversion,scaled
2025-07-11 23:20:00+03:00,117922.28,0,358.4,0.005922,1056.76,False,mean_reversion,scaled
2025-07-11 23:25:00+03:00,117923.99,0,358.4,0.005922,1056.77,False,mean_reversion,scaled
2025-07-11 23:30:00+03:00,117763.2,0,358.4,0.005922,1055.82,False,mean_reversion,scaled
2025-07-11 23:35:00+03:00,117853.03,0,358.4,0.005922,1056.35,False,mean_reversion,scaled
2025-07-11 23:40:00+03:00,117827.51,0,358.4,0.005922,1056.2,False,mean_reversion,scaled
2025-07-11 23:45:00+03:00,117884.06,0,358.4,0.005922,1056.54,False,mean_reversion,scaled
2025-07-11 23:50:00+03:00,117847.66,0,358.4,0.005922,1056.32,False,mean_reversion,scaled
2025-07-11 23:55:00+03:00,117664.46,0,358.4,0.005922,1055.24,False,mean_reversion,scaled
2025-07-12 00:00:00+03:00,117692.52,0,358.4,0.005922,1055.4,False,mean_reversion,scaled
2025-07-12 00:05:00+03:00,117575.67,0,358.4,0.005922,1054.71,False,mean_reversion,scaled
2025-07-12 00:10:00+03:00,117640.6,0,358.4,0.005922,1055.1,False,mean_reversion,scaled
2025-07-12 00:15:00+03:00,117679.96,0,358.4,0.005922,1055.33,False,mean_reversion,scaled
2025-07-12 00:20:00+03:00,117880.0,0,358.4,0.005922,1056.51,False,mean_reversion,scaled
2025-07-12 00:25:00+03:00,117846.46,0,358.4,0.005922,1056.32,False,mean_reversion,scaled
2025-07-12 00:30:00+03:00,117791.5,0,358.4,0.005922,1055.99,False,mean_reversion,scaled
2025-07-12 00:35:00+03:00,117543.79,0,358.4,0.005922,1054.52,False,mean_reversion,scaled
2025-07-12 00:40:00+03:00,117480.01,0,358.4,0.005922,1054.15,False,mean_reversion,scaled
2025-07-12 00:45:00+03:00,117664.83,0,358.4,0.005922,1055.24,False,mean_reversion,scaled
2025-07-12 00:50:00+03:00,117482.9,0,358.4,0.005922,1054.16,False,mean_reversion,scaled
2025-07-12 00:55:00+03:00,117619.99,0,358.4,0.005922,1054.97,False,mean_reversion,scaled
2025-07-12 01:00:00+03:00,117636.85,0,358.4,0.005922,1055.07,False,mean_reversion,scaled
2025-07-12 01:05:00+03:00,117572.0,0,358.4,0.005922,1054.69,False,mean_reversion,scaled
2025-07-12 01:10:00+03:00,117500.01,0,358.4,0.005922,1054.26,False,mean_reversion,scaled
2025-07-12 01:15:00+03:00,117545.15,0,358.4,0.005922,1054.53,False,mean_reversion,scaled
2025-07-12 01:20:00+03:00,117400.0,0,358.4,0.005922,1053.67,False,mean_reversion,scaled
2025-07-12 01:25:00+03:00,117270.26,1,17.92,0.008826,1052.9,False,mean_reversion,scaled
2025-07-12 01:30:00+03:00,117661.76,0,17.92,0.008826,1056.36,False,mean_reversion,scaled
2025-07-12 01:35:00+03:00,117374.0,0,17.92,0.008826,1053.82,False,mean_reversion,scaled
2025-07-12 01:40:00+03:00,117402.62,0,17.92,0.008826,1054.07,False,mean_reversion,scaled
2025-07-12 01:45:00+03:00,117456.21,0,17.92,0.008826,1054.54,False,mean_reversion,scaled
2025-07-12 01:50:00+03:00,117472.9,0,17.92,0.008826,1054.69,False,mean_reversion,scaled
2025-07-12 01:55:00+03:00,117615.89,0,17.92,0.008826,1055.95,False,mean_reversion,scaled
2025-07-12 02:00:00+03:00,117655.93,0,17.92,0.008826,1056.31,False,mean_reversion,scaled
2025-07-12 02:05:00+03:00,117649.53,0,17.92,0.008826,1056.25,False,mean_reversion,scaled
2025-07-12 02:10:00+03:00,117665.44,0,17.92,0.008826,1056.39,False,mean_reversion,scaled
2025-07-12 02:15:00+03:00,117654.69,0,17.92,0.008826,1056.3,False,mean_reversion,scaled
2025-07-12 02:20:00+03:00,117620.91,0,17.92,0.008826,1056.0,False,mean_reversion,scaled
2025-07-12 02:25:00+03:00,117625.79,0,17.92,0.008826,1056.04,False,mean_reversion,scaled
2025-07-12 02:30:00+03:00,117536.38,0,17.92,0.008826,1055.25,False,mean_reversion,scaled
2025-07-12 02:35:00+03:00,117612.18,0,17.92,0.008826,1055.92,False,mean_reversion,scaled
2025-07-12 02:40:00+03:00,117577.57,0,17.92,0.008826,1055.62,False,mean_reversion,scaled
2025-07-12 02:45:00+03:00,117522.27,0,17.92,0.008826,1055.13,False,mean_reversion,scaled
2025-07-12 02:50:00+03:00,117499.01,0,17.92,0.008826,1054.92,False,mean_reversion,scaled
2025-07-12 02:55:00+03:00,117527.66,0,17.92,0.008826,1055.17,False,mean_reversion,scaled
2025-07-12 03:00:00+03:00,117538.39,0,17.92,0.008826,1055.27,False,mean_reversion,scaled
2025-07-12 03:05:00+03:00,117515.74,0,17.92,0.008826,1055.07,False,mean_reversion,scaled
2025-07-12 03:10:00+03:00,117547.17,0,17.92,0.008826,1055.35,False,mean_reversion,scaled
2025-07-12 03:15:00+03:00,117489.22,0,17.92,0.008826,1054.84,False,mean_reversion,scaled
2025-07-12 03:20:00+03:00,117488.9,0,17.92,0.008826,1054.83,False,mean_reversion,scaled
2025-07-12 03:25:00+03:00,117521.09,0,17.92,0.008826,1055.12,False,mean_reversion,scaled
2025-07-12 03:30:00+03:00,117448.9,0,17.92,0.008826,1054.48,False,mean_reversion,scaled
2025-07-12 03:35:00+03:00,117263.99,0,17.92,0.008826,1052.85,False,mean_reversion,scaled
2025-07-12 03:40:00+03:00,117243.07,0,17.92,0.008826,1052.66,False,mean_reversion,scaled
2025-07-12 03:45:00+03:00,117299.99,0,17.92,0.008826,1053.17,False,mean_reversion,scaled
2025-07-12 03:50:00+03:00,117337.39,0,17.92,0.008826,1053.5,False,mean_reversion,scaled
2025-07-12 03:55:00+03:00,117407.99,0,17.92,0.008826,1054.12,False,mean_reversion,scaled
2025-07-12 04:00:00+03:00,117554.99,0,17.92,0.008826,1055.42,False,mean_reversion,scaled
2025-07-12 04:05:00+03:00,117645.63,0,17.92,0.008826,1056.22,False,mean_reversion,scaled
2025-07-12 04:10:00+03:00,117604.29,0,17.92,0.008826,1055.85,False,mean_reversion,scaled
2025-07-12 04:15:00+03:00,117674.98,0,17.92,0.008826,1056.48,False,mean_reversion,scaled
2025-07-12 04:20:00+03:00,117611.75,0,17.92,0.008826,1055.92,False,mean_reversion,scaled
2025-07-12 04:25:00+03:00,117688.43,0,17.92,0.008826,1056.59,False,mean_reversion,scaled
2025-07-12 04:30:00+03:00,117648.54,0,17.92,0.008826,1056.24,False,mean_reversion,scaled
2025-07-12 04:35:00+03:00,117564.57,0,17.92,0.008826,1055.5,False,mean_reversion,scaled
2025-07-12 04:40:00+03:00,117604.73,0,17.92,0.008826,1055.86,False,mean_reversion,scaled
2025-07-12 04:45:00+03:00,117610.33,0,17.92,0.008826,1055.9,False,mean_reversion,scaled
2025-07-12 04:50:00+03:00,117647.98,0,17.92,0.008826,1056.24,False,mean_reversion,scaled
2025-07-12 04:55:00+03:00,117644.81,0,17.92,0.008826,1056.21,False,mean_reversion,scaled
2025-07-12 05:00:00+03:00,117632.18,0,17.92,0.008826,1056.1,False,mean_reversion,scaled
2025-07-12 05:05:00+03:00,117646.37,0,17.92,0.008826,1056.22,False,mean_reversion,scaled
2025-07-12 05:10:00+03:00,117656.01,0,17.92,0.008826,1056.31,False,mean_reversion,scaled
2025-07-12 05:15:00+03:00,117730.09,0,17.92,0.008826,1056.96,False,mean_reversion,scaled
2025-07-12 05:20:00+03:00,117744.09,0,17.92,0.008826,1057.08,False,mean_reversion,scaled
2025-07-12 05:25:00+03:00,117744.1,0,17.92,0.008826,1057.09,False,mean_reversion,scaled
2025-07-12 05:30:00+03:00,117730.09,0,17.92,0.008826,1056.96,False,mean_reversion,scaled
2025-07-12 05:35:00+03:00,117703.41,0,17.92,0.008826,1056.73,False,mean_reversion,scaled
2025-07-12 05:40:00+03:00,117684.23,0,17.92,0.008826,1056.56,False,mean_reversion,scaled
2025-07-12 05:45:00+03:00,117658.97,0,17.92,0.008826,1056.33,False,mean_reversion,scaled
2025-07-12 05:50:00+03:00,117557.13,0,17.92,0.008826,1055.43,False,mean_reversion,scaled
2025-07-12 05:55:00+03:00,117599.99,0,17.92,0.008826,1055.81,False,mean_reversion,scaled
2025-07-12 06:00:00+03:00,117620.0,0,17.92,0.008826,1055.99,False,mean_reversion,scaled
2025-07-12 06:05:00+03:00,117720.7,0,17.92,0.008826,1056.88,False,mean_reversion,scaled
2025-07-12 06:10:00+03:00,117796.43,0,17.92,0.008826,1057.55,False,mean_reversion,scaled
2025-07-12 06:15:00+03:00,117820.0,0,17.92,0.008826,1057.75,False,mean_reversion,scaled
2025-07-12 06:20:00+03:00,117821.23,0,17.92,0.008826,1057.77,False,mean_reversion,scaled
2025-07-12 06:25:00+03:00,117837.37,0,17.92,0.008826,1057.91,False,mean_reversion,scaled
2025-07-12 06:30:00+03:00,117793.28,0,17.92,0.008826,1057.52,False,mean_reversion,scaled
2025-07-12 06:35:00+03:00,117730.21,0,17.92,0.008826,1056.96,False,mean_reversion,scaled
2025-07-12 06:40:00+03:00,117715.02,0,17.92,0.008826,1056.83,False,mean_reversion,scaled
2025-07-12 06:45:00+03:00,117675.99,0,17.92,0.008826,1056.48,False,mean_reversion,scaled
2025-07-12 06:50:00+03:00,117676.0,0,17.92,0.008826,1056.48,False,mean_reversion,scaled
2025-07-12 06:55:00+03:00,117774.42,0,17.92,0.008826,1057.35,False,mean_reversion,scaled
2025-07-12 07:00:00+03:00,117876.57,0,17.92,0.008826,1058.25,False,mean_reversion,scaled
2025-07-12 07:05:00+03:00,117793.22,0,17.92,0.008826,1057.52,False,mean_reversion,scaled
2025-07-12 07:10:00+03:00,117813.79,0,17.92,0.008826,1057.7,False,mean_reversion,scaled
2025-07-12 07:15:00+03:00,117743.0,0,17.92,0.008826,1057.08,False,mean_reversion,scaled
2025-07-12 07:20:00+03:00,117803.9,0,17.92,0.008826,1057.61,False,mean_reversion,scaled
2025-07-12 07:25:00+03:00,117849.99,0,17.92,0.008826,1058.02,False,mean_reversion,scaled
2025-07-12 07:30:00+03:00,117782.94,0,17.92,0.008826,1057.43,False,mean_reversion,scaled
2025-07-12 07:35:00+03:00,117755.29,0,17.92,0.008826,1057.18,False,mean_reversion,scaled
2025-07-12 07:40:00+03:00,117719.24,0,17.92,0.008826,1056.87,False,mean_reversion,scaled
2025-07-12 07:45:00+03:00,117686.41,0,17.92,0.008826,1056.58,False,mean_reversion,scaled
2025-07-12 07:50:00+03:00,117681.4,0,17.92,0.008826,1056.53,False,mean_reversion,scaled
2025-07-12 07:55:00+03:00,117646.44,0,17.92,0.008826,1056.22,False,mean_reversion,scaled
2025-07-12 08:00:00+03:00,117608.0,0,17.92,0.008826,1055.88,False,mean_reversion,scaled
2025-07-12 08:05:00+03:00,117547.34,0,17.92,0.008826,1055.35,False,mean_reversion,scaled
2025-07-12 08:10:00+03:00,117540.17,0,17.92,0.008826,1055.29,False,mean_reversion,scaled
2025-07-12 08:15:00+03:00,117575.1,0,17.92,0.008826,1055.59,False,mean_reversion,scaled
2025-07-12 08:20:00+03:00,117570.54,0,17.92,0.008826,1055.55,False,mean_reversion,scaled
2025-07-12 08:25:00+03:00,117621.06,0,17.92,0.008826,1056.0,False,mean_reversion,scaled
2025-07-12 08:30:00+03:00,117650.35,0,17.92,0.008826,1056.26,False,mean_reversion,scaled
2025-07-12 08:35:00+03:00,117678.71,0,17.92,0.008826,1056.51,False,mean_reversion,scaled
2025-07-12 08:40:00+03:00,117629.63,0,17.92,0.008826,1056.07,False,mean_reversion,scaled
2025-07-12 08:45:00+03:00,117614.88,0,17.92,0.008826,1055.94,False,mean_reversion,scaled
2025-07-12 08:50:00+03:00,117694.7,0,17.92,0.008826,1056.65,False,mean_reversion,scaled
2025-07-12 08:55:00+03:00,117689.68,0,17.92,0.008826,1056.6,False,mean_reversion,scaled
2025-07-12 09:00:00+03:00,117727.87,0,17.92,0.008826,1056.94,False,mean_reversion,scaled
2025-07-12 09:05:00+03:00,117719.99,0,17.92,0.008826,1056.87,False,mean_reversion,scaled
2025-07-12 09:10:00+03:00,117716.26,0,17.92,0.008826,1056.84,False,mean_reversion,scaled
2025-07-12 09:15:00+03:00,117741.22,0,17.92,0.008826,1057.06,False,mean_reversion,scaled
2025-07-12 09:20:00+03:00,117821.63,0,17.92,0.008826,1057.77,False,mean_reversion,scaled
2025-07-12 09:25:00+03:00,117910.0,0,17.92,0.008826,1058.55,False,mean_reversion,scaled
2025-07-12 09:30:00+03:00,117961.09,0,17.92,0.008826,1059.0,False,mean_reversion,scaled
2025-07-12 09:35:00+03:00,117974.99,0,17.92,0.008826,1059.12,False,mean_reversion,scaled
2025-07-12 09:40:00+03:00,117948.35,0,17.92,0.008826,1058.89,False,mean_reversion,scaled
2025-07-12 09:45:00+03:00,117886.28,0,17.92,0.008826,1058.34,False,mean_reversion,scaled
2025-07-12 09:50:00+03:00,117913.05,0,17.92,0.008826,1058.58,False,mean_reversion,scaled
2025-07-12 09:55:00+03:00,117847.66,0,17.92,0.008826,1058.0,False,mean_reversion,scaled
2025-07-12 10:00:00+03:00,117864.28,0,17.92,0.008826,1058.15,False,mean_reversion,scaled
2025-07-12 10:05:00+03:00,117889.5,0,17.92,0.008826,1058.37,False,mean_reversion,scaled
2025-07-12 10:10:00+03:00,117964.01,0,17.92,0.008826,1059.03,False,mean_reversion,scaled
2025-07-12 10:15:00+03:00,117970.09,0,17.92,0.008826,1059.08,False,mean_reversion,scaled
2025-07-12 10:20:00+03:00,117935.88,0,17.92,0.008826,1058.78,False,mean_reversion,scaled
2025-07-12 10:25:00+03:00,117939.51,0,17.92,0.008826,1058.81,False,mean_reversion,scaled
2025-07-12 10:30:00+03:00,117822.72,0,17.92,0.008826,1057.78,False,mean_reversion,scaled
2025-07-12 10:35:00+03:00,117756.43,0,17.92,0.008826,1057.19,False,mean_reversion,scaled
2025-07-12 10:40:00+03:00,117733.48,0,17.92,0.008826,1056.99,False,mean_reversion,scaled
2025-07-12 10:45:00+03:00,117692.2,0,17.92,0.008826,1056.63,False,mean_reversion,scaled
2025-07-12 10:50:00+03:00,117684.25,0,17.92,0.008826,1056.56,False,mean_reversion,scaled
2025-07-12 10:55:00+03:00,117731.99,0,17.92,0.008826,1056.98,False,mean_reversion,scaled
2025-07-12 11:00:00+03:00,117830.07,0,17.92,0.008826,1057.84,False,mean_reversion,scaled
2025-07-12 11:05:00+03:00,117804.41,0,17.92,0.008826,1057.62,False,mean_reversion,scaled
2025-07-12 11:10:00+03:00,117830.07,0,17.92,0.008826,1057.84,False,mean_reversion,scaled
2025-07-12 11:15:00+03:00,117867.99,0,17.92,0.008826,1058.18,False,mean_reversion,scaled
2025-07-12 11:20:00+03:00,117867.7,0,17.92,0.008826,1058.18,False,mean_reversion,scaled
2025-07-12 11:25:00+03:00,117855.9,0,17.92,0.008826,1058.07,False,mean_reversion,scaled
2025-07-12 11:30:00+03:00,117830.5,0,17.92,0.008826,1057.85,False,mean_reversion,scaled
2025-07-12 11:35:00+03:00,117814.02,0,17.92,0.008826,1057.7,False,mean_reversion,scaled
2025-07-12 11:40:00+03:00,117808.85,0,17.92,0.008826,1057.66,False,mean_reversion,scaled
2025-07-12 11:45:00+03:00,117765.91,0,17.92,0.008826,1057.28,False,mean_reversion,scaled
2025-07-12 11:50:00+03:00,117801.76,0,17.92,0.008826,1057.59,False,mean_reversion,scaled
2025-07-12 11:55:00+03:00,117929.65,0,17.92,0.008826,1058.72,False,mean_reversion,scaled
2025-07-12 12:00:00+03:00,117905.79,0,17.92,0.008826,1058.51,False,mean_reversion,scaled
2025-07-12 12:05:00+03:00,117890.79,0,17.92,0.008826,1058.38,False,mean_reversion,scaled
2025-07-12 12:10:00+03:00,117888.71,0,17.92,0.008826,1058.36,False,mean_reversion,scaled
2025-07-12 12:15:00+03:00,117973.49,0,17.92,0.008826,1059.11,False,mean_reversion,scaled
2025-07-12 12:20:00+03:00,118032.32,0,17.92,0.008826,1059.63,False,mean_reversion,scaled
2025-07-12 12:25:00+03:00,117980.0,0,17.92,0.008826,1059.17,False,mean_reversion,scaled
2025-07-12 12:30:00+03:00,117922.44,0,17.92,0.008826,1058.66,False,mean_reversion,scaled
2025-07-12 12:35:00+03:00,117989.53,0,17.92,0.008826,1059.25,False,mean_reversion,scaled
2025-07-12 12:40:00+03:00,118054.79,0,17.92,0.008826,1059.83,False,mean_reversion,scaled
2025-07-12 12:45:00+03:00,118060.0,0,17.92,0.008826,1059.87,False,mean_reversion,scaled
2025-07-12 12:50:00+03:00,118184.39,0,17.92,0.008826,1060.97,False,mean_reversion,scaled
2025-07-12 12:55:00+03:00,118158.78,0,17.92,0.008826,1060.74,False,mean_reversion,scaled
2025-07-12 13:00:00+03:00,118064.26,0,17.92,0.008826,1059.91,False,mean_reversion,scaled
2025-07-12 13:05:00+03:00,118006.91,0,17.92,0.008826,1059.4,False,mean_reversion,scaled
2025-07-12 13:10:00+03:00,117980.94,0,17.92,0.008826,1059.18,False,mean_reversion,scaled
2025-07-12 13:15:00+03:00,118086.96,0,17.92,0.008826,1060.11,False,mean_reversion,scaled
2025-07-12 13:20:00+03:00,118043.15,0,17.92,0.008826,1059.72,False,mean_reversion,scaled
2025-07-12 13:25:00+03:00,118065.91,0,17.92,0.008826,1059.93,False,mean_reversion,scaled
2025-07-12 13:30:00+03:00,118122.64,0,17.92,0.008826,1060.43,False,mean_reversion,scaled
2025-07-12 13:35:00+03:00,118100.41,0,17.92,0.008826,1060.23,False,mean_reversion,scaled
2025-07-12 13:40:00+03:00,118100.42,0,17.92,0.008826,1060.23,False,mean_reversion,scaled
2025-07-12 13:45:00+03:00,118033.16,0,17.92,0.008826,1059.64,False,mean_reversion,scaled
2025-07-12 13:50:00+03:00,118068.82,0,17.92,0.008826,1059.95,False,mean_reversion,scaled
2025-07-12 13:55:00+03:00,118077.32,0,17.92,0.008826,1060.03,False,mean_reversion,scaled
2025-07-12 14:00:00+03:00,117989.82,0,17.92,0.008826,1059.25,False,mean_reversion,scaled
2025-07-12 14:05:00+03:00,117966.34,0,17.92,0.008826,1059.05,False,mean_reversion,scaled
2025-07-12 14:10:00+03:00,117944.34,0,17.92,0.008826,1058.85,False,mean_reversion,scaled
2025-07-12 14:15:00+03:00,117959.58,0,17.92,0.008826,1058.99,False,mean_reversion,scaled
2025-07-12 14:20:00+03:00,118009.97,0,17.92,0.008826,1059.43,False,mean_reversion,scaled
2025-07-12 14:25:00+03:00,118009.96,0,17.92,0.008826,1059.43,False,mean_reversion,scaled
2025-07-12 14:30:00+03:00,117939.99,0,17.92,0.008826,1058.81,False,mean_reversion,scaled
2025-07-12 14:35:00+03:00,117991.62,0,17.92,0.008826,1059.27,False,mean_reversion,scaled
2025-07-12 14:40:00+03:00,117676.3,1,0.9,0.00897,1056.49,False,mean_reversion,scaled
2025-07-12 14:45:00+03:00,117763.99,0,0.9,0.00897,1057.27,False,mean_reversion,scaled
2025-07-12 14:50:00+03:00,117808.0,0,0.9,0.00897,1057.67,False,mean_reversion,scaled
2025-07-12 14:55:00+03:00,117810.0,0,0.9,0.00897,1057.69,False,mean_reversion,scaled
2025-07-12 15:00:00+03:00,117834.36,0,0.9,0.00897,1057.9,False,mean_reversion,scaled
2025-07-12 15:05:00+03:00,117763.28,0,0.9,0.00897,1057.27,False,mean_reversion,scaled
2025-07-12 15:10:00+03:00,117779.52,0,0.9,0.00897,1057.41,False,mean_reversion,scaled
2025-07-12 15:15:00+03:00,117721.62,0,0.9,0.00897,1056.89,False,mean_reversion,scaled
2025-07-12 15:20:00+03:00,117664.84,0,0.9,0.00897,1056.38,False,mean_reversion,scaled
2025-07-12 15:25:00+03:00,117665.6,0,0.9,0.00897,1056.39,False,mean_reversion,scaled
2025-07-12 15:30:00+03:00,117611.76,0,0.9,0.00897,1055.91,False,mean_reversion,scaled
2025-07-12 15:35:00+03:00,117509.75,0,0.9,0.00897,1054.99,False,mean_reversion,scaled
2025-07-12 15:40:00+03:00,117509.75,0,0.9,0.00897,1054.99,False,mean_reversion,scaled
2025-07-12 15:45:00+03:00,117379.99,1,0.9,0.00897,1053.83,False,mean_reversion,scaled
2025-07-12 15:50:00+03:00,117494.28,0,0.9,0.00897,1054.85,False,mean_reversion,scaled
2025-07-12 15:55:00+03:00,117559.97,0,0.9,0.00897,1055.44,False,mean_reversion,scaled
2025-07-12 16:00:00+03:00,117453.4,0,0.9,0.00897,1054.49,False,mean_reversion,scaled
2025-07-12 16:05:00+03:00,117448.51,0,0.9,0.00897,1054.44,False,mean_reversion,scaled
2025-07-12 16:10:00+03:00,117486.01,0,0.9,0.00897,1054.78,False,mean_reversion,scaled
2025-07-12 16:15:00+03:00,117348.0,0,0.9,0.00897,1053.54,False,mean_reversion,scaled
2025-07-12 16:20:00+03:00,117406.03,0,0.9,0.00897,1054.06,False,mean_reversion,scaled
2025-07-12 16:25:00+03:00,117304.7,0,0.9,0.00897,1053.15,False,mean_reversion,scaled
2025-07-12 16:30:00+03:00,117420.37,0,0.9,0.00897,1054.19,False,mean_reversion,scaled
2025-07-12 16:35:00+03:00,117409.99,0,0.9,0.00897,1054.1,False,mean_reversion,scaled
2025-07-12 16:40:00+03:00,117365.65,0,0.9,0.00897,1053.7,False,mean_reversion,scaled
2025-07-12 16:45:00+03:00,117350.59,0,0.9,0.00897,1053.56,False,mean_reversion,scaled
2025-07-12 16:50:00+03:00,117433.39,0,0.9,0.00897,1054.31,False,mean_reversion,scaled
2025-07-12 16:55:00+03:00,117500.0,0,0.9,0.00897,1054.91,False,mean_reversion,scaled
2025-07-12 17:00:00+03:00,117405.56,0,0.9,0.00897,1054.06,False,mean_reversion,scaled
2025-07-12 17:05:00+03:00,117547.75,0,0.9,0.00897,1055.33,False,mean_reversion,scaled
2025-07-12 17:10:00+03:00,117601.99,0,0.9,0.00897,1055.82,False,mean_reversion,scaled
2025-07-12 17:15:00+03:00,117654.15,0,0.9,0.00897,1056.29,False,mean_reversion,scaled
2025-07-12 17:20:00+03:00,117580.01,0,0.9,0.00897,1055.62,False,mean_reversion,scaled
2025-07-12 17:25:00+03:00,117656.71,0,0.9,0.00897,1056.31,False,mean_reversion,scaled
2025-07-12 17:30:00+03:00,117553.32,0,0.9,0.00897,1055.38,False,mean_reversion,scaled
2025-07-12 17:35:00+03:00,117410.15,0,0.9,0.00897,1054.1,False,mean_reversion,scaled
2025-07-12 17:40:00+03:00,117466.47,0,0.9,0.00897,1054.6,False,mean_reversion,scaled
2025-07-12 17:45:00+03:00,117430.72,0,0.9,0.00897,1054.28,False,mean_reversion,scaled
2025-07-12 17:50:00+03:00,117329.83,0,0.9,0.00897,1053.38,False,mean_reversion,scaled
2025-07-12 17:55:00+03:00,117389.47,0,0.9,0.00897,1053.91,False,mean_reversion,scaled
2025-07-12 18:00:00+03:00,117349.82,0,0.9,0.00897,1053.56,False,mean_reversion,scaled
2025-07-12 18:05:00+03:00,117349.99,0,0.9,0.00897,1053.56,False,mean_reversion,scaled
2025-07-12 18:10:00+03:00,117422.52,0,0.9,0.00897,1054.21,False,mean_reversion,scaled
2025-07-12 18:15:00+03:00,117417.9,0,0.9,0.00897,1054.17,False,mean_reversion,scaled
2025-07-12 18:20:00+03:00,117313.8,0,0.9,0.00897,1053.23,False,mean_reversion,scaled
2025-07-12 18:25:00+03:00,117336.34,0,0.9,0.00897,1053.44,False,mean_reversion,scaled
2025-07-12 18:30:00+03:00,117279.87,0,0.9,0.00897,1052.93,False,mean_reversion,scaled
2025-07-12 18:35:00+03:00,117098.0,0,0.9,0.00897,1051.3,False,mean_reversion,scaled
2025-07-12 18:40:00+03:00,116992.6,1,0.9,0.00897,1050.35,False,mean_reversion,scaled
2025-07-12 18:45:00+03:00,117000.3,1,0.9,0.00897,1050.42,False,mean_reversion,scaled
2025-07-12 18:50:00+03:00,116968.81,1,0.9,0.00897,1050.14,False,mean_reversion,scaled
2025-07-12 18:55:00+03:00,117100.01,0,0.9,0.00897,1051.32,False,mean_reversion,scaled
2025-07-12 19:00:00+03:00,117164.89,0,0.9,0.00897,1051.9,False,mean_reversion,scaled
2025-07-12 19:05:00+03:00,117195.5,0,0.9,0.00897,1052.17,False,mean_reversion,scaled
2025-07-12 19:10:00+03:00,117266.65,0,0.9,0.00897,1052.81,False,mean_reversion,scaled
2025-07-12 19:15:00+03:00,117320.29,0,0.9,0.00897,1053.29,False,mean_reversion,scaled
2025-07-12 19:20:00+03:00,117299.39,0,0.9,0.00897,1053.11,False,mean_reversion,scaled
2025-07-12 19:25:00+03:00,117295.49,0,0.9,0.00897,1053.07,False,mean_reversion,scaled
2025-07-12 19:30:00+03:00,117329.83,0,0.9,0.00897,1053.38,False,mean_reversion,scaled
2025-07-12 19:35:00+03:00,117329.84,0,0.9,0.00897,1053.38,False,mean_reversion,scaled
2025-07-12 19:40:00+03:00,117279.53,0,0.9,0.00897,1052.93,False,mean_reversion,scaled
2025-07-12 19:45:00+03:00,117293.03,0,0.9,0.00897,1053.05,False,mean_reversion,scaled
2025-07-12 19:50:00+03:00,117158.32,0,0.9,0.00897,1051.84,False,mean_reversion,scaled
2025-07-12 19:55:00+03:00,117191.08,0,0.9,0.00897,1052.13,False,mean_reversion,scaled
2025-07-12 20:00:00+03:00,117213.31,0,0.9,0.00897,1052.33,False,mean_reversion,scaled
2025-07-12 20:05:00+03:00,117291.68,0,0.9,0.00897,1053.04,False,mean_reversion,scaled
2025-07-12 20:10:00+03:00,117300.01,0,0.9,0.00897,1053.11,False,mean_reversion,scaled
2025-07-12 20:15:00+03:00,117371.55,0,0.9,0.00897,1053.75,False,mean_reversion,scaled
2025-07-12 20:20:00+03:00,117398.66,0,0.9,0.00897,1054.0,False,mean_reversion,scaled
2025-07-12 20:25:00+03:00,117445.55,0,0.9,0.00897,1054.42,False,mean_reversion,scaled
2025-07-12 20:30:00+03:00,117456.11,0,0.9,0.00897,1054.51,False,mean_reversion,scaled
2025-07-12 20:35:00+03:00,117449.5,0,0.9,0.00897,1054.45,False,mean_reversion,scaled
2025-07-12 20:40:00+03:00,117461.7,0,0.9,0.00897,1054.56,False,mean_reversion,scaled
2025-07-12 20:45:00+03:00,117444.88,0,0.9,0.00897,1054.41,False,mean_reversion,scaled
2025-07-12 20:50:00+03:00,117414.67,0,0.9,0.00897,1054.14,False,mean_reversion,scaled
2025-07-12 20:55:00+03:00,117478.4,0,0.9,0.00897,1054.71,False,mean_reversion,scaled
2025-07-12 21:00:00+03:00,117461.95,0,0.9,0.00897,1054.56,False,mean_reversion,scaled
2025-07-12 21:05:00+03:00,117448.84,0,0.9,0.00897,1054.45,False,mean_reversion,scaled
2025-07-12 21:10:00+03:00,117465.99,0,0.9,0.00897,1054.6,False,mean_reversion,scaled
2025-07-12 21:15:00+03:00,117444.75,0,0.9,0.00897,1054.41,False,mean_reversion,scaled
2025-07-12 21:20:00+03:00,117428.38,0,0.9,0.00897,1054.26,False,mean_reversion,scaled
2025-07-12 21:25:00+03:00,117416.64,0,0.9,0.00897,1054.16,False,mean_reversion,scaled
2025-07-12 21:30:00+03:00,117433.39,0,0.9,0.00897,1054.31,False,mean_reversion,scaled
2025-07-12 21:35:00+03:00,117400.01,0,0.9,0.00897,1054.01,False,mean_reversion,scaled
2025-07-12 21:40:00+03:00,117378.91,0,0.9,0.00897,1053.82,False,mean_reversion,scaled
2025-07-12 21:45:00+03:00,117415.21,0,0.9,0.00897,1054.14,False,mean_reversion,scaled
2025-07-12 21:50:00+03:00,117384.78,0,0.9,0.00897,1053.87,False,mean_reversion,scaled
2025-07-12 21:55:00+03:00,117504.0,0,0.9,0.00897,1054.94,False,mean_reversion,scaled
2025-07-12 22:00:00+03:00,117543.2,0,0.9,0.00897,1055.29,False,mean_reversion,scaled
2025-07-12 22:05:00+03:00,117609.99,0,0.9,0.00897,1055.89,False,mean_reversion,scaled
2025-07-12 22:10:00+03:00,117608.52,0,0.9,0.00897,1055.88,False,mean_reversion,scaled
2025-07-12 22:15:00+03:00,117639.98,0,0.9,0.00897,1056.16,False,mean_reversion,scaled
2025-07-12 22:20:00+03:00,117536.95,0,0.9,0.00897,1055.24,False,mean_reversion,scaled
2025-07-12 22:25:00+03:00,117440.43,0,0.9,0.00897,1054.37,False,mean_reversion,scaled
2025-07-12 22:30:00+03:00,117475.37,0,0.9,0.00897,1054.68,False,mean_reversion,scaled
2025-07-12 22:35:00+03:00,117547.62,0,0.9,0.00897,1055.33,False,mean_reversion,scaled
2025-07-12 22:40:00+03:00,117595.12,0,0.9,0.00897,1055.76,False,mean_reversion,scaled
2025-07-12 22:45:00+03:00,117596.77,0,0.9,0.00897,1055.77,False,mean_reversion,scaled
2025-07-12 22:50:00+03:00,117560.69,0,0.9,0.00897,1055.45,False,mean_reversion,scaled
2025-07-12 22:55:00+03:00,117550.96,0,0.9,0.00897,1055.36,False,mean_reversion,scaled
2025-07-12 23:00:00+03:00,117546.24,0,0.9,0.00897,1055.32,False,mean_reversion,scaled
2025-07-12 23:05:00+03:00,117510.02,0,0.9,0.00897,1055.0,False,mean_reversion,scaled
2025-07-12 23:10:00+03:00,117451.43,0,0.9,0.00897,1054.47,False,mean_reversion,scaled
2025-07-12 23:15:00+03:00,117429.2,0,0.9,0.00897,1054.27,False,mean_reversion,scaled
2025-07-12 23:20:00+03:00,117452.7,0,0.9,0.00897,1054.48,False,mean_reversion,scaled
2025-07-12 23:25:00+03:00,117442.96,0,0.9,0.00897,1054.39,False,mean_reversion,scaled
2025-07-12 23:30:00+03:00,117370.56,0,0.9,0.00897,1053.74,False,mean_reversion,scaled
2025-07-12 23:35:00+03:00,117356.58,0,0.9,0.00897,1053.62,False,mean_reversion,scaled
2025-07-12 23:40:00+03:00,117346.4,0,0.9,0.00897,1053.53,False,mean_reversion,scaled
2025-07-12 23:45:00+03:00,117346.39,0,0.9,0.00897,1053.53,False,mean_reversion,scaled
2025-07-12 23:50:00+03:00,117197.94,0,0.9,0.00897,1052.2,False,mean_reversion,scaled
2025-07-12 23:55:00+03:00,117023.36,1,0.9,0.00897,1050.63,False,mean_reversion,scaled
2025-07-13 00:00:00+03:00,117169.69,0,0.9,0.00897,1051.94,False,mean_reversion,scaled
2025-07-13 00:05:00+03:00,117260.0,0,0.9,0.00897,1052.75,False,mean_reversion,scaled
2025-07-13 00:10:00+03:00,117140.0,0,0.9,0.00897,1051.68,False,mean_reversion,scaled
2025-07-13 00:15:00+03:00,117215.77,0,0.9,0.00897,1052.36,False,mean_reversion,scaled
2025-07-13 00:20:00+03:00,117260.59,0,0.9,0.00897,1052.76,False,mean_reversion,scaled
2025-07-13 00:25:00+03:00,117315.87,0,0.9,0.00897,1053.25,False,mean_reversion,scaled
2025-07-13 00:30:00+03:00,117346.34,0,0.9,0.00897,1053.53,False,mean_reversion,scaled
2025-07-13 00:35:00+03:00,117444.39,0,0.9,0.00897,1054.41,False,mean_reversion,scaled
2025-07-13 00:40:00+03:00,117555.5,-1,53.62,0.008522,1055.4,False,mean_reversion,scaled
2025-07-13 00:45:00+03:00,117415.13,0,53.62,0.008522,1054.21,False,mean_reversion,scaled
2025-07-13 00:50:00+03:00,117450.86,0,53.62,0.008522,1054.51,False,mean_reversion,scaled
2025-07-13 00:55:00+03:00,117485.22,0,53.62,0.008522,1054.8,False,mean_reversion,scaled
2025-07-13 01:00:00+03:00,117499.49,0,53.62,0.008522,1054.93,False,mean_reversion,scaled
2025-07-13 01:05:00+03:00,117462.31,0,53.62,0.008522,1054.61,False,mean_reversion,scaled
2025-07-13 01:10:00+03:00,117460.04,0,53.62,0.008522,1054.59,False,mean_reversion,scaled
2025-07-13 01:15:00+03:00,117339.99,0,53.62,0.008522,1053.57,False,mean_reversion,scaled
2025-07-13 01:20:00+03:00,117397.44,0,53.62,0.008522,1054.06,False,mean_reversion,scaled
2025-07-13 01:25:00+03:00,117456.01,0,53.62,0.008522,1054.56,False,mean_reversion,scaled
2025-07-13 01:30:00+03:00,117481.7,0,53.62,0.008522,1054.77,False,mean_reversion,scaled
2025-07-13 01:35:00+03:00,117416.8,0,53.62,0.008522,1054.22,False,mean_reversion,scaled
2025-07-13 01:40:00+03:00,117395.99,0,53.62,0.008522,1054.04,False,mean_reversion,scaled
2025-07-13 01:45:00+03:00,117344.0,0,53.62,0.008522,1053.6,False,mean_reversion,scaled
2025-07-13 01:50:00+03:00,117376.55,0,53.62,0.008522,1053.88,False,mean_reversion,scaled
2025-07-13 01:55:00+03:00,117385.37,0,53.62,0.008522,1053.95,False,mean_reversion,scaled
2025-07-13 02:00:00+03:00,117365.13,0,53.62,0.008522,1053.78,False,mean_reversion,scaled
2025-07-13 02:05:00+03:00,117284.0,0,53.62,0.008522,1053.09,False,mean_reversion,scaled
2025-07-13 02:10:00+03:00,117252.0,0,53.62,0.008522,1052.82,False,mean_reversion,scaled
2025-07-13 02:15:00+03:00,117286.12,0,53.62,0.008522,1053.11,False,mean_reversion,scaled
2025-07-13 02:20:00+03:00,117321.04,0,53.62,0.008522,1053.41,False,mean_reversion,scaled
2025-07-13 02:25:00+03:00,117288.0,0,53.62,0.008522,1053.12,False,mean_reversion,scaled
2025-07-13 02:30:00+03:00,117312.01,0,53.62,0.008522,1053.33,False,mean_reversion,scaled
2025-07-13 02:35:00+03:00,117291.67,0,53.62,0.008522,1053.15,False,mean_reversion,scaled
2025-07-13 02:40:00+03:00,117258.97,0,53.62,0.008522,1052.88,False,mean_reversion,scaled
2025-07-13 02:45:00+03:00,117439.99,0,53.62,0.008522,1054.42,False,mean_reversion,scaled
2025-07-13 02:50:00+03:00,117399.98,0,53.62,0.008522,1054.08,False,mean_reversion,scaled
2025-07-13 02:55:00+03:00,117420.0,0,53.62,0.008522,1054.25,False,mean_reversion,scaled
2025-07-13 03:00:00+03:00,117377.51,0,53.62,0.008522,1053.89,False,mean_reversion,scaled
2025-07-13 03:05:00+03:00,117300.01,0,53.62,0.008522,1053.23,False,mean_reversion,scaled
2025-07-13 03:10:00+03:00,117319.99,0,53.62,0.008522,1053.4,False,mean_reversion,scaled
2025-07-13 03:15:00+03:00,117256.02,0,53.62,0.008522,1052.85,False,mean_reversion,scaled
2025-07-13 03:20:00+03:00,117365.52,0,53.62,0.008522,1053.78,False,mean_reversion,scaled
2025-07-13 03:25:00+03:00,117392.79,0,53.62,0.008522,1054.02,False,mean_reversion,scaled
2025-07-13 03:30:00+03:00,117359.48,0,53.62,0.008522,1053.73,False,mean_reversion,scaled
2025-07-13 03:35:00+03:00,117335.29,0,53.62,0.008522,1053.53,False,mean_reversion,scaled
2025-07-13 03:40:00+03:00,117432.43,0,53.62,0.008522,1054.35,False,mean_reversion,scaled
2025-07-13 03:45:00+03:00,117348.01,0,53.62,0.008522,1053.63,False,mean_reversion,scaled
2025-07-13 03:50:00+03:00,117330.53,0,53.62,0.008522,1053.49,False,mean_reversion,scaled
2025-07-13 03:55:00+03:00,117316.1,0,53.62,0.008522,1053.36,False,mean_reversion,scaled
2025-07-13 04:00:00+03:00,117390.77,0,53.62,0.008522,1054.0,False,mean_reversion,scaled
2025-07-13 04:05:00+03:00,117340.0,0,53.62,0.008522,1053.57,False,mean_reversion,scaled
2025-07-13 04:10:00+03:00,117339.04,0,53.62,0.008522,1053.56,False,mean_reversion,scaled
2025-07-13 04:15:00+03:00,117296.4,0,53.62,0.008522,1053.2,False,mean_reversion,scaled
2025-07-13 04:20:00+03:00,117363.05,0,53.62,0.008522,1053.76,False,mean_reversion,scaled
2025-07-13 04:25:00+03:00,117387.99,0,53.62,0.008522,1053.98,False,mean_reversion,scaled
2025-07-13 04:30:00+03:00,117380.01,0,53.62,0.008522,1053.91,False,mean_reversion,scaled
2025-07-13 04:35:00+03:00,117536.96,0,53.62,0.008522,1055.25,False,mean_reversion,scaled
2025-07-13 04:40:00+03:00,117536.96,0,53.62,0.008522,1055.25,False,mean_reversion,scaled
2025-07-13 04:45:00+03:00,117614.71,0,53.62,0.008522,1055.91,False,mean_reversion,scaled
2025-07-13 04:50:00+03:00,117632.06,0,53.62,0.008522,1056.06,False,mean_reversion,scaled
2025-07-13 04:55:00+03:00,117553.37,0,53.62,0.008522,1055.38,False,mean_reversion,scaled
2025-07-13 05:00:00+03:00,117497.98,0,53.62,0.008522,1054.91,False,mean_reversion,scaled
2025-07-13 05:05:00+03:00,117514.78,0,53.62,0.008522,1055.06,False,mean_reversion,scaled
2025-07-13 05:10:00+03:00,117484.0,0,53.62,0.008522,1054.79,False,mean_reversion,scaled
2025-07-13 05:15:00+03:00,117417.11,0,53.62,0.008522,1054.22,False,mean_reversion,scaled
2025-07-13 05:20:00+03:00,117420.29,0,53.62,0.008522,1054.25,False,mean_reversion,scaled
2025-07-13 05:25:00+03:00,117429.8,0,53.62,0.008522,1054.33,False,mean_reversion,scaled
2025-07-13 05:30:00+03:00,117439.52,0,53.62,0.008522,1054.41,False,mean_reversion,scaled
2025-07-13 05:35:00+03:00,117431.19,0,53.62,0.008522,1054.34,False,mean_reversion,scaled
2025-07-13 05:40:00+03:00,117505.6,0,53.62,0.008522,1054.98,False,mean_reversion,scaled
2025-07-13 05:45:00+03:00,117553.37,0,53.62,0.008522,1055.38,False,mean_reversion,scaled
2025-07-13 05:50:00+03:00,117646.85,0,53.62,0.008522,1056.18,False,mean_reversion,scaled
2025-07-13 05:55:00+03:00,117620.0,0,53.62,0.008522,1055.95,False,mean_reversion,scaled
2025-07-13 06:00:00+03:00,117647.92,0,53.62,0.008522,1056.19,False,mean_reversion,scaled
2025-07-13 06:05:00+03:00,117626.52,0,53.62,0.008522,1056.01,False,mean_reversion,scaled
2025-07-13 06:10:00+03:00,117600.82,0,53.62,0.008522,1055.79,False,mean_reversion,scaled
2025-07-13 06:15:00+03:00,117684.22,0,53.62,0.008522,1056.5,False,mean_reversion,scaled
2025-07-13 06:20:00+03:00,117747.91,0,53.62,0.008522,1057.04,False,mean_reversion,scaled
2025-07-13 06:25:00+03:00,117765.92,0,53.62,0.008522,1057.2,False,mean_reversion,scaled
2025-07-13 06:30:00+03:00,117800.0,0,53.62,0.008522,1057.49,False,mean_reversion,scaled
2025-07-13 06:35:00+03:00,117750.0,0,53.62,0.008522,1057.06,False,mean_reversion,scaled
2025-07-13 06:40:00+03:00,117750.01,0,53.62,0.008522,1057.06,False,mean_reversion,scaled
2025-07-13 06:45:00+03:00,117697.35,0,53.62,0.008522,1056.61,False,mean_reversion,scaled
2025-07-13 06:50:00+03:00,117786.82,0,53.62,0.008522,1057.37,False,mean_reversion,scaled
2025-07-13 06:55:00+03:00,117753.6,0,53.62,0.008522,1057.09,False,mean_reversion,scaled
2025-07-13 07:00:00+03:00,117719.29,0,53.62,0.008522,1056.8,False,mean_reversion,scaled
2025-07-13 07:05:00+03:00,117739.99,0,53.62,0.008522,1056.98,False,mean_reversion,scaled
2025-07-13 07:10:00+03:00,117751.58,0,53.62,0.008522,1057.07,False,mean_reversion,scaled
2025-07-13 07:15:00+03:00,117812.03,0,53.62,0.008522,1057.59,False,mean_reversion,scaled
2025-07-13 07:20:00+03:00,117771.45,0,53.62,0.008522,1057.24,False,mean_reversion,scaled
2025-07-13 07:25:00+03:00,117769.99,0,53.62,0.008522,1057.23,False,mean_reversion,scaled
2025-07-13 07:30:00+03:00,117822.56,0,53.62,0.008522,1057.68,False,mean_reversion,scaled
2025-07-13 07:35:00+03:00,117849.44,0,53.62,0.008522,1057.91,False,mean_reversion,scaled
2025-07-13 07:40:00+03:00,117827.59,0,53.62,0.008522,1057.72,False,mean_reversion,scaled
2025-07-13 07:45:00+03:00,117865.72,0,53.62,0.008522,1058.05,False,mean_reversion,scaled
2025-07-13 07:50:00+03:00,117892.23,0,53.62,0.008522,1058.27,False,mean_reversion,scaled
2025-07-13 07:55:00+03:00,117879.22,0,53.62,0.008522,1058.16,False,mean_reversion,scaled
2025-07-13 08:00:00+03:00,117902.31,0,53.62,0.008522,1058.36,False,mean_reversion,scaled
2025-07-13 08:05:00+03:00,117904.75,0,53.62,0.008522,1058.38,False,mean_reversion,scaled
2025-07-13 08:10:00+03:00,117862.74,0,53.62,0.008522,1058.02,False,mean_reversion,scaled
2025-07-13 08:15:00+03:00,117822.55,0,53.62,0.008522,1057.68,False,mean_reversion,scaled
2025-07-13 08:20:00+03:00,117815.08,0,53.62,0.008522,1057.62,False,mean_reversion,scaled
2025-07-13 08:25:00+03:00,117832.64,0,53.62,0.008522,1057.76,False,mean_reversion,scaled
2025-07-13 08:30:00+03:00,117894.95,0,53.62,0.008522,1058.3,False,mean_reversion,scaled
2025-07-13 08:35:00+03:00,117880.0,0,53.62,0.008522,1058.17,False,mean_reversion,scaled
2025-07-13 08:40:00+03:00,117775.39,0,53.62,0.008522,1057.28,False,mean_reversion,scaled
2025-07-13 08:45:00+03:00,117727.85,0,53.62,0.008522,1056.87,False,mean_reversion,scaled
2025-07-13 08:50:00+03:00,117712.99,0,53.62,0.008522,1056.75,False,mean_reversion,scaled
2025-07-13 08:55:00+03:00,117759.99,0,53.62,0.008522,1057.15,False,mean_reversion,scaled
2025-07-13 09:00:00+03:00,117775.79,0,53.62,0.008522,1057.28,False,mean_reversion,scaled
2025-07-13 09:05:00+03:00,117785.66,0,53.62,0.008522,1057.36,False,mean_reversion,scaled
2025-07-13 09:10:00+03:00,117783.98,0,53.62,0.008522,1057.35,False,mean_reversion,scaled
2025-07-13 09:15:00+03:00,117797.81,0,53.62,0.008522,1057.47,False,mean_reversion,scaled
2025-07-13 09:20:00+03:00,117847.65,0,53.62,0.008522,1057.89,False,mean_reversion,scaled
2025-07-13 09:25:00+03:00,117861.11,0,53.62,0.008522,1058.01,False,mean_reversion,scaled
2025-07-13 09:30:00+03:00,117900.0,0,53.62,0.008522,1058.34,False,mean_reversion,scaled
2025-07-13 09:35:00+03:00,117968.13,0,53.62,0.008522,1058.92,False,mean_reversion,scaled
2025-07-13 09:40:00+03:00,117973.36,0,53.62,0.008522,1058.96,False,mean_reversion,scaled
2025-07-13 09:45:00+03:00,117902.92,0,53.62,0.008522,1058.36,False,mean_reversion,scaled
2025-07-13 09:50:00+03:00,117888.5,0,53.62,0.008522,1058.24,False,mean_reversion,scaled
2025-07-13 09:55:00+03:00,117888.51,0,53.62,0.008522,1058.24,False,mean_reversion,scaled
2025-07-13 10:00:00+03:00,117861.83,0,53.62,0.008522,1058.01,False,mean_reversion,scaled
2025-07-13 10:05:00+03:00,117884.49,0,53.62,0.008522,1058.21,False,mean_reversion,scaled
2025-07-13 10:10:00+03:00,117884.49,0,53.62,0.008522,1058.21,False,mean_reversion,scaled
2025-07-13 10:15:00+03:00,117926.95,0,53.62,0.008522,1058.57,False,mean_reversion,scaled
2025-07-13 10:20:00+03:00,117984.77,0,53.62,0.008522,1059.06,False,mean_reversion,scaled
2025-07-13 10:25:00+03:00,117989.99,0,53.62,0.008522,1059.11,False,mean_reversion,scaled
2025-07-13 10:30:00+03:00,117997.0,0,53.62,0.008522,1059.17,False,mean_reversion,scaled
2025-07-13 10:35:00+03:00,117981.52,0,53.62,0.008522,1059.03,False,mean_reversion,scaled
2025-07-13 10:40:00+03:00,117967.24,0,53.62,0.008522,1058.91,False,mean_reversion,scaled
2025-07-13 10:45:00+03:00,117944.01,0,53.62,0.008522,1058.71,False,mean_reversion,scaled
2025-07-13 10:50:00+03:00,117945.93,0,53.62,0.008522,1058.73,False,mean_reversion,scaled
2025-07-13 10:55:00+03:00,117999.0,0,53.62,0.008522,1059.18,False,mean_reversion,scaled
2025-07-13 11:00:00+03:00,117970.93,0,53.62,0.008522,1058.94,False,mean_reversion,scaled
2025-07-13 11:05:00+03:00,117942.08,0,53.62,0.008522,1058.7,False,mean_reversion,scaled
2025-07-13 11:10:00+03:00,117950.78,0,53.62,0.008522,1058.77,False,mean_reversion,scaled
2025-07-13 11:15:00+03:00,117843.42,0,53.62,0.008522,1057.86,False,mean_reversion,scaled
2025-07-13 11:20:00+03:00,117819.99,0,53.62,0.008522,1057.66,False,mean_reversion,scaled
2025-07-13 11:25:00+03:00,117831.08,0,53.62,0.008522,1057.75,False,mean_reversion,scaled
2025-07-13 11:30:00+03:00,117827.4,0,53.62,0.008522,1057.72,False,mean_reversion,scaled
2025-07-13 11:35:00+03:00,117818.89,0,53.62,0.008522,1057.65,False,mean_reversion,scaled
2025-07-13 11:40:00+03:00,117789.61,0,53.62,0.008522,1057.4,False,mean_reversion,scaled
2025-07-13 11:45:00+03:00,117756.39,0,53.62,0.008522,1057.11,False,mean_reversion,scaled
2025-07-13 11:50:00+03:00,117789.69,0,53.62,0.008522,1057.4,False,mean_reversion,scaled
2025-07-13 11:55:00+03:00,117895.78,0,53.62,0.008522,1058.3,False,mean_reversion,scaled
2025-07-13 12:00:00+03:00,117901.33,0,53.62,0.008522,1058.35,False,mean_reversion,scaled
2025-07-13 12:05:00+03:00,117901.34,0,53.62,0.008522,1058.35,False,mean_reversion,scaled
2025-07-13 12:10:00+03:00,117879.36,0,53.62,0.008522,1058.16,False,mean_reversion,scaled
2025-07-13 12:15:00+03:00,117860.0,0,53.62,0.008522,1058.0,False,mean_reversion,scaled
2025-07-13 12:20:00+03:00,117850.01,0,53.62,0.008522,1057.91,False,mean_reversion,scaled
2025-07-13 12:25:00+03:00,117850.01,0,53.62,0.008522,1057.91,False,mean_reversion,scaled
2025-07-13 12:30:00+03:00,117792.49,0,53.62,0.008522,1057.42,False,mean_reversion,scaled
2025-07-13 12:35:00+03:00,117700.0,0,53.62,0.008522,1056.63,False,mean_reversion,scaled
2025-07-13 12:40:00+03:00,117800.04,0,53.62,0.008522,1057.49,False,mean_reversion,scaled
2025-07-13 12:45:00+03:00,117750.12,0,53.62,0.008522,1057.06,False,mean_reversion,scaled
2025-07-13 12:50:00+03:00,117759.99,0,53.62,0.008522,1057.15,False,mean_reversion,scaled
2025-07-13 12:55:00+03:00,117739.16,0,53.62,0.008522,1056.97,False,mean_reversion,scaled
2025-07-13 13:00:00+03:00,117830.74,0,53.62,0.008522,1057.75,False,mean_reversion,scaled
2025-07-13 13:05:00+03:00,117845.46,0,53.62,0.008522,1057.87,False,mean_reversion,scaled
2025-07-13 13:10:00+03:00,117845.47,0,53.62,0.008522,1057.87,False,mean_reversion,scaled
2025-07-13 13:15:00+03:00,117800.0,0,53.62,0.008522,1057.49,False,mean_reversion,scaled
2025-07-13 13:20:00+03:00,117800.01,0,53.62,0.008522,1057.49,False,mean_reversion,scaled
2025-07-13 13:25:00+03:00,117800.01,0,53.62,0.008522,1057.49,False,mean_reversion,scaled
2025-07-13 13:30:00+03:00,117783.96,0,53.62,0.008522,1057.35,False,mean_reversion,scaled
2025-07-13 13:35:00+03:00,117783.95,0,53.62,0.008522,1057.35,False,mean_reversion,scaled
2025-07-13 13:40:00+03:00,117783.96,0,53.62,0.008522,1057.35,False,mean_reversion,scaled
2025-07-13 13:45:00+03:00,117783.95,0,53.62,0.008522,1057.35,False,mean_reversion,scaled
2025-07-13 13:50:00+03:00,117773.62,0,53.62,0.008522,1057.26,False,mean_reversion,scaled
2025-07-13 13:55:00+03:00,117747.99,0,53.62,0.008522,1057.04,False,mean_reversion,scaled
2025-07-13 14:00:00+03:00,117812.93,0,53.62,0.008522,1057.6,False,mean_reversion,scaled
2025-07-13 14:05:00+03:00,117883.39,0,53.62,0.008522,1058.2,False,mean_reversion,scaled
2025-07-13 14:10:00+03:00,117900.0,0,53.62,0.008522,1058.34,False,mean_reversion,scaled
2025-07-13 14:15:00+03:00,117908.39,0,53.62,0.008522,1058.41,False,mean_reversion,scaled
2025-07-13 14:20:00+03:00,117996.99,0,53.62,0.008522,1059.17,False,mean_reversion,scaled
2025-07-13 14:25:00+03:00,118059.85,0,53.62,0.008522,1059.7,False,mean_reversion,scaled
2025-07-13 14:30:00+03:00,117955.25,0,53.62,0.008522,1058.81,False,mean_reversion,scaled
2025-07-13 14:35:00+03:00,117992.19,0,53.62,0.008522,1059.12,False,mean_reversion,scaled
2025-07-13 14:40:00+03:00,118003.28,0,53.62,0.008522,1059.22,False,mean_reversion,scaled
2025-07-13 14:45:00+03:00,117973.18,0,53.62,0.008522,1058.96,False,mean_reversion,scaled
2025-07-13 14:50:00+03:00,117973.01,0,53.62,0.008522,1058.96,False,mean_reversion,scaled
2025-07-13 14:55:00+03:00,118072.01,0,53.62,0.008522,1059.8,False,mean_reversion,scaled
2025-07-13 15:00:00+03:00,118113.18,0,53.62,0.008522,1060.16,False,mean_reversion,scaled
2025-07-13 15:05:00+03:00,118033.44,0,53.62,0.008522,1059.48,False,mean_reversion,scaled
2025-07-13 15:10:00+03:00,118025.19,0,53.62,0.008522,1059.41,False,mean_reversion,scaled
2025-07-13 15:15:00+03:00,118119.06,0,53.62,0.008522,1060.21,False,mean_reversion,scaled
2025-07-13 15:20:00+03:00,118145.13,0,53.62,0.008522,1060.43,False,mean_reversion,scaled
2025-07-13 15:25:00+03:00,118190.02,0,53.62,0.008522,1060.81,False,mean_reversion,scaled
2025-07-13 15:30:00+03:00,118113.19,0,53.62,0.008522,1060.16,False,mean_reversion,scaled
2025-07-13 15:35:00+03:00,118113.18,0,53.62,0.008522,1060.16,False,mean_reversion,scaled
2025-07-13 15:40:00+03:00,118137.08,0,53.62,0.008522,1060.36,False,mean_reversion,scaled
2025-07-13 15:45:00+03:00,118147.67,0,53.62,0.008522,1060.45,False,mean_reversion,scaled
2025-07-13 15:50:00+03:00,118511.35,-1,104.12,0.008096,1063.55,False,mean_reversion,scaled
2025-07-13 15:55:00+03:00,118432.11,-1,152.06,0.007691,1062.91,False,mean_reversion,scaled
2025-07-13 16:00:00+03:00,118333.02,0,152.06,0.007691,1062.14,False,mean_reversion,scaled
2025-07-13 16:05:00+03:00,118338.47,0,152.06,0.007691,1062.19,False,mean_reversion,scaled
2025-07-13 16:10:00+03:00,118175.01,0,152.06,0.007691,1060.93,False,mean_reversion,scaled
2025-07-13 16:15:00+03:00,118232.42,0,152.06,0.007691,1061.37,False,mean_reversion,scaled
2025-07-13 16:20:00+03:00,118299.45,0,152.06,0.007691,1061.89,False,mean_reversion,scaled
2025-07-13 16:25:00+03:00,118308.24,0,152.06,0.007691,1061.95,False,mean_reversion,scaled
2025-07-13 16:30:00+03:00,118531.57,0,152.06,0.007691,1063.67,False,mean_reversion,scaled
2025-07-13 16:35:00+03:00,118565.65,0,152.06,0.007691,1063.93,False,mean_reversion,scaled
2025-07-13 16:40:00+03:00,118583.47,0,152.06,0.007691,1064.07,False,mean_reversion,scaled
2025-07-13 16:45:00+03:00,118742.59,-1,197.72,0.007306,1065.29,False,mean_reversion,scaled
2025-07-13 16:50:00+03:00,118549.99,0,197.72,0.007306,1063.89,False,mean_reversion,scaled
2025-07-13 16:55:00+03:00,118610.01,0,197.72,0.007306,1064.33,False,mean_reversion,scaled
2025-07-13 17:00:00+03:00,118484.42,0,197.72,0.007306,1063.41,False,mean_reversion,scaled
2025-07-13 17:05:00+03:00,118569.72,0,197.72,0.007306,1064.03,False,mean_reversion,scaled
2025-07-13 17:10:00+03:00,118638.6,0,197.72,0.007306,1064.54,False,mean_reversion,scaled
2025-07-13 17:15:00+03:00,119265.87,-1,241.29,0.006941,1069.12,False,mean_reversion,scaled
2025-07-13 17:20:00+03:00,119196.22,-1,282.66,0.006594,1068.63,False,mean_reversion,scaled
2025-07-13 17:25:00+03:00,119150.0,-1,321.94,0.006264,1068.33,False,mean_reversion,scaled
2025-07-13 17:30:00+03:00,119021.45,0,321.94,0.006264,1067.52,False,mean_reversion,scaled
2025-07-13 17:35:00+03:00,118844.02,0,321.94,0.006264,1066.41,False,mean_reversion,scaled
2025-07-13 17:40:00+03:00,118735.07,0,321.94,0.006264,1065.73,False,mean_reversion,scaled
2025-07-13 17:45:00+03:00,118571.59,1,16.1,0.008844,1064.71,False,mean_reversion,scaled
2025-07-13 17:50:00+03:00,118693.09,0,16.1,0.008844,1065.78,False,mean_reversion,scaled
2025-07-13 17:55:00+03:00,118766.94,0,16.1,0.008844,1066.43,False,mean_reversion,scaled
2025-07-13 18:00:00+03:00,118759.61,0,16.1,0.008844,1066.37,False,mean_reversion,scaled
2025-07-13 18:05:00+03:00,119053.16,0,16.1,0.008844,1068.97,False,mean_reversion,scaled
2025-07-13 18:10:00+03:00,118989.56,0,16.1,0.008844,1068.4,False,mean_reversion,scaled
2025-07-13 18:15:00+03:00,119004.02,0,16.1,0.008844,1068.53,False,mean_reversion,scaled
2025-07-13 18:20:00+03:00,118889.59,0,16.1,0.008844,1067.52,False,mean_reversion,scaled
2025-07-13 18:25:00+03:00,118908.03,0,16.1,0.008844,1067.68,False,mean_reversion,scaled
2025-07-13 18:30:00+03:00,118675.97,0,16.1,0.008844,1065.63,False,mean_reversion,scaled
2025-07-13 18:35:00+03:00,118648.54,0,16.1,0.008844,1065.39,False,mean_reversion,scaled
2025-07-13 18:40:00+03:00,118584.01,1,0.8,0.008973,1064.82,False,mean_reversion,scaled
2025-07-13 18:45:00+03:00,118642.31,0,0.8,0.008973,1065.34,False,mean_reversion,scaled
2025-07-13 18:50:00+03:00,118720.19,0,0.8,0.008973,1066.04,False,mean_reversion,scaled
2025-07-13 18:55:00+03:00,118672.24,0,0.8,0.008973,1065.61,False,mean_reversion,scaled
2025-07-13 19:00:00+03:00,118771.88,0,0.8,0.008973,1066.5,False,mean_reversion,scaled
