timestamp,close,recent_high,recent_low,signal
2025-07-10 07:50:00+03:00,111115.22,,,0
2025-07-10 07:55:00+03:00,111150.0,,,0
2025-07-10 08:00:00+03:00,111068.47,,,0
2025-07-10 08:05:00+03:00,110980.0,,,0
2025-07-10 08:10:00+03:00,110986.91,,,0
2025-07-10 08:15:00+03:00,110971.0,,,0
2025-07-10 08:20:00+03:00,110940.26,,,0
2025-07-10 08:25:00+03:00,110993.61,,,0
2025-07-10 08:30:00+03:00,110950.7,,,0
2025-07-10 08:35:00+03:00,110950.71,,,0
2025-07-10 08:40:00+03:00,110950.71,,,0
2025-07-10 08:45:00+03:00,110949.4,,,0
2025-07-10 08:50:00+03:00,111042.38,,,0
2025-07-10 08:55:00+03:00,111086.14,,,0
2025-07-10 09:00:00+03:00,111157.01,,,0
2025-07-10 09:05:00+03:00,111095.28,,,0
2025-07-10 09:10:00+03:00,111142.0,,,0
2025-07-10 09:15:00+03:00,111153.32,,,0
2025-07-10 09:20:00+03:00,111254.95,,,0
2025-07-10 09:25:00+03:00,111278.66,111278.66,110940.26,0
2025-07-10 09:30:00+03:00,111254.76,111278.66,110940.26,0
2025-07-10 09:35:00+03:00,111159.2,111278.66,110940.26,0
2025-07-10 09:40:00+03:00,111141.93,111278.66,110940.26,0
2025-07-10 09:45:00+03:00,111197.07,111278.66,110940.26,0
2025-07-10 09:50:00+03:00,111258.27,111278.66,110940.26,0
2025-07-10 09:55:00+03:00,111233.34,111278.66,110940.26,0
2025-07-10 10:00:00+03:00,111249.75,111278.66,110949.4,0
2025-07-10 10:05:00+03:00,111432.45,111432.45,110949.4,1
2025-07-10 10:10:00+03:00,111394.53,111432.45,110949.4,0
2025-07-10 10:15:00+03:00,111372.0,111432.45,110949.4,0
2025-07-10 10:20:00+03:00,111336.01,111432.45,110949.4,0
2025-07-10 10:25:00+03:00,111363.89,111432.45,111042.38,0
2025-07-10 10:30:00+03:00,111349.5,111432.45,111086.14,0
2025-07-10 10:35:00+03:00,111250.01,111432.45,111095.28,0
2025-07-10 10:40:00+03:00,111277.32,111432.45,111095.28,0
2025-07-10 10:45:00+03:00,111255.01,111432.45,111141.93,0
2025-07-10 10:50:00+03:00,111224.59,111432.45,111141.93,0
2025-07-10 10:55:00+03:00,111230.0,111432.45,111141.93,0
2025-07-10 11:00:00+03:00,111146.93,111432.45,111141.93,0
2025-07-10 11:05:00+03:00,111125.01,111432.45,111125.01,-1
2025-07-10 11:10:00+03:00,111123.94,111432.45,111123.94,-1
2025-07-10 11:15:00+03:00,111276.91,111432.45,111123.94,0
2025-07-10 11:20:00+03:00,111263.0,111432.45,111123.94,0
2025-07-10 11:25:00+03:00,111260.33,111432.45,111123.94,0
2025-07-10 11:30:00+03:00,111274.82,111432.45,111123.94,0
2025-07-10 11:35:00+03:00,111349.96,111432.45,111123.94,0
2025-07-10 11:40:00+03:00,111386.89,111432.45,111123.94,0
2025-07-10 11:45:00+03:00,111335.06,111394.53,111123.94,0
2025-07-10 11:50:00+03:00,111243.99,111386.89,111123.94,0
2025-07-10 11:55:00+03:00,111233.33,111386.89,111123.94,0
2025-07-10 12:00:00+03:00,111189.6,111386.89,111123.94,0
2025-07-10 12:05:00+03:00,111180.32,111386.89,111123.94,0
2025-07-10 12:10:00+03:00,111160.37,111386.89,111123.94,0
2025-07-10 12:15:00+03:00,111200.01,111386.89,111123.94,0
2025-07-10 12:20:00+03:00,111115.42,111386.89,111115.42,-1
2025-07-10 12:25:00+03:00,111130.0,111386.89,111115.42,0
2025-07-10 12:30:00+03:00,111127.99,111386.89,111115.42,0
2025-07-10 12:35:00+03:00,111130.5,111386.89,111115.42,0
2025-07-10 12:40:00+03:00,111086.28,111386.89,111086.28,-1
2025-07-10 12:45:00+03:00,111086.72,111386.89,111086.28,0
2025-07-10 12:50:00+03:00,111084.28,111386.89,111084.28,-1
2025-07-10 12:55:00+03:00,111041.36,111386.89,111041.36,-1
2025-07-10 13:00:00+03:00,111014.7,111386.89,111014.7,-1
2025-07-10 13:05:00+03:00,111011.0,111386.89,111011.0,-1
2025-07-10 13:10:00+03:00,110991.17,111386.89,110991.17,-1
2025-07-10 13:15:00+03:00,111024.93,111386.89,110991.17,0
2025-07-10 13:20:00+03:00,111009.88,111335.06,110991.17,0
2025-07-10 13:25:00+03:00,111009.88,111243.99,110991.17,0
2025-07-10 13:30:00+03:00,111048.86,111233.33,110991.17,0
2025-07-10 13:35:00+03:00,111046.54,111200.01,110991.17,0
2025-07-10 13:40:00+03:00,110944.01,111200.01,110944.01,-1
2025-07-10 13:45:00+03:00,110903.32,111200.01,110903.32,-1
2025-07-10 13:50:00+03:00,111035.67,111200.01,110903.32,0
2025-07-10 13:55:00+03:00,111088.51,111130.5,110903.32,0
2025-07-10 14:00:00+03:00,111054.84,111130.5,110903.32,0
2025-07-10 14:05:00+03:00,111125.8,111130.5,110903.32,0
2025-07-10 14:10:00+03:00,111081.49,111130.5,110903.32,0
2025-07-10 14:15:00+03:00,111080.98,111125.8,110903.32,0
2025-07-10 14:20:00+03:00,111112.47,111125.8,110903.32,0
2025-07-10 14:25:00+03:00,111165.25,111165.25,110903.32,1
2025-07-10 14:30:00+03:00,111090.0,111165.25,110903.32,0
2025-07-10 14:35:00+03:00,111033.52,111165.25,110903.32,0
2025-07-10 14:40:00+03:00,111085.67,111165.25,110903.32,0
2025-07-10 14:45:00+03:00,111054.28,111165.25,110903.32,0
2025-07-10 14:50:00+03:00,110988.92,111165.25,110903.32,0
2025-07-10 14:55:00+03:00,111019.99,111165.25,110903.32,0
2025-07-10 15:00:00+03:00,110892.21,111165.25,110892.21,-1
2025-07-10 15:05:00+03:00,110871.99,111165.25,110871.99,-1
2025-07-10 15:10:00+03:00,110812.87,111165.25,110812.87,-1
2025-07-10 15:15:00+03:00,110835.14,111165.25,110812.87,0
2025-07-10 15:20:00+03:00,110805.13,111165.25,110805.13,-1
2025-07-10 15:25:00+03:00,110921.4,111165.25,110805.13,0
2025-07-10 15:30:00+03:00,110854.22,111165.25,110805.13,0
2025-07-10 15:35:00+03:00,110853.08,111165.25,110805.13,0
2025-07-10 15:40:00+03:00,110835.76,111165.25,110805.13,0
2025-07-10 15:45:00+03:00,110838.31,111165.25,110805.13,0
2025-07-10 15:50:00+03:00,110820.01,111165.25,110805.13,0
2025-07-10 15:55:00+03:00,110869.0,111165.25,110805.13,0
2025-07-10 16:00:00+03:00,110911.27,111165.25,110805.13,0
2025-07-10 16:05:00+03:00,110872.59,111090.0,110805.13,0
2025-07-10 16:10:00+03:00,110899.85,111085.67,110805.13,0
2025-07-10 16:15:00+03:00,110937.44,111085.67,110805.13,0
2025-07-10 16:20:00+03:00,110965.18,111054.28,110805.13,0
2025-07-10 16:25:00+03:00,111039.99,111039.99,110805.13,0
2025-07-10 16:30:00+03:00,110708.63,111039.99,110708.63,-1
2025-07-10 16:35:00+03:00,110772.21,111039.99,110708.63,0
2025-07-10 16:40:00+03:00,110798.3,111039.99,110708.63,0
2025-07-10 16:45:00+03:00,110629.32,111039.99,110629.32,-1
2025-07-10 16:50:00+03:00,110829.13,111039.99,110629.32,0
2025-07-10 16:55:00+03:00,110800.01,111039.99,110629.32,0
2025-07-10 17:00:00+03:00,110839.99,111039.99,110629.32,0
2025-07-10 17:05:00+03:00,110990.28,111039.99,110629.32,0
2025-07-10 17:10:00+03:00,111095.11,111095.11,110629.32,1
2025-07-10 17:15:00+03:00,111290.0,111290.0,110629.32,1
2025-07-10 17:20:00+03:00,111035.0,111290.0,110629.32,0
2025-07-10 17:25:00+03:00,110872.0,111290.0,110629.32,0
2025-07-10 17:30:00+03:00,110972.0,111290.0,110629.32,0
2025-07-10 17:35:00+03:00,111129.99,111290.0,110629.32,0
2025-07-10 17:40:00+03:00,111059.98,111290.0,110629.32,0
2025-07-10 17:45:00+03:00,111140.0,111290.0,110629.32,0
2025-07-10 17:50:00+03:00,111209.03,111290.0,110629.32,0
2025-07-10 17:55:00+03:00,111247.57,111290.0,110629.32,0
2025-07-10 18:00:00+03:00,111227.3,111290.0,110629.32,0
2025-07-10 18:05:00+03:00,111185.31,111290.0,110629.32,0
2025-07-10 18:10:00+03:00,110994.83,111290.0,110629.32,0
2025-07-10 18:15:00+03:00,111300.49,111300.49,110629.32,1
2025-07-10 18:20:00+03:00,111202.2,111300.49,110629.32,0
2025-07-10 18:25:00+03:00,111331.14,111331.14,110800.01,1
2025-07-10 18:30:00+03:00,111277.65,111331.14,110800.01,0
2025-07-10 18:35:00+03:00,111267.71,111331.14,110839.99,0
2025-07-10 18:40:00+03:00,111178.47,111331.14,110872.0,0
2025-07-10 18:45:00+03:00,111288.84,111331.14,110872.0,0
2025-07-10 18:50:00+03:00,111366.26,111366.26,110872.0,1
2025-07-10 18:55:00+03:00,111408.4,111408.4,110872.0,1
2025-07-10 19:00:00+03:00,111374.67,111408.4,110872.0,0
2025-07-10 19:05:00+03:00,111426.71,111426.71,110972.0,1
2025-07-10 19:10:00+03:00,111472.62,111472.62,110994.83,1
2025-07-10 19:15:00+03:00,111715.43,111715.43,110994.83,1
2025-07-10 19:20:00+03:00,112288.47,112288.47,110994.83,1
2025-07-10 19:25:00+03:00,112376.92,112376.92,110994.83,1
2025-07-10 19:30:00+03:00,112643.8,112643.8,110994.83,1
2025-07-10 19:35:00+03:00,112695.04,112695.04,110994.83,1
2025-07-10 19:40:00+03:00,112637.66,112695.04,110994.83,0
2025-07-10 19:45:00+03:00,112517.67,112695.04,110994.83,0
2025-07-10 19:50:00+03:00,112590.12,112695.04,111178.47,0
2025-07-10 19:55:00+03:00,112643.48,112695.04,111178.47,0
2025-07-10 20:00:00+03:00,112699.99,112699.99,111178.47,1
2025-07-10 20:05:00+03:00,113292.28,113292.28,111178.47,1
2025-07-10 20:10:00+03:00,113433.07,113433.07,111178.47,1
2025-07-10 20:15:00+03:00,113246.35,113433.07,111178.47,0
2025-07-10 20:20:00+03:00,113401.8,113433.07,111288.84,0
2025-07-10 20:25:00+03:00,113454.02,113454.02,111366.26,1
2025-07-10 20:30:00+03:00,113587.76,113587.76,111374.67,1
2025-07-10 20:35:00+03:00,113640.62,113640.62,111374.67,1
2025-07-10 20:40:00+03:00,113619.98,113640.62,111426.71,0
2025-07-10 20:45:00+03:00,113510.77,113640.62,111472.62,0
2025-07-10 20:50:00+03:00,113752.1,113752.1,111715.43,1
2025-07-10 20:55:00+03:00,113722.82,113752.1,112288.47,0
2025-07-10 21:00:00+03:00,113588.97,113752.1,112376.92,0
2025-07-10 21:05:00+03:00,113411.28,113752.1,112517.67,0
2025-07-10 21:10:00+03:00,113348.69,113752.1,112517.67,0
2025-07-10 21:15:00+03:00,113520.53,113752.1,112517.67,0
2025-07-10 21:20:00+03:00,113280.0,113752.1,112517.67,0
2025-07-10 21:25:00+03:00,113182.35,113752.1,112590.12,0
2025-07-10 21:30:00+03:00,113192.37,113752.1,112643.48,0
2025-07-10 21:35:00+03:00,113086.35,113752.1,112699.99,0
2025-07-10 21:40:00+03:00,113059.33,113752.1,113059.33,0
2025-07-10 21:45:00+03:00,113216.7,113752.1,113059.33,0
2025-07-10 21:50:00+03:00,113335.99,113752.1,113059.33,0
2025-07-10 21:55:00+03:00,113420.0,113752.1,113059.33,0
2025-07-10 22:00:00+03:00,113564.28,113752.1,113059.33,0
2025-07-10 22:05:00+03:00,113612.07,113752.1,113059.33,0
2025-07-10 22:10:00+03:00,113649.97,113752.1,113059.33,0
2025-07-10 22:15:00+03:00,113602.43,113752.1,113059.33,0
2025-07-10 22:20:00+03:00,113461.15,113752.1,113059.33,0
2025-07-10 22:25:00+03:00,113340.61,113752.1,113059.33,0
2025-07-10 22:30:00+03:00,113149.75,113722.82,113059.33,0
2025-07-10 22:35:00+03:00,113142.42,113649.97,113059.33,0
2025-07-10 22:40:00+03:00,113262.98,113649.97,113059.33,0
2025-07-10 22:45:00+03:00,113165.01,113649.97,113059.33,0
2025-07-10 22:50:00+03:00,113284.03,113649.97,113059.33,0
2025-07-10 22:55:00+03:00,113301.81,113649.97,113059.33,0
2025-07-10 23:00:00+03:00,113361.18,113649.97,113059.33,0
2025-07-10 23:05:00+03:00,113315.81,113649.97,113059.33,0
2025-07-10 23:10:00+03:00,113432.67,113649.97,113059.33,0
2025-07-10 23:15:00+03:00,113451.39,113649.97,113059.33,0
2025-07-10 23:20:00+03:00,113490.0,113649.97,113142.42,0
2025-07-10 23:25:00+03:00,113447.54,113649.97,113142.42,0
2025-07-10 23:30:00+03:00,113388.31,113649.97,113142.42,0
2025-07-10 23:35:00+03:00,113448.0,113649.97,113142.42,0
2025-07-10 23:40:00+03:00,113566.3,113649.97,113142.42,0
2025-07-10 23:45:00+03:00,113513.77,113649.97,113142.42,0
2025-07-10 23:50:00+03:00,113537.26,113602.43,113142.42,0
2025-07-10 23:55:00+03:00,113493.16,113566.3,113142.42,0
2025-07-11 00:00:00+03:00,113602.43,113602.43,113142.42,1
2025-07-11 00:05:00+03:00,113612.29,113612.29,113142.42,1
2025-07-11 00:10:00+03:00,113667.39,113667.39,113142.42,1
2025-07-11 00:15:00+03:00,116195.25,116195.25,113165.01,1
2025-07-11 00:20:00+03:00,116020.36,116195.25,113165.01,0
2025-07-11 00:25:00+03:00,115727.5,116195.25,113284.03,0
2025-07-11 00:30:00+03:00,116195.56,116195.56,113301.81,1
2025-07-11 00:35:00+03:00,116301.04,116301.04,113315.81,1
2025-07-11 00:40:00+03:00,116300.0,116301.04,113315.81,0
2025-07-11 00:45:00+03:00,116553.9,116553.9,113388.31,1
2025-07-11 00:50:00+03:00,116524.0,116553.9,113388.31,0
2025-07-11 00:55:00+03:00,116490.52,116553.9,113388.31,0
2025-07-11 01:00:00+03:00,116253.1,116553.9,113388.31,0
2025-07-11 01:05:00+03:00,116335.44,116553.9,113388.31,0
2025-07-11 01:10:00+03:00,116108.61,116553.9,113448.0,0
2025-07-11 01:15:00+03:00,116227.99,116553.9,113493.16,0
2025-07-11 01:20:00+03:00,115953.16,116553.9,113493.16,0
2025-07-11 01:25:00+03:00,115925.52,116553.9,113493.16,0
2025-07-11 01:30:00+03:00,115885.39,116553.9,113493.16,0
2025-07-11 01:35:00+03:00,115829.28,116553.9,113602.43,0
2025-07-11 01:40:00+03:00,115962.95,116553.9,113612.29,0
2025-07-11 01:45:00+03:00,116103.15,116553.9,113667.39,0
2025-07-11 01:50:00+03:00,116100.64,116553.9,115727.5,0
2025-07-11 01:55:00+03:00,116008.38,116553.9,115727.5,0
2025-07-11 02:00:00+03:00,115946.94,116553.9,115727.5,0
2025-07-11 02:05:00+03:00,116044.99,116553.9,115829.28,0
2025-07-11 02:10:00+03:00,116008.5,116553.9,115829.28,0
2025-07-11 02:15:00+03:00,115929.71,116553.9,115829.28,0
2025-07-11 02:20:00+03:00,115836.73,116553.9,115829.28,0
2025-07-11 02:25:00+03:00,115788.01,116524.0,115788.01,-1
2025-07-11 02:30:00+03:00,115657.76,116490.52,115657.76,-1
2025-07-11 02:35:00+03:00,115680.99,116335.44,115657.76,0
2025-07-11 02:40:00+03:00,115786.12,116335.44,115657.76,0
2025-07-11 02:45:00+03:00,115863.49,116227.99,115657.76,0
2025-07-11 02:50:00+03:00,116010.0,116227.99,115657.76,0
2025-07-11 02:55:00+03:00,116010.0,116103.15,115657.76,0
2025-07-11 03:00:00+03:00,116020.01,116103.15,115657.76,0
2025-07-11 03:05:00+03:00,116092.59,116103.15,115657.76,0
2025-07-11 03:10:00+03:00,115890.46,116103.15,115657.76,0
2025-07-11 03:15:00+03:00,115489.57,116103.15,115489.57,-1
2025-07-11 03:20:00+03:00,115316.08,116103.15,115316.08,-1
2025-07-11 03:25:00+03:00,115500.01,116100.64,115316.08,0
2025-07-11 03:30:00+03:00,115567.03,116092.59,115316.08,0
2025-07-11 03:35:00+03:00,115677.86,116092.59,115316.08,0
2025-07-11 03:40:00+03:00,115444.84,116092.59,115316.08,0
2025-07-11 03:45:00+03:00,115568.02,116092.59,115316.08,0
2025-07-11 03:50:00+03:00,115518.14,116092.59,115316.08,0
2025-07-11 03:55:00+03:00,115590.63,116092.59,115316.08,0
2025-07-11 04:00:00+03:00,115574.02,116092.59,115316.08,0
2025-07-11 04:05:00+03:00,115641.97,116092.59,115316.08,0
2025-07-11 04:10:00+03:00,115656.01,116092.59,115316.08,0
2025-07-11 04:15:00+03:00,115765.09,116092.59,115316.08,0
2025-07-11 04:20:00+03:00,115951.81,116092.59,115316.08,0
2025-07-11 04:25:00+03:00,115945.46,116092.59,115316.08,0
2025-07-11 04:30:00+03:00,115924.86,116092.59,115316.08,0
2025-07-11 04:35:00+03:00,115938.53,116092.59,115316.08,0
2025-07-11 04:40:00+03:00,115993.72,116092.59,115316.08,0
2025-07-11 04:45:00+03:00,116057.4,116057.4,115316.08,0
2025-07-11 04:50:00+03:00,115878.45,116057.4,115316.08,0
2025-07-11 04:55:00+03:00,115967.57,116057.4,115316.08,0
2025-07-11 05:00:00+03:00,115869.86,116057.4,115444.84,0
2025-07-11 05:05:00+03:00,115709.28,116057.4,115444.84,0
2025-07-11 05:10:00+03:00,115976.45,116057.4,115444.84,0
2025-07-11 05:15:00+03:00,116196.86,116196.86,115444.84,1
2025-07-11 05:20:00+03:00,116199.99,116199.99,115518.14,1
2025-07-11 05:25:00+03:00,116279.99,116279.99,115518.14,1
2025-07-11 05:30:00+03:00,116346.99,116346.99,115574.02,1
2025-07-11 05:35:00+03:00,116463.49,116463.49,115574.02,1
2025-07-11 05:40:00+03:00,116490.01,116490.01,115641.97,1
2025-07-11 05:45:00+03:00,116594.31,116594.31,115656.01,1
2025-07-11 05:50:00+03:00,116761.08,116761.08,115709.28,1
2025-07-11 05:55:00+03:00,116672.57,116761.08,115709.28,0
2025-07-11 06:00:00+03:00,116579.88,116761.08,115709.28,0
2025-07-11 06:05:00+03:00,116593.82,116761.08,115709.28,0
2025-07-11 06:10:00+03:00,116487.76,116761.08,115709.28,0
2025-07-11 06:15:00+03:00,116534.18,116761.08,115709.28,0
2025-07-11 06:20:00+03:00,116523.75,116761.08,115709.28,0
2025-07-11 06:25:00+03:00,116525.29,116761.08,115709.28,0
2025-07-11 06:30:00+03:00,116525.62,116761.08,115709.28,0
2025-07-11 06:35:00+03:00,116473.39,116761.08,115709.28,0
2025-07-11 06:40:00+03:00,116579.99,116761.08,115709.28,0
2025-07-11 06:45:00+03:00,116745.67,116761.08,115976.45,0
2025-07-11 06:50:00+03:00,116768.94,116768.94,116196.86,1
2025-07-11 06:55:00+03:00,116881.7,116881.7,116199.99,1
2025-07-11 07:00:00+03:00,116737.04,116881.7,116279.99,0
2025-07-11 07:05:00+03:00,116642.79,116881.7,116346.99,0
2025-07-11 07:10:00+03:00,116637.37,116881.7,116463.49,0
2025-07-11 07:15:00+03:00,116619.96,116881.7,116473.39,0
2025-07-11 07:20:00+03:00,116591.19,116881.7,116473.39,0
2025-07-11 07:25:00+03:00,116553.53,116881.7,116473.39,0
2025-07-11 07:30:00+03:00,116514.37,116881.7,116473.39,0
2025-07-11 07:35:00+03:00,116520.34,116881.7,116473.39,0
2025-07-11 07:40:00+03:00,116653.99,116881.7,116473.39,0
2025-07-11 07:45:00+03:00,116834.5,116881.7,116473.39,0
2025-07-11 07:50:00+03:00,116888.06,116888.06,116473.39,1
2025-07-11 07:55:00+03:00,116918.16,116918.16,116473.39,1
2025-07-11 08:00:00+03:00,116966.93,116966.93,116473.39,1
2025-07-11 08:05:00+03:00,117276.0,117276.0,116473.39,1
2025-07-11 08:10:00+03:00,117206.41,117276.0,116473.39,0
2025-07-11 08:15:00+03:00,117200.01,117276.0,116514.37,0
2025-07-11 08:20:00+03:00,117297.08,117297.08,116514.37,1
2025-07-11 08:25:00+03:00,117493.81,117493.81,116514.37,1
2025-07-11 08:30:00+03:00,117826.9,117826.9,116514.37,1
2025-07-11 08:35:00+03:00,117848.16,117848.16,116514.37,1
2025-07-11 08:40:00+03:00,117968.76,117968.76,116514.37,1
2025-07-11 08:45:00+03:00,118301.9,118301.9,116514.37,1
2025-07-11 08:50:00+03:00,118212.6,118301.9,116514.37,0
2025-07-11 08:55:00+03:00,117860.37,118301.9,116514.37,0
2025-07-11 09:00:00+03:00,118016.78,118301.9,116514.37,0
2025-07-11 09:05:00+03:00,118305.79,118305.79,116514.37,1
2025-07-11 09:10:00+03:00,118030.36,118305.79,116520.34,0
2025-07-11 09:15:00+03:00,118150.0,118305.79,116653.99,0
2025-07-11 09:20:00+03:00,118240.0,118305.79,116834.5,0
2025-07-11 09:25:00+03:00,118140.91,118305.79,116888.06,0
2025-07-11 09:30:00+03:00,118093.46,118305.79,116918.16,0
2025-07-11 09:35:00+03:00,117982.57,118305.79,116966.93,0
2025-07-11 09:40:00+03:00,117969.0,118305.79,117200.01,0
2025-07-11 09:45:00+03:00,117848.03,118305.79,117200.01,0
2025-07-11 09:50:00+03:00,117725.89,118305.79,117200.01,0
2025-07-11 09:55:00+03:00,117648.33,118305.79,117297.08,0
2025-07-11 10:00:00+03:00,117539.73,118305.79,117493.81,0
2025-07-11 10:05:00+03:00,117483.99,118305.79,117483.99,-1
2025-07-11 10:10:00+03:00,117476.06,118305.79,117476.06,-1
2025-07-11 10:15:00+03:00,117614.88,118305.79,117476.06,0
2025-07-11 10:20:00+03:00,117749.44,118305.79,117476.06,0
2025-07-11 10:25:00+03:00,117876.9,118305.79,117476.06,0
2025-07-11 10:30:00+03:00,117866.32,118305.79,117476.06,0
2025-07-11 10:35:00+03:00,118003.29,118305.79,117476.06,0
2025-07-11 10:40:00+03:00,117956.66,118305.79,117476.06,0
2025-07-11 10:45:00+03:00,117860.2,118240.0,117476.06,0
2025-07-11 10:50:00+03:00,117722.61,118240.0,117476.06,0
2025-07-11 10:55:00+03:00,117526.88,118240.0,117476.06,0
2025-07-11 11:00:00+03:00,117632.15,118140.91,117476.06,0
2025-07-11 11:05:00+03:00,117687.22,118093.46,117476.06,0
2025-07-11 11:10:00+03:00,117790.85,118003.29,117476.06,0
2025-07-11 11:15:00+03:00,117900.0,118003.29,117476.06,0
2025-07-11 11:20:00+03:00,117944.5,118003.29,117476.06,0
2025-07-11 11:25:00+03:00,117985.31,118003.29,117476.06,0
2025-07-11 11:30:00+03:00,118009.62,118009.62,117476.06,1
2025-07-11 11:35:00+03:00,117942.01,118009.62,117476.06,0
2025-07-11 11:40:00+03:00,117999.98,118009.62,117476.06,0
2025-07-11 11:45:00+03:00,117980.94,118009.62,117476.06,0
2025-07-11 11:50:00+03:00,117994.92,118009.62,117526.88,0
2025-07-11 11:55:00+03:00,117964.76,118009.62,117526.88,0
2025-07-11 12:00:00+03:00,117926.29,118009.62,117526.88,0
2025-07-11 12:05:00+03:00,117987.98,118009.62,117526.88,0
2025-07-11 12:10:00+03:00,118033.16,118033.16,117526.88,1
2025-07-11 12:15:00+03:00,118134.46,118134.46,117526.88,1
2025-07-11 12:20:00+03:00,118173.46,118173.46,117526.88,1
2025-07-11 12:25:00+03:00,118170.45,118173.46,117526.88,0
2025-07-11 12:30:00+03:00,118420.01,118420.01,117526.88,1
2025-07-11 12:35:00+03:00,118783.94,118783.94,117632.15,1
2025-07-11 12:40:00+03:00,118583.87,118783.94,117687.22,0
2025-07-11 12:45:00+03:00,118712.0,118783.94,117790.85,0
2025-07-11 12:50:00+03:00,118467.81,118783.94,117900.0,0
2025-07-11 12:55:00+03:00,118470.34,118783.94,117926.29,0
2025-07-11 13:00:00+03:00,118374.15,118783.94,117926.29,0
2025-07-11 13:05:00+03:00,118306.37,118783.94,117926.29,0
2025-07-11 13:10:00+03:00,118120.39,118783.94,117926.29,0
2025-07-11 13:15:00+03:00,118065.9,118783.94,117926.29,0
2025-07-11 13:20:00+03:00,118297.8,118783.94,117926.29,0
2025-07-11 13:25:00+03:00,118228.54,118783.94,117926.29,0
2025-07-11 13:30:00+03:00,118160.01,118783.94,117926.29,0
2025-07-11 13:35:00+03:00,118056.7,118783.94,117926.29,0
2025-07-11 13:40:00+03:00,118083.33,118783.94,117987.98,0
2025-07-11 13:45:00+03:00,118117.79,118783.94,118033.16,0
2025-07-11 13:50:00+03:00,118093.63,118783.94,118056.7,0
2025-07-11 13:55:00+03:00,117983.78,118783.94,117983.78,-1
2025-07-11 14:00:00+03:00,118107.6,118783.94,117983.78,0
2025-07-11 14:05:00+03:00,118000.0,118783.94,117983.78,0
2025-07-11 14:10:00+03:00,117727.88,118783.94,117727.88,-1
2025-07-11 14:15:00+03:00,117647.57,118712.0,117647.57,-1
2025-07-11 14:20:00+03:00,117653.81,118712.0,117647.57,0
2025-07-11 14:25:00+03:00,117684.22,118470.34,117647.57,0
2025-07-11 14:30:00+03:00,117737.99,118470.34,117647.57,0
2025-07-11 14:35:00+03:00,117784.34,118374.15,117647.57,0
2025-07-11 14:40:00+03:00,117763.01,118306.37,117647.57,0
2025-07-11 14:45:00+03:00,117705.57,118297.8,117647.57,0
2025-07-11 14:50:00+03:00,117945.31,118297.8,117647.57,0
2025-07-11 14:55:00+03:00,117821.91,118297.8,117647.57,0
2025-07-11 15:00:00+03:00,117980.5,118228.54,117647.57,0
2025-07-11 15:05:00+03:00,118035.4,118160.01,117647.57,0
2025-07-11 15:10:00+03:00,118235.01,118235.01,117647.57,1
2025-07-11 15:15:00+03:00,118060.21,118235.01,117647.57,0
2025-07-11 15:20:00+03:00,117898.85,118235.01,117647.57,0
2025-07-11 15:25:00+03:00,117751.03,118235.01,117647.57,0
2025-07-11 15:30:00+03:00,117870.16,118235.01,117647.57,0
2025-07-11 15:35:00+03:00,117819.76,118235.01,117647.57,0
2025-07-11 15:40:00+03:00,117762.86,118235.01,117647.57,0
2025-07-11 15:45:00+03:00,117752.01,118235.01,117647.57,0
2025-07-11 15:50:00+03:00,117790.66,118235.01,117647.57,0
2025-07-11 15:55:00+03:00,117878.11,118235.01,117653.81,0
2025-07-11 16:00:00+03:00,117955.22,118235.01,117684.22,0
2025-07-11 16:05:00+03:00,117800.28,118235.01,117705.57,0
2025-07-11 16:10:00+03:00,117791.99,118235.01,117705.57,0
2025-07-11 16:15:00+03:00,117700.1,118235.01,117700.1,-1
2025-07-11 16:20:00+03:00,117794.44,118235.01,117700.1,0
2025-07-11 16:25:00+03:00,117651.34,118235.01,117651.34,-1
2025-07-11 16:30:00+03:00,117396.0,118235.01,117396.0,-1
2025-07-11 16:35:00+03:00,117634.45,118235.01,117396.0,0
2025-07-11 16:40:00+03:00,117451.0,118235.01,117396.0,0
2025-07-11 16:45:00+03:00,117731.61,118235.01,117396.0,0
2025-07-11 16:50:00+03:00,117740.86,118060.21,117396.0,0
2025-07-11 16:55:00+03:00,117989.18,117989.18,117396.0,0
2025-07-11 17:00:00+03:00,117951.21,117989.18,117396.0,0
2025-07-11 17:05:00+03:00,117839.39,117989.18,117396.0,0
2025-07-11 17:10:00+03:00,117956.0,117989.18,117396.0,0
2025-07-11 17:15:00+03:00,117797.66,117989.18,117396.0,0
2025-07-11 17:20:00+03:00,117892.1,117989.18,117396.0,0
2025-07-11 17:25:00+03:00,117925.27,117989.18,117396.0,0
2025-07-11 17:30:00+03:00,118082.45,118082.45,117396.0,1
2025-07-11 17:35:00+03:00,117994.58,118082.45,117396.0,0
2025-07-11 17:40:00+03:00,118028.6,118082.45,117396.0,0
2025-07-11 17:45:00+03:00,118011.99,118082.45,117396.0,0
2025-07-11 17:50:00+03:00,117619.99,118082.45,117396.0,0
2025-07-11 17:55:00+03:00,117858.16,118082.45,117396.0,0
2025-07-11 18:00:00+03:00,117882.4,118082.45,117396.0,0
2025-07-11 18:05:00+03:00,117836.0,118082.45,117396.0,0
2025-07-11 18:10:00+03:00,117644.22,118082.45,117451.0,0
2025-07-11 18:15:00+03:00,117761.51,118082.45,117451.0,0
2025-07-11 18:20:00+03:00,117708.43,118082.45,117619.99,0
2025-07-11 18:25:00+03:00,117759.99,118082.45,117619.99,0
2025-07-11 18:30:00+03:00,117426.54,118082.45,117426.54,-1
2025-07-11 18:35:00+03:00,117514.59,118082.45,117426.54,0
2025-07-11 18:40:00+03:00,117420.0,118082.45,117420.0,-1
2025-07-11 18:45:00+03:00,117187.25,118082.45,117187.25,-1
2025-07-11 18:50:00+03:00,116915.99,118082.45,116915.99,-1
2025-07-11 18:55:00+03:00,116902.59,118082.45,116902.59,-1
2025-07-11 19:00:00+03:00,116944.95,118082.45,116902.59,0
2025-07-11 19:05:00+03:00,116736.0,118082.45,116736.0,-1
2025-07-11 19:10:00+03:00,116831.38,118028.6,116736.0,0
2025-07-11 19:15:00+03:00,116679.05,118028.6,116679.05,-1
2025-07-11 19:20:00+03:00,117195.1,118011.99,116679.05,0
2025-07-11 19:25:00+03:00,117261.07,117882.4,116679.05,0
2025-07-11 19:30:00+03:00,117328.52,117882.4,116679.05,0
2025-07-11 19:35:00+03:00,117391.74,117882.4,116679.05,0
2025-07-11 19:40:00+03:00,117302.79,117836.0,116679.05,0
2025-07-11 19:45:00+03:00,117214.07,117761.51,116679.05,0
2025-07-11 19:50:00+03:00,117398.0,117761.51,116679.05,0
2025-07-11 19:55:00+03:00,117393.39,117759.99,116679.05,0
2025-07-11 20:00:00+03:00,117465.51,117759.99,116679.05,0
2025-07-11 20:05:00+03:00,117688.01,117688.01,116679.05,0
2025-07-11 20:10:00+03:00,117484.01,117688.01,116679.05,0
2025-07-11 20:15:00+03:00,117574.97,117688.01,116679.05,0
2025-07-11 20:20:00+03:00,117453.02,117688.01,116679.05,0
2025-07-11 20:25:00+03:00,117514.61,117688.01,116679.05,0
2025-07-11 20:30:00+03:00,117420.01,117688.01,116679.05,0
2025-07-11 20:35:00+03:00,117320.01,117688.01,116679.05,0
2025-07-11 20:40:00+03:00,117405.19,117688.01,116679.05,0
2025-07-11 20:45:00+03:00,117521.94,117688.01,116679.05,0
2025-07-11 20:50:00+03:00,117607.84,117688.01,116679.05,0
2025-07-11 20:55:00+03:00,117640.0,117688.01,117195.1,0
2025-07-11 21:00:00+03:00,117634.58,117688.01,117214.07,0
2025-07-11 21:05:00+03:00,117540.21,117688.01,117214.07,0
2025-07-11 21:10:00+03:00,117566.89,117688.01,117214.07,0
2025-07-11 21:15:00+03:00,117500.0,117688.01,117214.07,0
2025-07-11 21:20:00+03:00,117583.14,117688.01,117214.07,0
2025-07-11 21:25:00+03:00,117330.54,117688.01,117320.01,0
2025-07-11 21:30:00+03:00,117511.24,117688.01,117320.01,0
2025-07-11 21:35:00+03:00,117480.0,117688.01,117320.01,0
2025-07-11 21:40:00+03:00,117624.11,117688.01,117320.01,0
2025-07-11 21:45:00+03:00,117533.77,117640.0,117320.01,0
2025-07-11 21:50:00+03:00,117687.22,117687.22,117320.01,1
2025-07-11 21:55:00+03:00,117694.01,117694.01,117320.01,1
2025-07-11 22:00:00+03:00,117556.79,117694.01,117320.01,0
2025-07-11 22:05:00+03:00,117612.12,117694.01,117320.01,0
2025-07-11 22:10:00+03:00,117739.5,117739.5,117320.01,1
2025-07-11 22:15:00+03:00,117979.78,117979.78,117330.54,1
2025-07-11 22:20:00+03:00,118076.78,118076.78,117330.54,1
2025-07-11 22:25:00+03:00,117904.57,118076.78,117330.54,0
2025-07-11 22:30:00+03:00,117869.9,118076.78,117330.54,0
2025-07-11 22:35:00+03:00,117891.77,118076.78,117330.54,0
2025-07-11 22:40:00+03:00,117848.51,118076.78,117330.54,0
2025-07-11 22:45:00+03:00,117886.11,118076.78,117330.54,0
2025-07-11 22:50:00+03:00,117969.95,118076.78,117330.54,0
2025-07-11 22:55:00+03:00,118108.81,118108.81,117330.54,1
2025-07-11 23:00:00+03:00,117851.13,118108.81,117330.54,0
2025-07-11 23:05:00+03:00,117906.09,118108.81,117480.0,0
2025-07-11 23:10:00+03:00,117956.01,118108.81,117480.0,0
2025-07-11 23:15:00+03:00,117951.22,118108.81,117533.77,0
2025-07-11 23:20:00+03:00,117922.28,118108.81,117533.77,0
2025-07-11 23:25:00+03:00,117923.99,118108.81,117556.79,0
2025-07-11 23:30:00+03:00,117763.2,118108.81,117556.79,0
2025-07-11 23:35:00+03:00,117853.03,118108.81,117556.79,0
2025-07-11 23:40:00+03:00,117827.51,118108.81,117612.12,0
2025-07-11 23:45:00+03:00,117884.06,118108.81,117739.5,0
2025-07-11 23:50:00+03:00,117847.66,118108.81,117763.2,0
2025-07-11 23:55:00+03:00,117664.46,118108.81,117664.46,-1
2025-07-12 00:00:00+03:00,117692.52,118108.81,117664.46,0
2025-07-12 00:05:00+03:00,117575.67,118108.81,117575.67,-1
2025-07-12 00:10:00+03:00,117640.6,118108.81,117575.67,0
2025-07-12 00:15:00+03:00,117679.96,118108.81,117575.67,0
2025-07-12 00:20:00+03:00,117880.0,118108.81,117575.67,0
2025-07-12 00:25:00+03:00,117846.46,118108.81,117575.67,0
2025-07-12 00:30:00+03:00,117791.5,118108.81,117575.67,0
2025-07-12 00:35:00+03:00,117543.79,117956.01,117543.79,-1
2025-07-12 00:40:00+03:00,117480.01,117956.01,117480.01,-1
2025-07-12 00:45:00+03:00,117664.83,117956.01,117480.01,0
2025-07-12 00:50:00+03:00,117482.9,117951.22,117480.01,0
2025-07-12 00:55:00+03:00,117619.99,117923.99,117480.01,0
2025-07-12 01:00:00+03:00,117636.85,117923.99,117480.01,0
2025-07-12 01:05:00+03:00,117572.0,117884.06,117480.01,0
2025-07-12 01:10:00+03:00,117500.01,117884.06,117480.01,0
2025-07-12 01:15:00+03:00,117545.15,117884.06,117480.01,0
2025-07-12 01:20:00+03:00,117400.0,117884.06,117400.0,-1
2025-07-12 01:25:00+03:00,117270.26,117880.0,117270.26,-1
2025-07-12 01:30:00+03:00,117661.76,117880.0,117270.26,0
2025-07-12 01:35:00+03:00,117374.0,117880.0,117270.26,0
2025-07-12 01:40:00+03:00,117402.62,117880.0,117270.26,0
2025-07-12 01:45:00+03:00,117456.21,117880.0,117270.26,0
2025-07-12 01:50:00+03:00,117472.9,117880.0,117270.26,0
2025-07-12 01:55:00+03:00,117615.89,117880.0,117270.26,0
2025-07-12 02:00:00+03:00,117655.93,117846.46,117270.26,0
2025-07-12 02:05:00+03:00,117649.53,117791.5,117270.26,0
2025-07-12 02:10:00+03:00,117665.44,117665.44,117270.26,0
2025-07-12 02:15:00+03:00,117654.69,117665.44,117270.26,0
2025-07-12 02:20:00+03:00,117620.91,117665.44,117270.26,0
2025-07-12 02:25:00+03:00,117625.79,117665.44,117270.26,0
2025-07-12 02:30:00+03:00,117536.38,117665.44,117270.26,0
2025-07-12 02:35:00+03:00,117612.18,117665.44,117270.26,0
2025-07-12 02:40:00+03:00,117577.57,117665.44,117270.26,0
2025-07-12 02:45:00+03:00,117522.27,117665.44,117270.26,0
2025-07-12 02:50:00+03:00,117499.01,117665.44,117270.26,0
2025-07-12 02:55:00+03:00,117527.66,117665.44,117270.26,0
2025-07-12 03:00:00+03:00,117538.39,117665.44,117270.26,0
2025-07-12 03:05:00+03:00,117515.74,117665.44,117374.0,0
2025-07-12 03:10:00+03:00,117547.17,117665.44,117374.0,0
2025-07-12 03:15:00+03:00,117489.22,117665.44,117402.62,0
2025-07-12 03:20:00+03:00,117488.9,117665.44,117456.21,0
2025-07-12 03:25:00+03:00,117521.09,117665.44,117472.9,0
2025-07-12 03:30:00+03:00,117448.9,117665.44,117448.9,-1
2025-07-12 03:35:00+03:00,117263.99,117665.44,117263.99,-1
2025-07-12 03:40:00+03:00,117243.07,117665.44,117243.07,-1
2025-07-12 03:45:00+03:00,117299.99,117665.44,117243.07,0
2025-07-12 03:50:00+03:00,117337.39,117654.69,117243.07,0
2025-07-12 03:55:00+03:00,117407.99,117625.79,117243.07,0
2025-07-12 04:00:00+03:00,117554.99,117625.79,117243.07,0
2025-07-12 04:05:00+03:00,117645.63,117645.63,117243.07,1
2025-07-12 04:10:00+03:00,117604.29,117645.63,117243.07,0
2025-07-12 04:15:00+03:00,117674.98,117674.98,117243.07,1
2025-07-12 04:20:00+03:00,117611.75,117674.98,117243.07,0
2025-07-12 04:25:00+03:00,117688.43,117688.43,117243.07,1
2025-07-12 04:30:00+03:00,117648.54,117688.43,117243.07,0
2025-07-12 04:35:00+03:00,117564.57,117688.43,117243.07,0
2025-07-12 04:40:00+03:00,117604.73,117688.43,117243.07,0
2025-07-12 04:45:00+03:00,117610.33,117688.43,117243.07,0
2025-07-12 04:50:00+03:00,117647.98,117688.43,117243.07,0
2025-07-12 04:55:00+03:00,117644.81,117688.43,117243.07,0
2025-07-12 05:00:00+03:00,117632.18,117688.43,117243.07,0
2025-07-12 05:05:00+03:00,117646.37,117688.43,117243.07,0
2025-07-12 05:10:00+03:00,117656.01,117688.43,117243.07,0
2025-07-12 05:15:00+03:00,117730.09,117730.09,117243.07,1
2025-07-12 05:20:00+03:00,117744.09,117744.09,117299.99,1
2025-07-12 05:25:00+03:00,117744.1,117744.1,117337.39,1
2025-07-12 05:30:00+03:00,117730.09,117744.1,117407.99,0
2025-07-12 05:35:00+03:00,117703.41,117744.1,117554.99,0
2025-07-12 05:40:00+03:00,117684.23,117744.1,117564.57,0
2025-07-12 05:45:00+03:00,117658.97,117744.1,117564.57,0
2025-07-12 05:50:00+03:00,117557.13,117744.1,117557.13,-1
2025-07-12 05:55:00+03:00,117599.99,117744.1,117557.13,0
2025-07-12 06:00:00+03:00,117620.0,117744.1,117557.13,0
2025-07-12 06:05:00+03:00,117720.7,117744.1,117557.13,0
2025-07-12 06:10:00+03:00,117796.43,117796.43,117557.13,1
2025-07-12 06:15:00+03:00,117820.0,117820.0,117557.13,1
2025-07-12 06:20:00+03:00,117821.23,117821.23,117557.13,1
2025-07-12 06:25:00+03:00,117837.37,117837.37,117557.13,1
2025-07-12 06:30:00+03:00,117793.28,117837.37,117557.13,0
2025-07-12 06:35:00+03:00,117730.21,117837.37,117557.13,0
2025-07-12 06:40:00+03:00,117715.02,117837.37,117557.13,0
2025-07-12 06:45:00+03:00,117675.99,117837.37,117557.13,0
2025-07-12 06:50:00+03:00,117676.0,117837.37,117557.13,0
2025-07-12 06:55:00+03:00,117774.42,117837.37,117557.13,0
2025-07-12 07:00:00+03:00,117876.57,117876.57,117557.13,1
2025-07-12 07:05:00+03:00,117793.22,117876.57,117557.13,0
2025-07-12 07:10:00+03:00,117813.79,117876.57,117557.13,0
2025-07-12 07:15:00+03:00,117743.0,117876.57,117557.13,0
2025-07-12 07:20:00+03:00,117803.9,117876.57,117557.13,0
2025-07-12 07:25:00+03:00,117849.99,117876.57,117557.13,0
2025-07-12 07:30:00+03:00,117782.94,117876.57,117599.99,0
2025-07-12 07:35:00+03:00,117755.29,117876.57,117620.0,0
2025-07-12 07:40:00+03:00,117719.24,117876.57,117675.99,0
2025-07-12 07:45:00+03:00,117686.41,117876.57,117675.99,0
2025-07-12 07:50:00+03:00,117681.4,117876.57,117675.99,0
2025-07-12 07:55:00+03:00,117646.44,117876.57,117646.44,-1
2025-07-12 08:00:00+03:00,117608.0,117876.57,117608.0,-1
2025-07-12 08:05:00+03:00,117547.34,117876.57,117547.34,-1
2025-07-12 08:10:00+03:00,117540.17,117876.57,117540.17,-1
2025-07-12 08:15:00+03:00,117575.1,117876.57,117540.17,0
2025-07-12 08:20:00+03:00,117570.54,117876.57,117540.17,0
2025-07-12 08:25:00+03:00,117621.06,117876.57,117540.17,0
2025-07-12 08:30:00+03:00,117650.35,117876.57,117540.17,0
2025-07-12 08:35:00+03:00,117678.71,117876.57,117540.17,0
2025-07-12 08:40:00+03:00,117629.63,117849.99,117540.17,0
2025-07-12 08:45:00+03:00,117614.88,117849.99,117540.17,0
2025-07-12 08:50:00+03:00,117694.7,117849.99,117540.17,0
2025-07-12 08:55:00+03:00,117689.68,117849.99,117540.17,0
2025-07-12 09:00:00+03:00,117727.87,117849.99,117540.17,0
2025-07-12 09:05:00+03:00,117719.99,117782.94,117540.17,0
2025-07-12 09:10:00+03:00,117716.26,117755.29,117540.17,0
2025-07-12 09:15:00+03:00,117741.22,117741.22,117540.17,0
2025-07-12 09:20:00+03:00,117821.63,117821.63,117540.17,1
2025-07-12 09:25:00+03:00,117910.0,117910.0,117540.17,1
2025-07-12 09:30:00+03:00,117961.09,117961.09,117540.17,1
2025-07-12 09:35:00+03:00,117974.99,117974.99,117540.17,1
2025-07-12 09:40:00+03:00,117948.35,117974.99,117540.17,0
2025-07-12 09:45:00+03:00,117886.28,117974.99,117540.17,0
2025-07-12 09:50:00+03:00,117913.05,117974.99,117570.54,0
2025-07-12 09:55:00+03:00,117847.66,117974.99,117570.54,0
2025-07-12 10:00:00+03:00,117864.28,117974.99,117614.88,0
2025-07-12 10:05:00+03:00,117889.5,117974.99,117614.88,0
2025-07-12 10:10:00+03:00,117964.01,117974.99,117614.88,0
2025-07-12 10:15:00+03:00,117970.09,117974.99,117614.88,0
2025-07-12 10:20:00+03:00,117935.88,117974.99,117614.88,0
2025-07-12 10:25:00+03:00,117939.51,117974.99,117689.68,0
2025-07-12 10:30:00+03:00,117822.72,117974.99,117689.68,0
2025-07-12 10:35:00+03:00,117756.43,117974.99,117716.26,0
2025-07-12 10:40:00+03:00,117733.48,117974.99,117716.26,0
2025-07-12 10:45:00+03:00,117692.2,117974.99,117692.2,-1
2025-07-12 10:50:00+03:00,117684.25,117974.99,117684.25,-1
2025-07-12 10:55:00+03:00,117731.99,117974.99,117684.25,0
2025-07-12 11:00:00+03:00,117830.07,117974.99,117684.25,0
2025-07-12 11:05:00+03:00,117804.41,117974.99,117684.25,0
2025-07-12 11:10:00+03:00,117830.07,117974.99,117684.25,0
2025-07-12 11:15:00+03:00,117867.99,117970.09,117684.25,0
2025-07-12 11:20:00+03:00,117867.7,117970.09,117684.25,0
2025-07-12 11:25:00+03:00,117855.9,117970.09,117684.25,0
2025-07-12 11:30:00+03:00,117830.5,117970.09,117684.25,0
2025-07-12 11:35:00+03:00,117814.02,117970.09,117684.25,0
2025-07-12 11:40:00+03:00,117808.85,117970.09,117684.25,0
2025-07-12 11:45:00+03:00,117765.91,117970.09,117684.25,0
2025-07-12 11:50:00+03:00,117801.76,117970.09,117684.25,0
2025-07-12 11:55:00+03:00,117929.65,117939.51,117684.25,0
2025-07-12 12:00:00+03:00,117905.79,117939.51,117684.25,0
2025-07-12 12:05:00+03:00,117890.79,117929.65,117684.25,0
2025-07-12 12:10:00+03:00,117888.71,117929.65,117684.25,0
2025-07-12 12:15:00+03:00,117973.49,117973.49,117684.25,1
2025-07-12 12:20:00+03:00,118032.32,118032.32,117684.25,1
2025-07-12 12:25:00+03:00,117980.0,118032.32,117684.25,0
2025-07-12 12:30:00+03:00,117922.44,118032.32,117731.99,0
2025-07-12 12:35:00+03:00,117989.53,118032.32,117765.91,0
2025-07-12 12:40:00+03:00,118054.79,118054.79,117765.91,1
2025-07-12 12:45:00+03:00,118060.0,118060.0,117765.91,1
2025-07-12 12:50:00+03:00,118184.39,118184.39,117765.91,1
2025-07-12 12:55:00+03:00,118158.78,118184.39,117765.91,0
2025-07-12 13:00:00+03:00,118064.26,118184.39,117765.91,0
2025-07-12 13:05:00+03:00,118006.91,118184.39,117765.91,0
2025-07-12 13:10:00+03:00,117980.94,118184.39,117765.91,0
2025-07-12 13:15:00+03:00,118086.96,118184.39,117765.91,0
2025-07-12 13:20:00+03:00,118043.15,118184.39,117765.91,0
2025-07-12 13:25:00+03:00,118065.91,118184.39,117801.76,0
2025-07-12 13:30:00+03:00,118122.64,118184.39,117888.71,0
2025-07-12 13:35:00+03:00,118100.41,118184.39,117888.71,0
2025-07-12 13:40:00+03:00,118100.42,118184.39,117888.71,0
2025-07-12 13:45:00+03:00,118033.16,118184.39,117888.71,0
2025-07-12 13:50:00+03:00,118068.82,118184.39,117922.44,0
2025-07-12 13:55:00+03:00,118077.32,118184.39,117922.44,0
2025-07-12 14:00:00+03:00,117989.82,118184.39,117922.44,0
2025-07-12 14:05:00+03:00,117966.34,118184.39,117922.44,0
2025-07-12 14:10:00+03:00,117944.34,118184.39,117944.34,0
2025-07-12 14:15:00+03:00,117959.58,118184.39,117944.34,0
2025-07-12 14:20:00+03:00,118009.97,118184.39,117944.34,0
2025-07-12 14:25:00+03:00,118009.96,118184.39,117944.34,0
2025-07-12 14:30:00+03:00,117939.99,118158.78,117939.99,-1
2025-07-12 14:35:00+03:00,117991.62,118122.64,117939.99,0
2025-07-12 14:40:00+03:00,117676.3,118122.64,117676.3,-1
2025-07-12 14:45:00+03:00,117763.99,118122.64,117676.3,0
2025-07-12 14:50:00+03:00,117808.0,118122.64,117676.3,0
2025-07-12 14:55:00+03:00,117810.0,118122.64,117676.3,0
2025-07-12 15:00:00+03:00,117834.36,118122.64,117676.3,0
2025-07-12 15:05:00+03:00,117763.28,118122.64,117676.3,0
2025-07-12 15:10:00+03:00,117779.52,118100.42,117676.3,0
2025-07-12 15:15:00+03:00,117721.62,118100.42,117676.3,0
2025-07-12 15:20:00+03:00,117664.84,118077.32,117664.84,-1
2025-07-12 15:25:00+03:00,117665.6,118077.32,117664.84,0
2025-07-12 15:30:00+03:00,117611.76,118077.32,117611.76,-1
2025-07-12 15:35:00+03:00,117509.75,118009.97,117509.75,-1
2025-07-12 15:40:00+03:00,117509.75,118009.97,117509.75,0
2025-07-12 15:45:00+03:00,117379.99,118009.97,117379.99,-1
2025-07-12 15:50:00+03:00,117494.28,118009.97,117379.99,0
2025-07-12 15:55:00+03:00,117559.97,118009.97,117379.99,0
2025-07-12 16:00:00+03:00,117453.4,118009.96,117379.99,0
2025-07-12 16:05:00+03:00,117448.51,117991.62,117379.99,0
2025-07-12 16:10:00+03:00,117486.01,117991.62,117379.99,0
2025-07-12 16:15:00+03:00,117348.0,117834.36,117348.0,-1
2025-07-12 16:20:00+03:00,117406.03,117834.36,117348.0,0
2025-07-12 16:25:00+03:00,117304.7,117834.36,117304.7,-1
2025-07-12 16:30:00+03:00,117420.37,117834.36,117304.7,0
2025-07-12 16:35:00+03:00,117409.99,117834.36,117304.7,0
2025-07-12 16:40:00+03:00,117365.65,117779.52,117304.7,0
2025-07-12 16:45:00+03:00,117350.59,117779.52,117304.7,0
2025-07-12 16:50:00+03:00,117433.39,117721.62,117304.7,0
2025-07-12 16:55:00+03:00,117500.0,117665.6,117304.7,0
2025-07-12 17:00:00+03:00,117405.56,117665.6,117304.7,0
2025-07-12 17:05:00+03:00,117547.75,117611.76,117304.7,0
2025-07-12 17:10:00+03:00,117601.99,117601.99,117304.7,0
2025-07-12 17:15:00+03:00,117654.15,117654.15,117304.7,1
2025-07-12 17:20:00+03:00,117580.01,117654.15,117304.7,0
2025-07-12 17:25:00+03:00,117656.71,117656.71,117304.7,1
2025-07-12 17:30:00+03:00,117553.32,117656.71,117304.7,0
2025-07-12 17:35:00+03:00,117410.15,117656.71,117304.7,0
2025-07-12 17:40:00+03:00,117466.47,117656.71,117304.7,0
2025-07-12 17:45:00+03:00,117430.72,117656.71,117304.7,0
2025-07-12 17:50:00+03:00,117329.83,117656.71,117304.7,0
2025-07-12 17:55:00+03:00,117389.47,117656.71,117304.7,0
2025-07-12 18:00:00+03:00,117349.82,117656.71,117304.7,0
2025-07-12 18:05:00+03:00,117349.99,117656.71,117329.83,0
2025-07-12 18:10:00+03:00,117422.52,117656.71,117329.83,0
2025-07-12 18:15:00+03:00,117417.9,117656.71,117329.83,0
2025-07-12 18:20:00+03:00,117313.8,117656.71,117313.8,-1
2025-07-12 18:25:00+03:00,117336.34,117656.71,117313.8,0
2025-07-12 18:30:00+03:00,117279.87,117656.71,117279.87,-1
2025-07-12 18:35:00+03:00,117098.0,117656.71,117098.0,-1
2025-07-12 18:40:00+03:00,116992.6,117656.71,116992.6,-1
2025-07-12 18:45:00+03:00,117000.3,117656.71,116992.6,0
2025-07-12 18:50:00+03:00,116968.81,117656.71,116968.81,-1
2025-07-12 18:55:00+03:00,117100.01,117656.71,116968.81,0
2025-07-12 19:00:00+03:00,117164.89,117656.71,116968.81,0
2025-07-12 19:05:00+03:00,117195.5,117553.32,116968.81,0
2025-07-12 19:10:00+03:00,117266.65,117466.47,116968.81,0
2025-07-12 19:15:00+03:00,117320.29,117466.47,116968.81,0
2025-07-12 19:20:00+03:00,117299.39,117430.72,116968.81,0
2025-07-12 19:25:00+03:00,117295.49,117422.52,116968.81,0
2025-07-12 19:30:00+03:00,117329.83,117422.52,116968.81,0
2025-07-12 19:35:00+03:00,117329.84,117422.52,116968.81,0
2025-07-12 19:40:00+03:00,117279.53,117422.52,116968.81,0
2025-07-12 19:45:00+03:00,117293.03,117422.52,116968.81,0
2025-07-12 19:50:00+03:00,117158.32,117417.9,116968.81,0
2025-07-12 19:55:00+03:00,117191.08,117336.34,116968.81,0
2025-07-12 20:00:00+03:00,117213.31,117336.34,116968.81,0
2025-07-12 20:05:00+03:00,117291.68,117329.84,116968.81,0
2025-07-12 20:10:00+03:00,117300.01,117329.84,116968.81,0
2025-07-12 20:15:00+03:00,117371.55,117371.55,116968.81,1
2025-07-12 20:20:00+03:00,117398.66,117398.66,116968.81,1
2025-07-12 20:25:00+03:00,117445.55,117445.55,116968.81,1
2025-07-12 20:30:00+03:00,117456.11,117456.11,117100.01,1
2025-07-12 20:35:00+03:00,117449.5,117456.11,117158.32,0
2025-07-12 20:40:00+03:00,117461.7,117461.7,117158.32,1
2025-07-12 20:45:00+03:00,117444.88,117461.7,117158.32,0
2025-07-12 20:50:00+03:00,117414.67,117461.7,117158.32,0
2025-07-12 20:55:00+03:00,117478.4,117478.4,117158.32,1
2025-07-12 21:00:00+03:00,117461.95,117478.4,117158.32,0
2025-07-12 21:05:00+03:00,117448.84,117478.4,117158.32,0
2025-07-12 21:10:00+03:00,117465.99,117478.4,117158.32,0
2025-07-12 21:15:00+03:00,117444.75,117478.4,117158.32,0
2025-07-12 21:20:00+03:00,117428.38,117478.4,117158.32,0
2025-07-12 21:25:00+03:00,117416.64,117478.4,117158.32,0
2025-07-12 21:30:00+03:00,117433.39,117478.4,117191.08,0
2025-07-12 21:35:00+03:00,117400.01,117478.4,117213.31,0
2025-07-12 21:40:00+03:00,117378.91,117478.4,117291.68,0
2025-07-12 21:45:00+03:00,117415.21,117478.4,117300.01,0
2025-07-12 21:50:00+03:00,117384.78,117478.4,117371.55,0
2025-07-12 21:55:00+03:00,117504.0,117504.0,117378.91,1
2025-07-12 22:00:00+03:00,117543.2,117543.2,117378.91,1
2025-07-12 22:05:00+03:00,117609.99,117609.99,117378.91,1
2025-07-12 22:10:00+03:00,117608.52,117609.99,117378.91,0
2025-07-12 22:15:00+03:00,117639.98,117639.98,117378.91,1
2025-07-12 22:20:00+03:00,117536.95,117639.98,117378.91,0
2025-07-12 22:25:00+03:00,117440.43,117639.98,117378.91,0
2025-07-12 22:30:00+03:00,117475.37,117639.98,117378.91,0
2025-07-12 22:35:00+03:00,117547.62,117639.98,117378.91,0
2025-07-12 22:40:00+03:00,117595.12,117639.98,117378.91,0
2025-07-12 22:45:00+03:00,117596.77,117639.98,117378.91,0
2025-07-12 22:50:00+03:00,117560.69,117639.98,117378.91,0
2025-07-12 22:55:00+03:00,117550.96,117639.98,117378.91,0
2025-07-12 23:00:00+03:00,117546.24,117639.98,117378.91,0
2025-07-12 23:05:00+03:00,117510.02,117639.98,117378.91,0
2025-07-12 23:10:00+03:00,117451.43,117639.98,117378.91,0
2025-07-12 23:15:00+03:00,117429.2,117639.98,117378.91,0
2025-07-12 23:20:00+03:00,117452.7,117639.98,117384.78,0
2025-07-12 23:25:00+03:00,117442.96,117639.98,117384.78,0
2025-07-12 23:30:00+03:00,117370.56,117639.98,117370.56,-1
2025-07-12 23:35:00+03:00,117356.58,117639.98,117356.58,-1
2025-07-12 23:40:00+03:00,117346.4,117639.98,117346.4,-1
2025-07-12 23:45:00+03:00,117346.39,117639.98,117346.39,-1
2025-07-12 23:50:00+03:00,117197.94,117639.98,117197.94,-1
2025-07-12 23:55:00+03:00,117023.36,117596.77,117023.36,-1
2025-07-13 00:00:00+03:00,117169.69,117596.77,117023.36,0
2025-07-13 00:05:00+03:00,117260.0,117596.77,117023.36,0
2025-07-13 00:10:00+03:00,117140.0,117596.77,117023.36,0
2025-07-13 00:15:00+03:00,117215.77,117596.77,117023.36,0
2025-07-13 00:20:00+03:00,117260.59,117596.77,117023.36,0
2025-07-13 00:25:00+03:00,117315.87,117560.69,117023.36,0
2025-07-13 00:30:00+03:00,117346.34,117550.96,117023.36,0
2025-07-13 00:35:00+03:00,117444.39,117546.24,117023.36,0
2025-07-13 00:40:00+03:00,117555.5,117555.5,117023.36,1
2025-07-13 00:45:00+03:00,117415.13,117555.5,117023.36,0
2025-07-13 00:50:00+03:00,117450.86,117555.5,117023.36,0
2025-07-13 00:55:00+03:00,117485.22,117555.5,117023.36,0
2025-07-13 01:00:00+03:00,117499.49,117555.5,117023.36,0
2025-07-13 01:05:00+03:00,117462.31,117555.5,117023.36,0
2025-07-13 01:10:00+03:00,117460.04,117555.5,117023.36,0
2025-07-13 01:15:00+03:00,117339.99,117555.5,117023.36,0
2025-07-13 01:20:00+03:00,117397.44,117555.5,117023.36,0
2025-07-13 01:25:00+03:00,117456.01,117555.5,117023.36,0
2025-07-13 01:30:00+03:00,117481.7,117555.5,117023.36,0
2025-07-13 01:35:00+03:00,117416.8,117555.5,117140.0,0
2025-07-13 01:40:00+03:00,117395.99,117555.5,117140.0,0
2025-07-13 01:45:00+03:00,117344.0,117555.5,117140.0,0
2025-07-13 01:50:00+03:00,117376.55,117555.5,117215.77,0
2025-07-13 01:55:00+03:00,117385.37,117555.5,117260.59,0
2025-07-13 02:00:00+03:00,117365.13,117555.5,117315.87,0
2025-07-13 02:05:00+03:00,117284.0,117555.5,117284.0,-1
2025-07-13 02:10:00+03:00,117252.0,117555.5,117252.0,-1
2025-07-13 02:15:00+03:00,117286.12,117555.5,117252.0,0
2025-07-13 02:20:00+03:00,117321.04,117499.49,117252.0,0
2025-07-13 02:25:00+03:00,117288.0,117499.49,117252.0,0
2025-07-13 02:30:00+03:00,117312.01,117499.49,117252.0,0
2025-07-13 02:35:00+03:00,117291.67,117499.49,117252.0,0
2025-07-13 02:40:00+03:00,117258.97,117481.7,117252.0,0
2025-07-13 02:45:00+03:00,117439.99,117481.7,117252.0,0
2025-07-13 02:50:00+03:00,117399.98,117481.7,117252.0,0
2025-07-13 02:55:00+03:00,117420.0,117481.7,117252.0,0
2025-07-13 03:00:00+03:00,117377.51,117481.7,117252.0,0
2025-07-13 03:05:00+03:00,117300.01,117481.7,117252.0,0
2025-07-13 03:10:00+03:00,117319.99,117439.99,117252.0,0
2025-07-13 03:15:00+03:00,117256.02,117439.99,117252.0,0
2025-07-13 03:20:00+03:00,117365.52,117439.99,117252.0,0
2025-07-13 03:25:00+03:00,117392.79,117439.99,117252.0,0
2025-07-13 03:30:00+03:00,117359.48,117439.99,117252.0,0
2025-07-13 03:35:00+03:00,117335.29,117439.99,117252.0,0
2025-07-13 03:40:00+03:00,117432.43,117439.99,117252.0,0
2025-07-13 03:45:00+03:00,117348.01,117439.99,117252.0,0
2025-07-13 03:50:00+03:00,117330.53,117439.99,117256.02,0
2025-07-13 03:55:00+03:00,117316.1,117439.99,117256.02,0
2025-07-13 04:00:00+03:00,117390.77,117439.99,117256.02,0
2025-07-13 04:05:00+03:00,117340.0,117439.99,117256.02,0
2025-07-13 04:10:00+03:00,117339.04,117439.99,117256.02,0
2025-07-13 04:15:00+03:00,117296.4,117439.99,117256.02,0
2025-07-13 04:20:00+03:00,117363.05,117439.99,117256.02,0
2025-07-13 04:25:00+03:00,117387.99,117432.43,117256.02,0
2025-07-13 04:30:00+03:00,117380.01,117432.43,117256.02,0
2025-07-13 04:35:00+03:00,117536.96,117536.96,117256.02,1
2025-07-13 04:40:00+03:00,117536.96,117536.96,117256.02,0
2025-07-13 04:45:00+03:00,117614.71,117614.71,117256.02,1
2025-07-13 04:50:00+03:00,117632.06,117632.06,117256.02,1
2025-07-13 04:55:00+03:00,117553.37,117632.06,117296.4,0
2025-07-13 05:00:00+03:00,117497.98,117632.06,117296.4,0
2025-07-13 05:05:00+03:00,117514.78,117632.06,117296.4,0
2025-07-13 05:10:00+03:00,117484.0,117632.06,117296.4,0
2025-07-13 05:15:00+03:00,117417.11,117632.06,117296.4,0
2025-07-13 05:20:00+03:00,117420.29,117632.06,117296.4,0
2025-07-13 05:25:00+03:00,117429.8,117632.06,117296.4,0
2025-07-13 05:30:00+03:00,117439.52,117632.06,117296.4,0
2025-07-13 05:35:00+03:00,117431.19,117632.06,117296.4,0
2025-07-13 05:40:00+03:00,117505.6,117632.06,117296.4,0
2025-07-13 05:45:00+03:00,117553.37,117632.06,117296.4,0
2025-07-13 05:50:00+03:00,117646.85,117646.85,117296.4,1
2025-07-13 05:55:00+03:00,117620.0,117646.85,117363.05,0
2025-07-13 06:00:00+03:00,117647.92,117647.92,117380.01,1
2025-07-13 06:05:00+03:00,117626.52,117647.92,117380.01,0
2025-07-13 06:10:00+03:00,117600.82,117647.92,117417.11,0
2025-07-13 06:15:00+03:00,117684.22,117684.22,117417.11,1
2025-07-13 06:20:00+03:00,117747.91,117747.91,117417.11,1
2025-07-13 06:25:00+03:00,117765.92,117765.92,117417.11,1
2025-07-13 06:30:00+03:00,117800.0,117800.0,117417.11,1
2025-07-13 06:35:00+03:00,117750.0,117800.0,117417.11,0
2025-07-13 06:40:00+03:00,117750.01,117800.0,117417.11,0
2025-07-13 06:45:00+03:00,117697.35,117800.0,117417.11,0
2025-07-13 06:50:00+03:00,117786.82,117800.0,117417.11,0
2025-07-13 06:55:00+03:00,117753.6,117800.0,117420.29,0
2025-07-13 07:00:00+03:00,117719.29,117800.0,117429.8,0
2025-07-13 07:05:00+03:00,117739.99,117800.0,117431.19,0
2025-07-13 07:10:00+03:00,117751.58,117800.0,117431.19,0
2025-07-13 07:15:00+03:00,117812.03,117812.03,117505.6,1
2025-07-13 07:20:00+03:00,117771.45,117812.03,117553.37,0
2025-07-13 07:25:00+03:00,117769.99,117812.03,117600.82,0
2025-07-13 07:30:00+03:00,117822.56,117822.56,117600.82,1
2025-07-13 07:35:00+03:00,117849.44,117849.44,117600.82,1
2025-07-13 07:40:00+03:00,117827.59,117849.44,117600.82,0
2025-07-13 07:45:00+03:00,117865.72,117865.72,117600.82,1
2025-07-13 07:50:00+03:00,117892.23,117892.23,117684.22,1
2025-07-13 07:55:00+03:00,117879.22,117892.23,117697.35,0
2025-07-13 08:00:00+03:00,117902.31,117902.31,117697.35,1
2025-07-13 08:05:00+03:00,117904.75,117904.75,117697.35,1
2025-07-13 08:10:00+03:00,117862.74,117904.75,117697.35,0
2025-07-13 08:15:00+03:00,117822.55,117904.75,117697.35,0
2025-07-13 08:20:00+03:00,117815.08,117904.75,117697.35,0
2025-07-13 08:25:00+03:00,117832.64,117904.75,117719.29,0
2025-07-13 08:30:00+03:00,117894.95,117904.75,117719.29,0
2025-07-13 08:35:00+03:00,117880.0,117904.75,117719.29,0
2025-07-13 08:40:00+03:00,117775.39,117904.75,117739.99,0
2025-07-13 08:45:00+03:00,117727.85,117904.75,117727.85,-1
2025-07-13 08:50:00+03:00,117712.99,117904.75,117712.99,-1
2025-07-13 08:55:00+03:00,117759.99,117904.75,117712.99,0
2025-07-13 09:00:00+03:00,117775.79,117904.75,117712.99,0
2025-07-13 09:05:00+03:00,117785.66,117904.75,117712.99,0
2025-07-13 09:10:00+03:00,117783.98,117904.75,117712.99,0
2025-07-13 09:15:00+03:00,117797.81,117904.75,117712.99,0
2025-07-13 09:20:00+03:00,117847.65,117904.75,117712.99,0
2025-07-13 09:25:00+03:00,117861.11,117904.75,117712.99,0
2025-07-13 09:30:00+03:00,117900.0,117904.75,117712.99,0
2025-07-13 09:35:00+03:00,117968.13,117968.13,117712.99,1
2025-07-13 09:40:00+03:00,117973.36,117973.36,117712.99,1
2025-07-13 09:45:00+03:00,117902.92,117973.36,117712.99,0
2025-07-13 09:50:00+03:00,117888.5,117973.36,117712.99,0
2025-07-13 09:55:00+03:00,117888.51,117973.36,117712.99,0
2025-07-13 10:00:00+03:00,117861.83,117973.36,117712.99,0
2025-07-13 10:05:00+03:00,117884.49,117973.36,117712.99,0
2025-07-13 10:10:00+03:00,117884.49,117973.36,117712.99,0
2025-07-13 10:15:00+03:00,117926.95,117973.36,117712.99,0
2025-07-13 10:20:00+03:00,117984.77,117984.77,117712.99,1
2025-07-13 10:25:00+03:00,117989.99,117989.99,117712.99,1
2025-07-13 10:30:00+03:00,117997.0,117997.0,117759.99,1
2025-07-13 10:35:00+03:00,117981.52,117997.0,117775.79,0
2025-07-13 10:40:00+03:00,117967.24,117997.0,117783.98,0
2025-07-13 10:45:00+03:00,117944.01,117997.0,117783.98,0
2025-07-13 10:50:00+03:00,117945.93,117997.0,117797.81,0
2025-07-13 10:55:00+03:00,117999.0,117999.0,117847.65,1
2025-07-13 11:00:00+03:00,117970.93,117999.0,117861.11,0
2025-07-13 11:05:00+03:00,117942.08,117999.0,117861.83,0
2025-07-13 11:10:00+03:00,117950.78,117999.0,117861.83,0
2025-07-13 11:15:00+03:00,117843.42,117999.0,117843.42,-1
2025-07-13 11:20:00+03:00,117819.99,117999.0,117819.99,-1
2025-07-13 11:25:00+03:00,117831.08,117999.0,117819.99,0
2025-07-13 11:30:00+03:00,117827.4,117999.0,117819.99,0
2025-07-13 11:35:00+03:00,117818.89,117999.0,117818.89,-1
2025-07-13 11:40:00+03:00,117789.61,117999.0,117789.61,-1
2025-07-13 11:45:00+03:00,117756.39,117999.0,117756.39,-1
2025-07-13 11:50:00+03:00,117789.69,117999.0,117756.39,0
2025-07-13 11:55:00+03:00,117895.78,117999.0,117756.39,0
2025-07-13 12:00:00+03:00,117901.33,117999.0,117756.39,0
2025-07-13 12:05:00+03:00,117901.34,117999.0,117756.39,0
2025-07-13 12:10:00+03:00,117879.36,117999.0,117756.39,0
2025-07-13 12:15:00+03:00,117860.0,117999.0,117756.39,0
2025-07-13 12:20:00+03:00,117850.01,117999.0,117756.39,0
2025-07-13 12:25:00+03:00,117850.01,117999.0,117756.39,0
2025-07-13 12:30:00+03:00,117792.49,117999.0,117756.39,0
2025-07-13 12:35:00+03:00,117700.0,117970.93,117700.0,-1
2025-07-13 12:40:00+03:00,117800.04,117950.78,117700.0,0
2025-07-13 12:45:00+03:00,117750.12,117950.78,117700.0,0
2025-07-13 12:50:00+03:00,117759.99,117901.34,117700.0,0
2025-07-13 12:55:00+03:00,117739.16,117901.34,117700.0,0
2025-07-13 13:00:00+03:00,117830.74,117901.34,117700.0,0
2025-07-13 13:05:00+03:00,117845.46,117901.34,117700.0,0
2025-07-13 13:10:00+03:00,117845.47,117901.34,117700.0,0
2025-07-13 13:15:00+03:00,117800.0,117901.34,117700.0,0
2025-07-13 13:20:00+03:00,117800.01,117901.34,117700.0,0
2025-07-13 13:25:00+03:00,117800.01,117901.34,117700.0,0
2025-07-13 13:30:00+03:00,117783.96,117901.34,117700.0,0
2025-07-13 13:35:00+03:00,117783.95,117901.34,117700.0,0
2025-07-13 13:40:00+03:00,117783.96,117901.34,117700.0,0
2025-07-13 13:45:00+03:00,117783.95,117879.36,117700.0,0
2025-07-13 13:50:00+03:00,117773.62,117860.0,117700.0,0
2025-07-13 13:55:00+03:00,117747.99,117850.01,117700.0,0
2025-07-13 14:00:00+03:00,117812.93,117850.01,117700.0,0
2025-07-13 14:05:00+03:00,117883.39,117883.39,117700.0,1
2025-07-13 14:10:00+03:00,117900.0,117900.0,117700.0,1
2025-07-13 14:15:00+03:00,117908.39,117908.39,117739.16,1
2025-07-13 14:20:00+03:00,117996.99,117996.99,117739.16,1
2025-07-13 14:25:00+03:00,118059.85,118059.85,117739.16,1
2025-07-13 14:30:00+03:00,117955.25,118059.85,117739.16,0
2025-07-13 14:35:00+03:00,117992.19,118059.85,117747.99,0
2025-07-13 14:40:00+03:00,118003.28,118059.85,117747.99,0
2025-07-13 14:45:00+03:00,117973.18,118059.85,117747.99,0
2025-07-13 14:50:00+03:00,117973.01,118059.85,117747.99,0
2025-07-13 14:55:00+03:00,118072.01,118072.01,117747.99,1
2025-07-13 15:00:00+03:00,118113.18,118113.18,117747.99,1
2025-07-13 15:05:00+03:00,118033.44,118113.18,117747.99,0
2025-07-13 15:10:00+03:00,118025.19,118113.18,117747.99,0
2025-07-13 15:15:00+03:00,118119.06,118119.06,117747.99,1
2025-07-13 15:20:00+03:00,118145.13,118145.13,117747.99,1
2025-07-13 15:25:00+03:00,118190.02,118190.02,117747.99,1
2025-07-13 15:30:00+03:00,118113.19,118190.02,117747.99,0
2025-07-13 15:35:00+03:00,118113.18,118190.02,117812.93,0
2025-07-13 15:40:00+03:00,118137.08,118190.02,117883.39,0
2025-07-13 15:45:00+03:00,118147.67,118190.02,117900.0,0
2025-07-13 15:50:00+03:00,118511.35,118511.35,117908.39,1
2025-07-13 15:55:00+03:00,118432.11,118511.35,117955.25,0
2025-07-13 16:00:00+03:00,118333.02,118511.35,117955.25,0
2025-07-13 16:05:00+03:00,118338.47,118511.35,117955.25,0
2025-07-13 16:10:00+03:00,118175.01,118511.35,117973.01,0
2025-07-13 16:15:00+03:00,118232.42,118511.35,117973.01,0
2025-07-13 16:20:00+03:00,118299.45,118511.35,117973.01,0
2025-07-13 16:25:00+03:00,118308.24,118511.35,117973.01,0
2025-07-13 16:30:00+03:00,118531.57,118531.57,118025.19,1
2025-07-13 16:35:00+03:00,118565.65,118565.65,118025.19,1
2025-07-13 16:40:00+03:00,118583.47,118583.47,118025.19,1
2025-07-13 16:45:00+03:00,118742.59,118742.59,118025.19,1
2025-07-13 16:50:00+03:00,118549.99,118742.59,118113.18,0
2025-07-13 16:55:00+03:00,118610.01,118742.59,118113.18,0
2025-07-13 17:00:00+03:00,118484.42,118742.59,118113.18,0
2025-07-13 17:05:00+03:00,118569.72,118742.59,118113.18,0
2025-07-13 17:10:00+03:00,118638.6,118742.59,118113.18,0
2025-07-13 17:15:00+03:00,119265.87,119265.87,118137.08,1
2025-07-13 17:20:00+03:00,119196.22,119265.87,118147.67,0
2025-07-13 17:25:00+03:00,119150.0,119265.87,118175.01,0
2025-07-13 17:30:00+03:00,119021.45,119265.87,118175.01,0
2025-07-13 17:35:00+03:00,118844.02,119265.87,118175.01,0
2025-07-13 17:40:00+03:00,118735.07,119265.87,118175.01,0
2025-07-13 17:45:00+03:00,118571.59,119265.87,118175.01,0
2025-07-13 17:50:00+03:00,118693.09,119265.87,118232.42,0
2025-07-13 17:55:00+03:00,118766.94,119265.87,118299.45,0
2025-07-13 18:00:00+03:00,118759.61,119265.87,118308.24,0
2025-07-13 18:05:00+03:00,119053.16,119265.87,118484.42,0
2025-07-13 18:10:00+03:00,118989.56,119265.87,118484.42,0
2025-07-13 18:15:00+03:00,119004.02,119265.87,118484.42,0
2025-07-13 18:20:00+03:00,118889.59,119265.87,118484.42,0
2025-07-13 18:25:00+03:00,118908.03,119265.87,118484.42,0
2025-07-13 18:30:00+03:00,118675.97,119265.87,118484.42,0
2025-07-13 18:35:00+03:00,118648.54,119265.87,118484.42,0
2025-07-13 18:40:00+03:00,118584.01,119265.87,118569.72,0
2025-07-13 18:45:00+03:00,118642.31,119265.87,118571.59,0
2025-07-13 18:50:00+03:00,118720.19,119265.87,118571.59,0
2025-07-13 18:55:00+03:00,118672.24,119196.22,118571.59,0
2025-07-13 19:00:00+03:00,118771.88,119150.0,118571.59,0
