timestamp,close,sma_20,diff,percent_diff,signal
2025-07-10 07:50:00+03:00,111115.22,,,,0
2025-07-10 07:55:00+03:00,111150.0,,,,0
2025-07-10 08:00:00+03:00,111068.47,,,,0
2025-07-10 08:05:00+03:00,110980.0,,,,0
2025-07-10 08:10:00+03:00,110986.91,,,,0
2025-07-10 08:15:00+03:00,110971.0,,,,0
2025-07-10 08:20:00+03:00,110940.26,,,,0
2025-07-10 08:25:00+03:00,110993.61,,,,0
2025-07-10 08:30:00+03:00,110950.7,,,,0
2025-07-10 08:35:00+03:00,110950.71,111010.69,-59.98,-0.05,0
2025-07-10 08:40:00+03:00,110950.71,110994.24,-43.53,-0.04,0
2025-07-10 08:45:00+03:00,110949.4,110974.18,-24.78,-0.02,0
2025-07-10 08:50:00+03:00,111042.38,110971.57,70.81,0.06,0
2025-07-10 08:55:00+03:00,111086.14,110982.18,103.96,0.09,0
2025-07-10 09:00:00+03:00,111157.01,110999.19,157.82,0.14,0
2025-07-10 09:05:00+03:00,111095.28,111011.62,83.66,0.08,0
2025-07-10 09:10:00+03:00,111142.0,111031.79,110.21,0.1,0
2025-07-10 09:15:00+03:00,111153.32,111047.77,105.55,0.1,0
2025-07-10 09:20:00+03:00,111254.95,111078.19,176.76,0.16,0
2025-07-10 09:25:00+03:00,111278.66,111110.99,167.67,0.15,0
2025-07-10 09:30:00+03:00,111254.76,111141.39,113.37,0.1,0
2025-07-10 09:35:00+03:00,111159.2,111162.37,-3.17,-0.0,0
2025-07-10 09:40:00+03:00,111141.93,111172.32,-30.4,-0.03,0
2025-07-10 09:45:00+03:00,111197.07,111183.42,13.65,0.01,0
2025-07-10 09:50:00+03:00,111258.27,111193.54,64.73,0.06,0
2025-07-10 09:55:00+03:00,111233.34,111207.35,25.99,0.02,0
2025-07-10 10:00:00+03:00,111249.75,111218.12,31.62,0.03,0
2025-07-10 10:05:00+03:00,111432.45,111246.04,186.41,0.17,0
2025-07-10 10:10:00+03:00,111394.53,111260.0,134.53,0.12,0
2025-07-10 10:15:00+03:00,111372.0,111269.33,102.67,0.09,0
2025-07-10 10:20:00+03:00,111336.01,111277.46,58.55,0.05,0
2025-07-10 10:25:00+03:00,111363.89,111297.92,65.97,0.06,0
2025-07-10 10:30:00+03:00,111349.5,111318.68,30.82,0.03,0
2025-07-10 10:35:00+03:00,111250.01,111323.98,-73.97,-0.07,0
2025-07-10 10:40:00+03:00,111277.32,111325.88,-48.56,-0.04,0
2025-07-10 10:45:00+03:00,111255.01,111328.05,-73.04,-0.07,0
2025-07-10 10:50:00+03:00,111224.59,111325.53,-100.94,-0.09,0
2025-07-10 10:55:00+03:00,111230.0,111305.29,-75.29,-0.07,0
2025-07-10 11:00:00+03:00,111146.93,111280.53,-133.6,-0.12,0
2025-07-10 11:05:00+03:00,111125.01,111255.83,-130.82,-0.12,0
2025-07-10 11:10:00+03:00,111123.94,111234.62,-110.68,-0.1,0
2025-07-10 11:15:00+03:00,111276.91,111225.92,50.99,0.05,0
2025-07-10 11:20:00+03:00,111263.0,111217.27,45.73,0.04,0
2025-07-10 11:25:00+03:00,111260.33,111218.3,42.03,0.04,0
2025-07-10 11:30:00+03:00,111274.82,111218.05,56.77,0.05,0
2025-07-10 11:35:00+03:00,111349.96,111227.55,122.41,0.11,0
2025-07-10 11:40:00+03:00,111386.89,111243.78,143.11,0.13,0
2025-07-10 11:45:00+03:00,111335.06,111254.28,80.77,0.07,0
2025-07-10 11:50:00+03:00,111243.99,111263.99,-20.0,-0.02,0
2025-07-10 11:55:00+03:00,111233.33,111274.82,-41.49,-0.04,0
2025-07-10 12:00:00+03:00,111189.6,111281.39,-91.79,-0.08,0
2025-07-10 12:05:00+03:00,111180.32,111271.73,-91.41,-0.08,0
2025-07-10 12:10:00+03:00,111160.37,111261.47,-101.1,-0.09,0
2025-07-10 12:15:00+03:00,111200.01,111255.44,-55.43,-0.05,0
2025-07-10 12:20:00+03:00,111115.42,111239.5,-124.07,-0.11,0
2025-07-10 12:25:00+03:00,111130.0,111217.5,-87.5,-0.08,0
2025-07-10 12:30:00+03:00,111127.99,111191.61,-63.62,-0.06,0
2025-07-10 12:35:00+03:00,111130.5,111171.15,-40.65,-0.04,0
2025-07-10 12:40:00+03:00,111086.28,111155.38,-69.1,-0.06,0
2025-07-10 12:45:00+03:00,111086.72,111140.72,-54.0,-0.05,0
2025-07-10 12:50:00+03:00,111084.28,111130.19,-45.91,-0.04,0
2025-07-10 12:55:00+03:00,111041.36,111116.29,-74.93,-0.07,0
2025-07-10 13:00:00+03:00,111014.7,111101.73,-87.03,-0.08,0
2025-07-10 13:05:00+03:00,111011.0,111082.82,-71.82,-0.06,0
2025-07-10 13:10:00+03:00,110991.17,111070.4,-79.23,-0.07,0
2025-07-10 13:15:00+03:00,111024.93,111059.89,-34.96,-0.03,0
2025-07-10 13:20:00+03:00,111009.88,111048.08,-38.2,-0.03,0
2025-07-10 13:25:00+03:00,111009.88,111036.02,-26.14,-0.02,0
2025-07-10 13:30:00+03:00,111048.86,111032.28,16.58,0.01,0
2025-07-10 13:35:00+03:00,111046.54,111028.26,18.28,0.02,0
2025-07-10 13:40:00+03:00,110944.01,111014.23,-70.22,-0.06,0
2025-07-10 13:45:00+03:00,110903.32,111000.43,-97.11,-0.09,0
2025-07-10 13:50:00+03:00,111035.67,111002.53,33.14,0.03,0
2025-07-10 13:55:00+03:00,111088.51,111010.28,78.23,0.07,0
2025-07-10 14:00:00+03:00,111054.84,111016.64,38.2,0.03,0
2025-07-10 14:05:00+03:00,111125.8,111026.73,99.07,0.09,0
2025-07-10 14:10:00+03:00,111081.49,111033.89,47.6,0.04,0
2025-07-10 14:15:00+03:00,111080.98,111041.0,39.98,0.04,0
2025-07-10 14:20:00+03:00,111112.47,111047.36,65.11,0.06,0
2025-07-10 14:25:00+03:00,111165.25,111059.23,106.02,0.1,0
2025-07-10 14:30:00+03:00,111090.0,111073.83,16.17,0.01,0
2025-07-10 14:35:00+03:00,111033.52,111086.85,-53.33,-0.05,0
2025-07-10 14:40:00+03:00,111085.67,111091.85,-6.18,-0.01,0
2025-07-10 14:45:00+03:00,111054.28,111088.43,-34.15,-0.03,0
2025-07-10 14:50:00+03:00,110988.92,111081.84,-92.92,-0.08,0
2025-07-10 14:55:00+03:00,111019.99,111071.26,-51.27,-0.05,0
2025-07-10 15:00:00+03:00,110892.21,111052.33,-160.12,-0.14,0
2025-07-10 15:05:00+03:00,110871.99,111031.43,-159.44,-0.14,0
2025-07-10 15:10:00+03:00,110812.87,111001.47,-188.6,-0.17,0
2025-07-10 15:15:00+03:00,110835.14,110968.46,-133.32,-0.12,0
2025-07-10 15:20:00+03:00,110805.13,110939.97,-134.84,-0.12,0
2025-07-10 15:25:00+03:00,110921.4,110928.76,-7.36,-0.01,0
2025-07-10 15:30:00+03:00,110854.22,110905.62,-51.39,-0.05,0
2025-07-10 15:35:00+03:00,110853.08,110885.5,-32.41,-0.03,0
2025-07-10 15:40:00+03:00,110835.76,110870.18,-34.42,-0.03,0
2025-07-10 15:45:00+03:00,110838.31,110852.01,-13.7,-0.01,0
2025-07-10 15:50:00+03:00,110820.01,110844.79,-24.78,-0.02,0
2025-07-10 15:55:00+03:00,110869.0,110844.49,24.51,0.02,0
2025-07-10 16:00:00+03:00,110911.27,110854.33,56.94,0.05,0
2025-07-10 16:05:00+03:00,110872.59,110858.08,14.51,0.01,0
2025-07-10 16:10:00+03:00,110899.85,110867.55,32.3,0.03,0
2025-07-10 16:15:00+03:00,110937.44,110869.15,68.29,0.06,0
2025-07-10 16:20:00+03:00,110965.18,110880.25,84.93,0.08,0
2025-07-10 16:25:00+03:00,111039.99,110898.94,141.05,0.13,0
2025-07-10 16:30:00+03:00,110708.63,110886.23,-177.6,-0.16,0
2025-07-10 16:35:00+03:00,110772.21,110879.62,-107.41,-0.1,0
2025-07-10 16:40:00+03:00,110798.3,110877.45,-79.15,-0.07,0
2025-07-10 16:45:00+03:00,110629.32,110853.48,-224.16,-0.2,1
2025-07-10 16:50:00+03:00,110829.13,110845.26,-16.13,-0.01,0
2025-07-10 16:55:00+03:00,110800.01,110838.01,-38.0,-0.03,0
2025-07-10 17:00:00+03:00,110839.99,110832.02,7.97,0.01,0
2025-07-10 17:05:00+03:00,110990.28,110837.3,152.98,0.14,0
2025-07-10 17:10:00+03:00,111095.11,110850.3,244.81,0.22,-1
2025-07-10 17:15:00+03:00,111290.0,110875.3,414.7,0.37,-1
2025-07-10 17:20:00+03:00,111035.0,110907.94,127.06,0.11,0
2025-07-10 17:25:00+03:00,110872.0,110917.91,-45.91,-0.04,0
2025-07-10 17:30:00+03:00,110972.0,110935.28,36.72,0.03,0
2025-07-10 17:35:00+03:00,111129.99,110985.35,144.64,0.13,0
2025-07-10 17:40:00+03:00,111059.98,111008.44,51.54,0.05,0
2025-07-10 17:45:00+03:00,111140.0,111042.44,97.56,0.09,0
2025-07-10 17:50:00+03:00,111209.03,111079.34,129.69,0.12,0
2025-07-10 17:55:00+03:00,111247.57,111105.07,142.5,0.13,0
2025-07-10 18:00:00+03:00,111227.3,111118.29,109.01,0.1,0
2025-07-10 18:05:00+03:00,111185.31,111107.82,77.49,0.07,0
2025-07-10 18:10:00+03:00,110994.83,111103.8,-108.97,-0.1,0
2025-07-10 18:15:00+03:00,111300.49,111146.65,153.84,0.14,0
2025-07-10 18:20:00+03:00,111202.2,111169.67,32.53,0.03,0
2025-07-10 18:25:00+03:00,111331.14,111189.78,141.35,0.13,0
2025-07-10 18:30:00+03:00,111277.65,111211.55,66.1,0.06,0
2025-07-10 18:35:00+03:00,111267.71,111224.32,43.39,0.04,0
2025-07-10 18:40:00+03:00,111178.47,111221.27,-42.8,-0.04,0
2025-07-10 18:45:00+03:00,111288.84,111225.39,63.45,0.06,0
2025-07-10 18:50:00+03:00,111366.26,111239.29,126.97,0.11,0
2025-07-10 18:55:00+03:00,111408.4,111261.6,146.8,0.13,0
2025-07-10 19:00:00+03:00,111374.67,111299.58,75.09,0.07,0
2025-07-10 19:05:00+03:00,111426.71,111312.2,114.51,0.1,0
2025-07-10 19:10:00+03:00,111472.62,111339.25,133.37,0.12,0
2025-07-10 19:15:00+03:00,111715.43,111377.68,337.75,0.3,-1
2025-07-10 19:20:00+03:00,112288.47,111478.76,809.71,0.73,-1
2025-07-10 19:25:00+03:00,112376.92,111589.68,787.24,0.71,-1
2025-07-10 19:30:00+03:00,112643.8,111736.21,907.59,0.81,-1
2025-07-10 19:35:00+03:00,112695.04,111876.83,818.21,0.73,-1
2025-07-10 19:40:00+03:00,112637.66,112003.97,633.69,0.57,-1
2025-07-10 19:45:00+03:00,112517.67,112114.9,402.77,0.36,-1
2025-07-10 19:50:00+03:00,112590.12,112236.44,353.68,0.32,-1
2025-07-10 19:55:00+03:00,112643.48,112358.12,285.36,0.25,-1
2025-07-10 20:00:00+03:00,112699.99,112480.86,219.13,0.19,0
2025-07-10 20:05:00+03:00,113292.28,112638.54,653.74,0.58,-1
2025-07-10 20:10:00+03:00,113433.07,112753.0,680.07,0.6,-1
2025-07-10 20:15:00+03:00,113246.35,112839.95,406.4,0.36,-1
2025-07-10 20:20:00+03:00,113401.8,112915.75,486.05,0.43,-1
2025-07-10 20:25:00+03:00,113454.02,112991.64,462.38,0.41,-1
2025-07-10 20:30:00+03:00,113587.76,113086.65,501.11,0.44,-1
2025-07-10 20:35:00+03:00,113640.62,113198.95,441.67,0.39,-1
2025-07-10 20:40:00+03:00,113619.98,113301.94,318.04,0.28,-1
2025-07-10 20:45:00+03:00,113510.77,113388.66,122.11,0.11,0
2025-07-10 20:50:00+03:00,113752.1,113493.88,258.23,0.23,-1
2025-07-10 20:55:00+03:00,113722.82,113536.93,185.89,0.16,0
2025-07-10 21:00:00+03:00,113588.97,113552.52,36.45,0.03,0
2025-07-10 21:05:00+03:00,113411.28,113569.01,-157.73,-0.14,0
2025-07-10 21:10:00+03:00,113348.69,113563.7,-215.01,-0.19,0
2025-07-10 21:15:00+03:00,113520.53,113570.35,-49.82,-0.04,0
2025-07-10 21:20:00+03:00,113280.0,113539.58,-259.58,-0.23,1
2025-07-10 21:25:00+03:00,113182.35,113493.75,-311.4,-0.27,1
2025-07-10 21:30:00+03:00,113192.37,113450.99,-258.62,-0.23,1
2025-07-10 21:35:00+03:00,113086.35,113408.55,-322.2,-0.28,1
2025-07-10 21:40:00+03:00,113059.33,113339.27,-279.94,-0.25,1
2025-07-10 21:45:00+03:00,113216.7,113288.66,-71.96,-0.06,0
2025-07-10 21:50:00+03:00,113335.99,113263.36,72.63,0.06,0
2025-07-10 21:55:00+03:00,113420.0,113264.23,155.77,0.14,0
2025-07-10 22:00:00+03:00,113564.28,113285.79,278.49,0.25,-1
2025-07-10 22:05:00+03:00,113612.07,113294.94,317.13,0.28,-1
2025-07-10 22:10:00+03:00,113649.97,113331.94,318.03,0.28,-1
2025-07-10 22:15:00+03:00,113602.43,113373.95,228.48,0.2,-1
2025-07-10 22:20:00+03:00,113461.15,113400.83,60.32,0.05,0
2025-07-10 22:25:00+03:00,113340.61,113426.25,-85.64,-0.08,0
2025-07-10 22:30:00+03:00,113149.75,113435.3,-285.54,-0.25,1
2025-07-10 22:35:00+03:00,113142.42,113427.87,-285.45,-0.25,1
2025-07-10 22:40:00+03:00,113262.98,113420.57,-157.59,-0.14,0
2025-07-10 22:45:00+03:00,113165.01,113395.07,-230.06,-0.2,1
2025-07-10 22:50:00+03:00,113284.03,113367.04,-83.01,-0.07,0
2025-07-10 22:55:00+03:00,113301.81,113336.02,-34.21,-0.03,0
2025-07-10 23:00:00+03:00,113361.18,113307.14,54.04,0.05,0
2025-07-10 23:05:00+03:00,113315.81,113278.48,37.33,0.03,0
2025-07-10 23:10:00+03:00,113432.67,113275.63,157.04,0.14,0
2025-07-10 23:15:00+03:00,113451.39,113286.7,164.68,0.15,0
2025-07-10 23:20:00+03:00,113490.0,113320.73,169.27,0.15,0
2025-07-10 23:25:00+03:00,113447.54,113351.24,96.3,0.08,0
2025-07-10 23:30:00+03:00,113388.31,113363.78,24.54,0.02,0
2025-07-10 23:35:00+03:00,113448.0,113392.07,55.93,0.05,0
2025-07-10 23:40:00+03:00,113566.3,113420.3,146.0,0.13,0
2025-07-10 23:45:00+03:00,113513.77,113441.5,72.27,0.06,0
2025-07-10 23:50:00+03:00,113537.26,113459.11,78.15,0.07,0
2025-07-10 23:55:00+03:00,113493.16,113476.84,16.32,0.01,0
2025-07-11 00:00:00+03:00,113602.43,113493.82,108.61,0.1,0
2025-07-11 00:05:00+03:00,113612.29,113509.91,102.38,0.09,0
2025-07-11 00:10:00+03:00,113667.39,113527.64,139.75,0.12,0
2025-07-11 00:15:00+03:00,116195.25,113802.42,2392.83,2.1,-1
2025-07-11 00:20:00+03:00,116020.36,114065.62,1954.74,1.71,-1
2025-07-11 00:25:00+03:00,115727.5,114293.57,1433.93,1.25,-1
2025-07-11 00:30:00+03:00,116195.56,114556.5,1639.06,1.43,-1
2025-07-11 00:35:00+03:00,116301.04,114835.22,1465.82,1.28,-1
2025-07-11 00:40:00+03:00,116300.0,115111.5,1188.5,1.03,-1
2025-07-11 00:45:00+03:00,116553.9,115417.57,1136.33,0.98,-1
2025-07-11 00:50:00+03:00,116524.0,115709.73,814.27,0.7,-1
2025-07-11 00:55:00+03:00,116490.52,115997.55,492.97,0.42,-1
2025-07-11 01:00:00+03:00,116253.1,116256.12,-3.02,-0.0,0
2025-07-11 01:05:00+03:00,116335.44,116270.14,65.3,0.06,0
2025-07-11 01:10:00+03:00,116108.61,116278.97,-170.36,-0.15,0
2025-07-11 01:15:00+03:00,116227.99,116329.02,-101.03,-0.09,0
2025-07-11 01:20:00+03:00,115953.16,116304.78,-351.62,-0.3,1
2025-07-11 01:25:00+03:00,115925.52,116267.22,-341.7,-0.29,1
2025-07-11 01:30:00+03:00,115885.39,116225.76,-340.37,-0.29,1
2025-07-11 01:35:00+03:00,115829.28,116153.3,-324.02,-0.28,1
2025-07-11 01:40:00+03:00,115962.95,116097.2,-134.25,-0.12,0
2025-07-11 01:45:00+03:00,116103.15,116058.46,44.69,0.04,0
2025-07-11 01:50:00+03:00,116100.64,116043.21,57.43,0.05,0
2025-07-11 01:55:00+03:00,116008.38,116010.51,-2.13,-0.0,0
2025-07-11 02:00:00+03:00,115946.94,115994.34,-47.4,-0.04,0
2025-07-11 02:05:00+03:00,116044.99,115976.04,68.95,0.06,0
2025-07-11 02:10:00+03:00,116008.5,115981.57,26.93,0.02,0
2025-07-11 02:15:00+03:00,115929.71,115981.99,-52.28,-0.05,0
2025-07-11 02:20:00+03:00,115836.73,115977.13,-140.4,-0.12,0
2025-07-11 02:25:00+03:00,115788.01,115973.0,-184.99,-0.16,0
2025-07-11 02:30:00+03:00,115657.76,115942.48,-284.72,-0.25,1
2025-07-11 02:35:00+03:00,115680.99,115900.27,-219.28,-0.19,0
2025-07-11 02:40:00+03:00,115786.12,115868.81,-82.69,-0.07,0
2025-07-11 02:45:00+03:00,115863.49,115854.32,9.17,0.01,0
2025-07-11 02:50:00+03:00,116010.0,115860.63,149.37,0.13,0
2025-07-11 02:55:00+03:00,116010.0,115857.13,152.87,0.13,0
2025-07-11 03:00:00+03:00,116020.01,115858.28,161.73,0.14,0
2025-07-11 03:05:00+03:00,116092.59,115874.57,218.02,0.19,0
2025-07-11 03:10:00+03:00,115890.46,115879.94,10.52,0.01,0
2025-07-11 03:15:00+03:00,115489.57,115850.1,-360.53,-0.31,1
2025-07-11 03:20:00+03:00,115316.08,115815.93,-499.85,-0.43,1
2025-07-11 03:25:00+03:00,115500.01,115797.83,-297.82,-0.26,1
2025-07-11 03:30:00+03:00,115567.03,115775.92,-208.89,-0.18,0
2025-07-11 03:35:00+03:00,115677.86,115757.36,-79.5,-0.07,0
2025-07-11 03:40:00+03:00,115444.84,115700.84,-256.01,-0.22,1
2025-07-11 03:45:00+03:00,115568.02,115656.65,-88.63,-0.08,0
2025-07-11 03:50:00+03:00,115518.14,115606.46,-88.32,-0.08,0
2025-07-11 03:55:00+03:00,115590.63,115556.26,34.37,0.03,0
2025-07-11 04:00:00+03:00,115574.02,115524.62,49.4,0.04,0
2025-07-11 04:05:00+03:00,115641.97,115539.86,102.11,0.09,0
2025-07-11 04:10:00+03:00,115656.01,115573.85,82.16,0.07,0
2025-07-11 04:15:00+03:00,115765.09,115600.36,164.73,0.14,0
2025-07-11 04:20:00+03:00,115951.81,115638.84,312.97,0.27,-1
2025-07-11 04:25:00+03:00,115945.46,115665.6,279.86,0.24,-1
2025-07-11 04:30:00+03:00,115924.86,115713.6,211.26,0.18,0
2025-07-11 04:35:00+03:00,115938.53,115750.65,187.88,0.16,0
2025-07-11 04:40:00+03:00,115993.72,115798.21,195.51,0.17,0
2025-07-11 04:45:00+03:00,116057.4,115844.89,212.51,0.18,0
2025-07-11 04:50:00+03:00,115878.45,115875.33,3.12,0.0,0
2025-07-11 04:55:00+03:00,115967.57,115907.89,59.68,0.05,0
2025-07-11 05:00:00+03:00,115869.86,115929.28,-59.41,-0.05,0
2025-07-11 05:05:00+03:00,115709.28,115923.69,-214.41,-0.18,0
2025-07-11 05:10:00+03:00,115976.45,115926.16,50.29,0.04,0
2025-07-11 05:15:00+03:00,116196.86,115951.3,245.56,0.21,-1
2025-07-11 05:20:00+03:00,116199.99,115978.81,221.18,0.19,0
2025-07-11 05:25:00+03:00,116279.99,116012.96,267.03,0.23,-1
2025-07-11 05:30:00+03:00,116346.99,116048.28,298.71,0.26,-1
2025-07-11 05:35:00+03:00,116463.49,116088.89,374.6,0.32,-1
2025-07-11 05:40:00+03:00,116490.01,116150.05,339.96,0.29,-1
2025-07-11 05:45:00+03:00,116594.31,116212.72,381.59,0.33,-1
2025-07-11 05:50:00+03:00,116761.08,116301.84,459.24,0.39,-1
2025-07-11 05:55:00+03:00,116672.57,116398.17,274.4,0.24,-1
2025-07-11 06:00:00+03:00,116579.88,116458.52,121.36,0.1,0
2025-07-11 06:05:00+03:00,116593.82,116498.21,95.61,0.08,0
2025-07-11 06:10:00+03:00,116487.76,116526.99,-39.23,-0.03,0
2025-07-11 06:15:00+03:00,116534.18,116552.41,-18.23,-0.02,0
2025-07-11 06:20:00+03:00,116523.75,116570.08,-46.34,-0.04,0
2025-07-11 06:25:00+03:00,116525.29,116576.26,-50.97,-0.04,0
2025-07-11 06:30:00+03:00,116525.62,116579.83,-54.21,-0.05,0
2025-07-11 06:35:00+03:00,116473.39,116567.73,-94.34,-0.08,0
2025-07-11 06:40:00+03:00,116579.99,116549.62,30.37,0.03,0
2025-07-11 06:45:00+03:00,116745.67,116556.94,188.73,0.16,0
2025-07-11 06:50:00+03:00,116768.94,116575.84,193.1,0.17,0
2025-07-11 06:55:00+03:00,116881.7,116604.63,277.07,0.24,-1
2025-07-11 07:00:00+03:00,116737.04,116629.56,107.48,0.09,0
2025-07-11 07:05:00+03:00,116642.79,116640.42,2.37,0.0,0
2025-07-11 07:10:00+03:00,116637.37,116651.78,-14.41,-0.01,0
2025-07-11 07:15:00+03:00,116619.96,116661.25,-41.29,-0.04,0
2025-07-11 07:20:00+03:00,116591.19,116667.8,-76.61,-0.07,0
2025-07-11 07:25:00+03:00,116553.53,116675.82,-122.29,-0.1,0
2025-07-11 07:30:00+03:00,116514.37,116669.26,-154.89,-0.13,0
2025-07-11 07:35:00+03:00,116520.34,116646.72,-126.38,-0.11,0
2025-07-11 07:40:00+03:00,116653.99,116635.23,18.76,0.02,0
2025-07-11 07:45:00+03:00,116834.5,116630.51,203.99,0.17,0
2025-07-11 07:50:00+03:00,116888.06,116645.61,242.45,0.21,-1
2025-07-11 07:55:00+03:00,116918.16,116673.15,245.01,0.21,-1
2025-07-11 08:00:00+03:00,116966.93,116706.1,260.83,0.22,-1
2025-07-11 08:05:00+03:00,117276.0,116771.71,504.29,0.43,-1
2025-07-11 08:10:00+03:00,117206.41,116833.23,373.18,0.32,-1
2025-07-11 08:15:00+03:00,117200.01,116897.88,302.13,0.26,-1
2025-07-11 08:20:00+03:00,117297.08,116976.15,320.93,0.27,-1
2025-07-11 08:25:00+03:00,117493.81,117073.5,420.32,0.36,-1
2025-07-11 08:30:00+03:00,117826.9,117190.79,636.11,0.54,-1
2025-07-11 08:35:00+03:00,117848.16,117292.15,556.01,0.47,-1
2025-07-11 08:40:00+03:00,117968.76,117400.22,568.54,0.48,-1
2025-07-11 08:45:00+03:00,118301.9,117538.6,763.3,0.65,-1
2025-07-11 08:50:00+03:00,118212.6,117663.16,549.44,0.47,-1
2025-07-11 08:55:00+03:00,117860.37,117721.6,138.77,0.12,0
2025-07-11 09:00:00+03:00,118016.78,117802.64,214.14,0.18,0
2025-07-11 09:05:00+03:00,118305.79,117913.22,392.57,0.33,-1
2025-07-11 09:10:00+03:00,118030.36,117986.54,43.82,0.04,0
2025-07-11 09:15:00+03:00,118150.0,118052.16,97.84,0.08,0
2025-07-11 09:20:00+03:00,118240.0,118093.47,146.53,0.12,0
2025-07-11 09:25:00+03:00,118140.91,118122.75,18.16,0.02,0
2025-07-11 09:30:00+03:00,118093.46,118135.22,-41.76,-0.04,0
2025-07-11 09:35:00+03:00,117982.57,118103.28,-120.71,-0.1,0
2025-07-11 09:40:00+03:00,117969.0,118078.92,-109.92,-0.09,0
2025-07-11 09:45:00+03:00,117848.03,118077.69,-229.66,-0.19,0
2025-07-11 09:50:00+03:00,117725.89,118048.6,-322.71,-0.27,1
2025-07-11 09:55:00+03:00,117648.33,117982.86,-334.53,-0.28,1
2025-07-11 10:00:00+03:00,117539.73,117933.79,-394.06,-0.33,1
2025-07-11 10:05:00+03:00,117483.99,117867.19,-383.2,-0.33,1
2025-07-11 10:10:00+03:00,117476.06,117790.8,-314.74,-0.27,1
2025-07-11 10:15:00+03:00,117614.88,117738.19,-123.31,-0.1,0
2025-07-11 10:20:00+03:00,117749.44,117703.79,45.65,0.04,0
2025-07-11 10:25:00+03:00,117876.9,117693.22,183.67,0.16,0
2025-07-11 10:30:00+03:00,117866.32,117682.96,183.36,0.16,0
2025-07-11 10:35:00+03:00,118003.29,117698.48,304.81,0.26,-1
2025-07-11 10:40:00+03:00,117956.66,117721.56,235.1,0.2,0
2025-07-11 10:45:00+03:00,117860.2,117742.75,117.45,0.1,0
2025-07-11 10:50:00+03:00,117722.61,117761.03,-38.42,-0.03,0
2025-07-11 10:55:00+03:00,117526.88,117765.32,-238.44,-0.2,1
2025-07-11 11:00:00+03:00,117632.15,117780.93,-148.78,-0.13,0
2025-07-11 11:05:00+03:00,117687.22,117788.17,-100.95,-0.09,0
2025-07-11 11:10:00+03:00,117790.85,117792.31,-1.46,-0.0,0
2025-07-11 11:15:00+03:00,117900.0,117794.62,105.38,0.09,0
2025-07-11 11:20:00+03:00,117944.5,117802.44,142.06,0.12,0
2025-07-11 11:25:00+03:00,117985.31,117800.64,184.67,0.16,0
2025-07-11 11:30:00+03:00,118009.62,117805.93,203.69,0.17,0
2025-07-11 11:35:00+03:00,117942.01,117814.12,127.9,0.11,0
2025-07-11 11:40:00+03:00,117999.98,117841.85,158.13,0.13,0
2025-07-11 11:45:00+03:00,117980.94,117887.26,93.68,0.08,0
2025-07-11 11:50:00+03:00,117994.92,117923.54,71.38,0.06,0
2025-07-11 11:55:00+03:00,117964.76,117951.29,13.47,0.01,0
2025-07-11 12:00:00+03:00,117926.29,117964.83,-38.54,-0.03,0
2025-07-11 12:05:00+03:00,117987.98,117973.63,14.35,0.01,0
2025-07-11 12:10:00+03:00,118033.16,117982.5,50.66,0.04,0
2025-07-11 12:15:00+03:00,118134.46,117997.41,137.05,0.12,0
2025-07-11 12:20:00+03:00,118173.46,118013.8,159.66,0.14,0
2025-07-11 12:25:00+03:00,118170.45,118036.64,133.81,0.11,0
2025-07-11 12:30:00+03:00,118420.01,118078.64,341.37,0.29,-1
2025-07-11 12:35:00+03:00,118783.94,118158.94,625.0,0.53,-1
2025-07-11 12:40:00+03:00,118583.87,118217.84,366.03,0.31,-1
2025-07-11 12:45:00+03:00,118712.0,118292.56,419.44,0.35,-1
2025-07-11 12:50:00+03:00,118467.81,118346.71,121.1,0.1,0
2025-07-11 12:55:00+03:00,118470.34,118394.95,75.39,0.06,0
2025-07-11 13:00:00+03:00,118374.15,118429.05,-54.9,-0.05,0
2025-07-11 13:05:00+03:00,118306.37,118446.24,-139.87,-0.12,0
2025-07-11 13:10:00+03:00,118120.39,118440.93,-320.54,-0.27,1
2025-07-11 13:15:00+03:00,118065.9,118430.48,-364.58,-0.31,1
2025-07-11 13:20:00+03:00,118297.8,118418.26,-120.46,-0.1,0
2025-07-11 13:25:00+03:00,118228.54,118362.72,-134.18,-0.11,0
2025-07-11 13:30:00+03:00,118160.01,118320.33,-160.32,-0.14,0
2025-07-11 13:35:00+03:00,118056.7,118254.8,-198.1,-0.17,0
2025-07-11 13:40:00+03:00,118083.33,118216.35,-133.02,-0.11,0
2025-07-11 13:45:00+03:00,118117.79,118181.1,-63.31,-0.05,0
2025-07-11 13:50:00+03:00,118093.63,118153.05,-59.42,-0.05,0
2025-07-11 13:55:00+03:00,117983.78,118120.79,-137.01,-0.12,0
2025-07-11 14:00:00+03:00,118107.6,118119.51,-11.91,-0.01,0
2025-07-11 14:05:00+03:00,118000.0,118112.92,-112.92,-0.1,0
2025-07-11 14:10:00+03:00,117727.88,118055.93,-328.05,-0.28,1
2025-07-11 14:15:00+03:00,117647.57,117997.83,-350.26,-0.3,1
2025-07-11 14:20:00+03:00,117653.81,117947.21,-293.4,-0.25,1
2025-07-11 14:25:00+03:00,117684.22,117909.96,-225.74,-0.19,0
2025-07-11 14:30:00+03:00,117737.99,117875.43,-137.44,-0.12,0
2025-07-11 14:35:00+03:00,117784.34,117842.08,-57.74,-0.05,0
2025-07-11 14:40:00+03:00,117763.01,117809.02,-46.01,-0.04,0
2025-07-11 14:45:00+03:00,117705.57,117781.2,-75.63,-0.06,0
2025-07-11 14:50:00+03:00,117945.31,117764.97,180.34,0.15,0
2025-07-11 14:55:00+03:00,117821.91,117747.16,74.75,0.06,0
2025-07-11 15:00:00+03:00,117980.5,117772.42,208.08,0.18,0
2025-07-11 15:05:00+03:00,118035.4,117811.21,224.19,0.19,0
2025-07-11 15:10:00+03:00,118235.01,117869.33,365.68,0.31,-1
2025-07-11 15:15:00+03:00,118060.21,117906.92,153.29,0.13,0
2025-07-11 15:20:00+03:00,117898.85,117923.01,-24.16,-0.02,0
2025-07-11 15:25:00+03:00,117751.03,117919.68,-168.65,-0.14,0
2025-07-11 15:30:00+03:00,117870.16,117930.4,-60.24,-0.05,0
2025-07-11 15:35:00+03:00,117819.76,117941.81,-122.05,-0.1,0
2025-07-11 15:40:00+03:00,117762.86,117923.57,-160.71,-0.14,0
2025-07-11 15:45:00+03:00,117752.01,117916.58,-164.57,-0.14,0
2025-07-11 15:50:00+03:00,117790.66,117897.6,-106.93,-0.09,0
2025-07-11 15:55:00+03:00,117878.11,117881.87,-3.76,-0.0,0
2025-07-11 16:00:00+03:00,117955.22,117853.89,101.33,0.09,0
2025-07-11 16:05:00+03:00,117800.28,117827.89,-27.61,-0.02,0
2025-07-11 16:10:00+03:00,117791.99,117817.21,-25.22,-0.02,0
2025-07-11 16:15:00+03:00,117700.1,117812.12,-112.02,-0.1,0
2025-07-11 16:20:00+03:00,117794.44,117804.54,-10.1,-0.01,0
2025-07-11 16:25:00+03:00,117651.34,117787.7,-136.36,-0.12,0
2025-07-11 16:30:00+03:00,117396.0,117751.01,-355.01,-0.3,1
2025-07-11 16:35:00+03:00,117634.45,117739.26,-104.81,-0.09,0
2025-07-11 16:40:00+03:00,117451.0,117705.29,-254.29,-0.22,1
2025-07-11 16:45:00+03:00,117731.61,117690.64,40.97,0.03,0
2025-07-11 16:50:00+03:00,117740.86,117669.21,71.65,0.06,0
2025-07-11 16:55:00+03:00,117989.18,117688.1,301.08,0.26,-1
2025-07-11 17:00:00+03:00,117951.21,117704.02,247.19,0.21,-1
2025-07-11 17:05:00+03:00,117839.39,117717.95,121.44,0.1,0
2025-07-11 17:10:00+03:00,117956.0,117734.1,221.9,0.19,0
2025-07-11 17:15:00+03:00,117797.66,117748.74,48.92,0.04,0
2025-07-11 17:20:00+03:00,117892.1,117798.35,93.75,0.08,0
2025-07-11 17:25:00+03:00,117925.27,117827.43,97.84,0.08,0
2025-07-11 17:30:00+03:00,118082.45,117890.57,191.88,0.16,0
2025-07-11 17:35:00+03:00,117994.58,117916.87,77.71,0.07,0
2025-07-11 17:40:00+03:00,118028.6,117945.64,82.96,0.07,0
2025-07-11 17:45:00+03:00,118011.99,117947.92,64.07,0.05,0
2025-07-11 17:50:00+03:00,117619.99,117914.8,-294.81,-0.25,1
2025-07-11 17:55:00+03:00,117858.16,117916.68,-58.52,-0.05,0
2025-07-11 18:00:00+03:00,117882.4,117909.32,-26.92,-0.02,0
2025-07-11 18:05:00+03:00,117836.0,117913.15,-77.15,-0.07,0
2025-07-11 18:10:00+03:00,117644.22,117888.37,-244.15,-0.21,1
2025-07-11 18:15:00+03:00,117761.51,117871.99,-110.48,-0.09,0
2025-07-11 18:20:00+03:00,117708.43,117834.59,-126.16,-0.11,0
2025-07-11 18:25:00+03:00,117759.99,117811.13,-51.14,-0.04,0
2025-07-11 18:30:00+03:00,117426.54,117750.92,-324.38,-0.28,1
2025-07-11 18:35:00+03:00,117514.59,117701.18,-186.59,-0.16,0
2025-07-11 18:40:00+03:00,117420.0,117681.18,-261.18,-0.22,1
2025-07-11 18:45:00+03:00,117187.25,117614.09,-426.84,-0.36,1
2025-07-11 18:50:00+03:00,116915.99,117517.45,-601.46,-0.51,1
2025-07-11 18:55:00+03:00,116902.59,117424.11,-521.52,-0.44,1
2025-07-11 19:00:00+03:00,116944.95,117354.18,-409.23,-0.35,1
2025-07-11 19:05:00+03:00,116736.0,117251.63,-515.63,-0.44,1
2025-07-11 19:10:00+03:00,116831.38,117163.93,-332.55,-0.28,1
2025-07-11 19:15:00+03:00,116679.05,117055.83,-376.78,-0.32,1
2025-07-11 19:20:00+03:00,117195.1,117032.69,162.41,0.14,0
2025-07-11 19:25:00+03:00,117261.07,117007.34,253.73,0.22,-1
2025-07-11 19:30:00+03:00,117328.52,116998.19,330.33,0.28,-1
2025-07-11 19:35:00+03:00,117391.74,117018.64,373.1,0.32,-1
2025-07-11 19:40:00+03:00,117302.79,117057.32,245.47,0.21,-1
2025-07-11 19:45:00+03:00,117214.07,117088.47,125.6,0.11,0
2025-07-11 19:50:00+03:00,117398.0,117133.77,264.23,0.23,-1
2025-07-11 19:55:00+03:00,117393.39,117199.51,193.88,0.17,0
2025-07-11 20:00:00+03:00,117465.51,117262.92,202.59,0.17,0
2025-07-11 20:05:00+03:00,117688.01,117363.82,324.19,0.28,-1
2025-07-11 20:10:00+03:00,117484.01,117392.71,91.3,0.08,0
2025-07-11 20:15:00+03:00,117574.97,117424.1,150.87,0.13,0
2025-07-11 20:20:00+03:00,117453.02,117436.55,16.47,0.01,0
2025-07-11 20:25:00+03:00,117514.61,117448.84,65.77,0.06,0
2025-07-11 20:30:00+03:00,117420.01,117460.56,-40.55,-0.03,0
2025-07-11 20:35:00+03:00,117320.01,117471.15,-151.14,-0.13,0
2025-07-11 20:40:00+03:00,117405.19,117471.87,-66.68,-0.06,0
2025-07-11 20:45:00+03:00,117521.94,117484.73,37.21,0.03,0
2025-07-11 20:50:00+03:00,117607.84,117498.96,108.88,0.09,0
2025-07-11 20:55:00+03:00,117640.0,117494.16,145.84,0.12,0
2025-07-11 21:00:00+03:00,117634.58,117509.22,125.36,0.11,0
2025-07-11 21:05:00+03:00,117540.21,117505.74,34.47,0.03,0
2025-07-11 21:10:00+03:00,117566.89,117517.13,49.76,0.04,0
2025-07-11 21:15:00+03:00,117500.0,117515.67,-15.67,-0.01,0
2025-07-11 21:20:00+03:00,117583.14,117531.98,51.16,0.04,0
2025-07-11 21:25:00+03:00,117330.54,117533.03,-202.49,-0.17,0
2025-07-11 21:30:00+03:00,117511.24,117543.64,-32.4,-0.03,0
2025-07-11 21:35:00+03:00,117480.0,117539.44,-59.44,-0.05,0
2025-07-11 21:40:00+03:00,117624.11,117541.07,83.04,0.07,0
2025-07-11 21:45:00+03:00,117533.77,117530.45,3.32,0.0,0
2025-07-11 21:50:00+03:00,117687.22,117535.71,151.51,0.13,0
2025-07-11 21:55:00+03:00,117694.01,117551.09,142.92,0.12,0
2025-07-11 22:00:00+03:00,117556.79,117550.08,6.71,0.01,0
2025-07-11 22:05:00+03:00,117612.12,117561.29,50.83,0.04,0
2025-07-11 22:10:00+03:00,117739.5,117576.93,162.57,0.14,0
2025-07-11 22:15:00+03:00,117979.78,117641.85,337.93,0.29,-1
2025-07-11 22:20:00+03:00,118076.78,117698.41,378.37,0.32,-1
2025-07-11 22:25:00+03:00,117904.57,117740.87,163.7,0.14,0
2025-07-11 22:30:00+03:00,117869.9,117765.44,104.46,0.09,0
2025-07-11 22:35:00+03:00,117891.77,117801.24,90.53,0.08,0
2025-07-11 22:40:00+03:00,117848.51,117817.37,31.14,0.03,0
2025-07-11 22:45:00+03:00,117886.11,117836.58,49.53,0.04,0
2025-07-11 22:50:00+03:00,117969.95,117877.9,92.05,0.08,0
2025-07-11 22:55:00+03:00,118108.81,117927.57,181.24,0.15,0
2025-07-11 23:00:00+03:00,117851.13,117938.73,-87.6,-0.07,0
2025-07-11 23:05:00+03:00,117906.09,117931.36,-25.27,-0.02,0
2025-07-11 23:10:00+03:00,117956.01,117919.28,36.72,0.03,0
2025-07-11 23:15:00+03:00,117951.22,117923.95,27.27,0.02,0
2025-07-11 23:20:00+03:00,117922.28,117929.19,-6.91,-0.01,0
2025-07-11 23:25:00+03:00,117923.99,117932.41,-8.42,-0.01,0
2025-07-11 23:30:00+03:00,117763.2,117923.88,-160.68,-0.14,0
2025-07-11 23:35:00+03:00,117853.03,117920.57,-67.54,-0.06,0
2025-07-11 23:40:00+03:00,117827.51,117906.33,-78.82,-0.07,0
2025-07-11 23:45:00+03:00,117884.06,117883.85,0.21,0.0,0
2025-07-11 23:50:00+03:00,117847.66,117883.5,-35.85,-0.03,0
2025-07-11 23:55:00+03:00,117664.46,117859.34,-194.88,-0.17,0
2025-07-12 00:00:00+03:00,117692.52,117832.99,-140.47,-0.12,0
2025-07-12 00:05:00+03:00,117575.67,117795.44,-219.77,-0.19,0
2025-07-12 00:10:00+03:00,117640.6,117767.27,-126.67,-0.11,0
2025-07-12 00:15:00+03:00,117679.96,117742.87,-62.91,-0.05,0
2025-07-12 00:20:00+03:00,117880.0,117754.55,125.45,0.11,0
2025-07-12 00:25:00+03:00,117846.46,117753.89,92.57,0.08,0
2025-07-12 00:30:00+03:00,117791.5,117750.29,41.21,0.03,0
2025-07-12 00:35:00+03:00,117543.79,117716.26,-172.47,-0.15,0
2025-07-12 00:40:00+03:00,117480.01,117679.5,-199.49,-0.17,0
2025-07-12 00:45:00+03:00,117664.83,117679.53,-14.7,-0.01,0
2025-07-12 00:50:00+03:00,117482.9,117658.57,-175.67,-0.15,0
2025-07-12 00:55:00+03:00,117619.99,117663.0,-43.01,-0.04,0
2025-07-12 01:00:00+03:00,117636.85,117662.63,-25.78,-0.02,0
2025-07-12 01:05:00+03:00,117572.0,117651.83,-79.83,-0.07,0
2025-07-12 01:10:00+03:00,117500.01,117613.83,-113.82,-0.1,0
2025-07-12 01:15:00+03:00,117545.15,117583.7,-38.55,-0.03,0
2025-07-12 01:20:00+03:00,117400.0,117544.55,-144.55,-0.12,0
2025-07-12 01:25:00+03:00,117270.26,117517.2,-246.94,-0.21,1
2025-07-12 01:30:00+03:00,117661.76,117535.38,126.38,0.11,0
2025-07-12 01:35:00+03:00,117374.0,117506.29,-132.29,-0.11,0
2025-07-12 01:40:00+03:00,117402.62,117498.26,-95.64,-0.08,0
2025-07-12 01:45:00+03:00,117456.21,117481.89,-25.68,-0.02,0
2025-07-12 01:50:00+03:00,117472.9,117465.49,7.41,0.01,0
2025-07-12 01:55:00+03:00,117615.89,117469.88,146.01,0.12,0
2025-07-12 02:00:00+03:00,117655.93,117485.47,170.46,0.15,0
2025-07-12 02:05:00+03:00,117649.53,117495.91,153.62,0.13,0
2025-07-12 02:10:00+03:00,117665.44,117522.45,142.99,0.12,0
2025-07-12 02:15:00+03:00,117654.69,117560.9,93.79,0.08,0
2025-07-12 02:20:00+03:00,117620.91,117556.81,64.1,0.05,0
2025-07-12 02:25:00+03:00,117625.79,117581.99,43.8,0.04,0
2025-07-12 02:30:00+03:00,117536.38,117595.37,-58.99,-0.05,0
2025-07-12 02:35:00+03:00,117612.18,117610.96,1.22,0.0,0
2025-07-12 02:40:00+03:00,117577.57,117621.43,-43.86,-0.04,0
2025-07-12 02:45:00+03:00,117522.27,117612.07,-89.8,-0.08,0
2025-07-12 02:50:00+03:00,117499.01,117596.38,-97.37,-0.08,0
2025-07-12 02:55:00+03:00,117527.66,117584.19,-56.53,-0.05,0
2025-07-12 03:00:00+03:00,117538.39,117571.48,-33.09,-0.03,0
2025-07-12 03:05:00+03:00,117515.74,117557.59,-41.85,-0.04,0
2025-07-12 03:10:00+03:00,117547.17,117550.22,-3.05,-0.0,0
2025-07-12 03:15:00+03:00,117489.22,117536.56,-47.34,-0.04,0
2025-07-12 03:20:00+03:00,117488.9,117531.81,-42.91,-0.04,0
2025-07-12 03:25:00+03:00,117521.09,117522.7,-1.61,-0.0,0
2025-07-12 03:30:00+03:00,117448.9,117509.84,-60.93,-0.05,0
2025-07-12 03:35:00+03:00,117263.99,117484.01,-220.02,-0.19,0
2025-07-12 03:40:00+03:00,117243.07,117458.41,-215.34,-0.18,0
2025-07-12 03:45:00+03:00,117299.99,117435.65,-135.66,-0.12,0
2025-07-12 03:50:00+03:00,117337.39,117415.55,-78.16,-0.07,0
2025-07-12 03:55:00+03:00,117407.99,117404.77,3.22,0.0,0
2025-07-12 04:00:00+03:00,117554.99,117405.55,149.44,0.13,0
2025-07-12 04:05:00+03:00,117645.63,117421.19,224.44,0.19,0
2025-07-12 04:10:00+03:00,117604.29,117432.73,171.56,0.15,0
2025-07-12 04:15:00+03:00,117674.98,117448.12,226.86,0.19,0
2025-07-12 04:20:00+03:00,117611.75,117464.41,147.34,0.13,0
2025-07-12 04:25:00+03:00,117688.43,117506.85,181.58,0.15,0
2025-07-12 04:30:00+03:00,117648.54,117547.4,101.14,0.09,0
2025-07-12 04:35:00+03:00,117564.57,117573.86,-9.29,-0.01,0
2025-07-12 04:40:00+03:00,117604.73,117600.59,4.14,0.0,0
2025-07-12 04:45:00+03:00,117610.33,117620.82,-10.49,-0.01,0
2025-07-12 04:50:00+03:00,117647.98,117630.12,17.86,0.02,0
2025-07-12 04:55:00+03:00,117644.81,117630.04,14.77,0.01,0
2025-07-12 05:00:00+03:00,117632.18,117632.83,-0.65,-0.0,0
2025-07-12 05:05:00+03:00,117646.37,117629.97,16.4,0.01,0
2025-07-12 05:10:00+03:00,117656.01,117634.39,21.62,0.02,0
2025-07-12 05:15:00+03:00,117730.09,117638.56,91.53,0.08,0
2025-07-12 05:20:00+03:00,117744.09,117648.12,95.97,0.08,0
2025-07-12 05:25:00+03:00,117744.1,117666.07,78.03,0.07,0
2025-07-12 05:30:00+03:00,117730.09,117678.61,51.48,0.04,0
2025-07-12 05:35:00+03:00,117703.41,117687.91,15.5,0.01,0
2025-07-12 05:40:00+03:00,117684.23,117691.54,-7.31,-0.01,0
2025-07-12 05:45:00+03:00,117658.97,117692.95,-33.98,-0.03,0
2025-07-12 05:50:00+03:00,117557.13,117685.45,-128.32,-0.11,0
2025-07-12 05:55:00+03:00,117599.99,117680.81,-80.82,-0.07,0
2025-07-12 06:00:00+03:00,117620.0,117677.21,-57.21,-0.05,0
2025-07-12 06:05:00+03:00,117720.7,117676.27,44.43,0.04,0
2025-07-12 06:10:00+03:00,117796.43,117681.5,114.92,0.1,0
2025-07-12 06:15:00+03:00,117820.0,117689.1,130.9,0.11,0
2025-07-12 06:20:00+03:00,117821.23,117698.21,123.02,0.1,0
2025-07-12 06:25:00+03:00,117837.37,117711.61,125.76,0.11,0
2025-07-12 06:30:00+03:00,117793.28,117722.51,70.77,0.06,0
2025-07-12 06:35:00+03:00,117730.21,117729.63,0.58,0.0,0
2025-07-12 06:40:00+03:00,117715.02,117745.42,-30.4,-0.03,0
2025-07-12 06:45:00+03:00,117675.99,117753.02,-77.03,-0.07,0
2025-07-12 06:50:00+03:00,117676.0,117758.62,-82.62,-0.07,0
2025-07-12 06:55:00+03:00,117774.42,117764.0,10.43,0.01,0
2025-07-12 07:00:00+03:00,117876.57,117772.01,104.56,0.09,0
2025-07-12 07:05:00+03:00,117793.22,117769.33,23.89,0.02,0
2025-07-12 07:10:00+03:00,117813.79,117768.59,45.2,0.04,0
2025-07-12 07:15:00+03:00,117743.0,117759.15,-16.15,-0.01,0
2025-07-12 07:20:00+03:00,117803.9,117760.21,43.69,0.04,0
2025-07-12 07:25:00+03:00,117849.99,117772.19,77.8,0.07,0
2025-07-12 07:30:00+03:00,117782.94,117778.98,3.96,0.0,0
2025-07-12 07:35:00+03:00,117755.29,117786.91,-31.62,-0.03,0
2025-07-12 07:40:00+03:00,117719.24,117791.24,-72.0,-0.06,0
2025-07-12 07:45:00+03:00,117686.41,117782.44,-96.03,-0.08,0
2025-07-12 07:50:00+03:00,117681.4,117762.92,-81.52,-0.07,0
2025-07-12 07:55:00+03:00,117646.44,117748.24,-101.8,-0.09,0
2025-07-12 08:00:00+03:00,117608.0,117727.66,-119.66,-0.1,0
2025-07-12 08:05:00+03:00,117547.34,117708.1,-160.76,-0.14,0
2025-07-12 08:10:00+03:00,117540.17,117681.72,-141.55,-0.12,0
2025-07-12 08:15:00+03:00,117575.1,117654.23,-79.13,-0.07,0
2025-07-12 08:20:00+03:00,117570.54,117632.99,-62.45,-0.05,0
2025-07-12 08:25:00+03:00,117621.06,117619.57,1.49,0.0,0
2025-07-12 08:30:00+03:00,117650.35,117612.68,37.67,0.03,0
2025-07-12 08:35:00+03:00,117678.71,117611.91,66.8,0.06,0
2025-07-12 08:40:00+03:00,117629.63,117606.73,22.9,0.02,0
2025-07-12 08:45:00+03:00,117614.88,117603.58,11.3,0.01,0
2025-07-12 08:50:00+03:00,117694.7,117612.25,82.45,0.07,0
2025-07-12 08:55:00+03:00,117689.68,117626.48,63.2,0.05,0
2025-07-12 09:00:00+03:00,117727.87,117645.25,82.62,0.07,0
2025-07-12 09:05:00+03:00,117719.99,117659.74,60.25,0.05,0
2025-07-12 09:10:00+03:00,117716.26,117674.31,41.95,0.04,0
2025-07-12 09:15:00+03:00,117741.22,117686.33,54.89,0.05,0
2025-07-12 09:20:00+03:00,117821.63,117703.46,118.17,0.1,0
2025-07-12 09:25:00+03:00,117910.0,117726.59,183.41,0.16,0
2025-07-12 09:30:00+03:00,117961.09,117759.73,201.36,0.17,0
2025-07-12 09:35:00+03:00,117974.99,117795.74,179.25,0.15,0
2025-07-12 09:40:00+03:00,117948.35,117821.11,127.24,0.11,0
2025-07-12 09:45:00+03:00,117886.28,117840.77,45.51,0.04,0
2025-07-12 09:50:00+03:00,117913.05,117859.29,53.76,0.05,0
2025-07-12 09:55:00+03:00,117847.66,117872.05,-24.39,-0.02,0
2025-07-12 10:00:00+03:00,117864.28,117886.86,-22.58,-0.02,0
2025-07-12 10:05:00+03:00,117889.5,117901.68,-12.18,-0.01,0
2025-07-12 10:10:00+03:00,117964.01,117915.92,48.09,0.04,0
2025-07-12 10:15:00+03:00,117970.09,117921.93,48.16,0.04,0
2025-07-12 10:20:00+03:00,117935.88,117919.41,16.47,0.01,0
2025-07-12 10:25:00+03:00,117939.51,117915.86,23.65,0.02,0
2025-07-12 10:30:00+03:00,117822.72,117903.3,-80.58,-0.07,0
2025-07-12 10:35:00+03:00,117756.43,117890.31,-133.88,-0.11,0
2025-07-12 10:40:00+03:00,117733.48,117872.36,-138.88,-0.12,0
2025-07-12 10:45:00+03:00,117692.2,117856.81,-164.61,-0.14,0
2025-07-12 10:50:00+03:00,117684.25,117838.81,-154.56,-0.13,0
2025-07-12 10:55:00+03:00,117731.99,117823.06,-91.07,-0.08,0
2025-07-12 11:00:00+03:00,117830.07,117809.66,20.41,0.02,0
2025-07-12 11:05:00+03:00,117804.41,117793.09,11.32,0.01,0
2025-07-12 11:10:00+03:00,117830.07,117782.51,47.56,0.04,0
2025-07-12 11:15:00+03:00,117867.99,117775.36,92.63,0.08,0
2025-07-12 11:20:00+03:00,117867.7,117779.86,87.84,0.07,0
2025-07-12 11:25:00+03:00,117855.9,117789.81,66.09,0.06,0
2025-07-12 11:30:00+03:00,117830.5,117799.51,30.99,0.03,0
2025-07-12 11:35:00+03:00,117814.02,117811.69,2.33,0.0,0
2025-07-12 11:40:00+03:00,117808.85,117824.15,-15.3,-0.01,0
2025-07-12 11:45:00+03:00,117765.91,117827.54,-61.63,-0.05,0
2025-07-12 11:50:00+03:00,117801.76,117824.71,-22.95,-0.02,0
2025-07-12 11:55:00+03:00,117929.65,117837.24,92.41,0.08,0
2025-07-12 12:00:00+03:00,117905.79,117844.81,60.98,0.05,0
2025-07-12 12:05:00+03:00,117890.79,117847.09,43.7,0.04,0
2025-07-12 12:10:00+03:00,117888.71,117849.19,39.52,0.03,0
2025-07-12 12:15:00+03:00,117973.49,117860.95,112.54,0.1,0
2025-07-12 12:20:00+03:00,118032.32,117881.13,151.19,0.13,0
2025-07-12 12:25:00+03:00,117980.0,117897.73,82.27,0.07,0
2025-07-12 12:30:00+03:00,117922.44,117909.09,13.35,0.01,0
2025-07-12 12:35:00+03:00,117989.53,117931.45,58.08,0.05,0
2025-07-12 12:40:00+03:00,118054.79,117956.75,98.04,0.08,0
2025-07-12 12:45:00+03:00,118060.0,117969.79,90.21,0.08,0
2025-07-12 12:50:00+03:00,118184.39,117997.65,186.74,0.16,0
2025-07-12 12:55:00+03:00,118158.78,118024.45,134.33,0.11,0
2025-07-12 13:00:00+03:00,118064.26,118042.0,22.26,0.02,0
2025-07-12 13:05:00+03:00,118006.91,118045.34,-38.43,-0.03,0
2025-07-12 13:10:00+03:00,117980.94,118040.2,-59.26,-0.05,0
2025-07-12 13:15:00+03:00,118086.96,118050.9,36.06,0.03,0
2025-07-12 13:20:00+03:00,118043.15,118062.97,-19.82,-0.02,0
2025-07-12 13:25:00+03:00,118065.91,118070.61,-4.7,-0.0,0
2025-07-12 13:30:00+03:00,118122.64,118077.39,45.25,0.04,0
2025-07-12 13:35:00+03:00,118100.41,118081.44,18.97,0.02,0
2025-07-12 13:40:00+03:00,118100.42,118073.04,27.38,0.02,0
2025-07-12 13:45:00+03:00,118033.16,118060.48,-27.32,-0.02,0
2025-07-12 13:50:00+03:00,118068.82,118060.93,7.89,0.01,0
2025-07-12 13:55:00+03:00,118077.32,118067.97,9.35,0.01,0
2025-07-12 14:00:00+03:00,117989.82,118068.86,-79.04,-0.07,0
2025-07-12 14:05:00+03:00,117966.34,118056.8,-90.46,-0.08,0
2025-07-12 14:10:00+03:00,117944.34,118046.92,-102.58,-0.09,0
2025-07-12 14:15:00+03:00,117959.58,118036.28,-76.71,-0.06,0
2025-07-12 14:20:00+03:00,118009.97,118025.02,-15.05,-0.01,0
2025-07-12 14:25:00+03:00,118009.96,118015.97,-6.01,-0.01,0
2025-07-12 14:30:00+03:00,117939.99,117999.93,-59.94,-0.05,0
2025-07-12 14:35:00+03:00,117991.62,117995.78,-4.16,-0.0,0
2025-07-12 14:40:00+03:00,117676.3,117956.52,-280.22,-0.24,1
2025-07-12 14:45:00+03:00,117763.99,117925.19,-161.2,-0.14,0
2025-07-12 14:50:00+03:00,117808.0,117907.01,-99.01,-0.08,0
2025-07-12 14:55:00+03:00,117810.0,117891.38,-81.38,-0.07,0
2025-07-12 15:00:00+03:00,117834.36,117880.38,-46.02,-0.04,0
2025-07-12 15:05:00+03:00,117763.28,117860.75,-97.47,-0.08,0
2025-07-12 15:10:00+03:00,117779.52,117837.7,-58.18,-0.05,0
2025-07-12 15:15:00+03:00,117721.62,117808.87,-87.25,-0.07,0
2025-07-12 15:20:00+03:00,117664.84,117781.35,-116.51,-0.1,0
2025-07-12 15:25:00+03:00,117665.6,117748.75,-83.15,-0.07,0
2025-07-12 15:30:00+03:00,117611.76,117742.3,-130.54,-0.11,0
2025-07-12 15:35:00+03:00,117509.75,117716.87,-207.12,-0.18,0
2025-07-12 15:40:00+03:00,117509.75,117687.05,-177.3,-0.15,0
2025-07-12 15:45:00+03:00,117379.99,117644.05,-264.06,-0.22,1
2025-07-12 15:50:00+03:00,117494.28,117610.04,-115.76,-0.1,0
2025-07-12 15:55:00+03:00,117559.97,117589.71,-29.74,-0.03,0
2025-07-12 16:00:00+03:00,117453.4,117557.1,-103.7,-0.09,0
2025-07-12 16:05:00+03:00,117448.51,117529.78,-81.28,-0.07,0
2025-07-12 16:10:00+03:00,117486.01,117511.9,-25.89,-0.02,0
2025-07-12 16:15:00+03:00,117348.0,117480.14,-132.14,-0.11,0
2025-07-12 16:20:00+03:00,117406.03,117459.57,-53.54,-0.05,0
2025-07-12 16:25:00+03:00,117304.7,117439.06,-134.36,-0.11,0
2025-07-12 16:30:00+03:00,117420.37,117430.13,-9.76,-0.01,0
2025-07-12 16:35:00+03:00,117409.99,117433.13,-23.14,-0.02,0
2025-07-12 16:40:00+03:00,117365.65,117420.26,-54.61,-0.05,0
2025-07-12 16:45:00+03:00,117350.59,117399.32,-48.73,-0.04,0
2025-07-12 16:50:00+03:00,117433.39,117397.32,36.07,0.03,0
2025-07-12 16:55:00+03:00,117500.0,117402.47,97.53,0.08,0
2025-07-12 17:00:00+03:00,117405.56,117394.43,11.13,0.01,0
2025-07-12 17:05:00+03:00,117547.75,117414.4,133.35,0.11,0
2025-07-12 17:10:00+03:00,117601.99,117434.0,167.99,0.14,0
2025-07-12 17:15:00+03:00,117654.15,117468.94,185.21,0.16,0
2025-07-12 17:20:00+03:00,117580.01,117484.91,95.1,0.08,0
2025-07-12 17:25:00+03:00,117656.71,117509.58,147.13,0.13,0
2025-07-12 17:30:00+03:00,117553.32,117528.35,24.97,0.02,0
2025-07-12 17:35:00+03:00,117410.15,117534.3,-124.15,-0.11,0
2025-07-12 17:40:00+03:00,117466.47,117537.61,-71.14,-0.06,0
2025-07-12 17:45:00+03:00,117430.72,117530.68,-99.96,-0.09,0
2025-07-12 17:50:00+03:00,117329.83,117523.11,-193.28,-0.16,0
2025-07-12 17:55:00+03:00,117389.47,117507.28,-117.81,-0.1,0
2025-07-12 18:00:00+03:00,117349.82,117482.06,-132.24,-0.11,0
2025-07-12 18:05:00+03:00,117349.99,117451.65,-101.66,-0.09,0
2025-07-12 18:10:00+03:00,117422.52,117435.9,-13.38,-0.01,0
2025-07-12 18:15:00+03:00,117417.9,117412.02,5.88,0.01,0
2025-07-12 18:20:00+03:00,117313.8,117388.07,-74.27,-0.06,0
2025-07-12 18:25:00+03:00,117336.34,117380.69,-44.35,-0.04,0
2025-07-12 18:30:00+03:00,117279.87,117362.03,-82.16,-0.07,0
2025-07-12 18:35:00+03:00,117098.0,117328.75,-230.75,-0.2,0
2025-07-12 18:40:00+03:00,116992.6,117295.03,-302.43,-0.26,1
2025-07-12 18:45:00+03:00,117000.3,117256.11,-255.81,-0.22,1
2025-07-12 18:50:00+03:00,116968.81,117218.01,-249.2,-0.21,1
2025-07-12 18:55:00+03:00,117100.01,117193.02,-93.01,-0.08,0
2025-07-12 19:00:00+03:00,117164.89,117167.25,-2.36,-0.0,0
2025-07-12 19:05:00+03:00,117195.5,117145.01,50.49,0.04,0
2025-07-12 19:10:00+03:00,117266.65,117140.3,126.35,0.11,0
2025-07-12 19:15:00+03:00,117320.29,117138.69,181.6,0.16,0
2025-07-12 19:20:00+03:00,117299.39,117140.64,158.75,0.14,0
2025-07-12 19:25:00+03:00,117295.49,117160.39,135.1,0.12,0
2025-07-12 19:30:00+03:00,117329.83,117194.12,135.71,0.12,0
2025-07-12 19:35:00+03:00,117329.84,117227.07,102.77,0.09,0
2025-07-12 19:40:00+03:00,117279.53,117258.14,21.39,0.02,0
2025-07-12 19:45:00+03:00,117293.03,117277.44,15.59,0.01,0
2025-07-12 19:50:00+03:00,117158.32,117276.79,-118.47,-0.1,0
2025-07-12 19:55:00+03:00,117191.08,117276.34,-85.26,-0.07,0
2025-07-12 20:00:00+03:00,117213.31,117271.01,-57.7,-0.05,0
2025-07-12 20:05:00+03:00,117291.68,117268.15,23.53,0.02,0
2025-07-12 20:10:00+03:00,117300.01,117268.21,31.8,0.03,0
2025-07-12 20:15:00+03:00,117371.55,117275.82,95.73,0.08,0
2025-07-12 20:20:00+03:00,117398.66,117282.7,115.96,0.1,0
2025-07-12 20:25:00+03:00,117445.55,117294.27,151.28,0.13,0
2025-07-12 20:30:00+03:00,117456.11,117311.93,144.18,0.12,0
2025-07-12 20:35:00+03:00,117449.5,117327.58,121.92,0.1,0
2025-07-12 20:40:00+03:00,117461.7,117357.92,103.78,0.09,0
2025-07-12 20:45:00+03:00,117444.88,117383.3,61.59,0.05,0
2025-07-12 20:50:00+03:00,117414.67,117403.43,11.24,0.01,0
2025-07-12 20:55:00+03:00,117478.4,117422.1,56.3,0.05,0
2025-07-12 21:00:00+03:00,117461.95,117438.3,23.65,0.02,0
2025-07-12 21:05:00+03:00,117448.84,117446.03,2.81,0.0,0
2025-07-12 21:10:00+03:00,117465.99,117452.76,13.23,0.01,0
2025-07-12 21:15:00+03:00,117444.75,117452.68,-7.93,-0.01,0
2025-07-12 21:20:00+03:00,117428.38,117449.91,-21.53,-0.02,0
2025-07-12 21:25:00+03:00,117416.64,117446.62,-29.98,-0.03,0
2025-07-12 21:30:00+03:00,117433.39,117443.79,-10.4,-0.01,0
2025-07-12 21:35:00+03:00,117400.01,117439.3,-39.29,-0.03,0
2025-07-12 21:40:00+03:00,117378.91,117435.73,-56.82,-0.05,0
2025-07-12 21:45:00+03:00,117415.21,117429.41,-14.2,-0.01,0
2025-07-12 21:50:00+03:00,117384.78,117421.69,-36.91,-0.03,0
2025-07-12 21:55:00+03:00,117504.0,117427.21,76.79,0.07,0
2025-07-12 22:00:00+03:00,117543.2,117434.93,108.27,0.09,0
2025-07-12 22:05:00+03:00,117609.99,117451.45,158.54,0.13,0
2025-07-12 22:10:00+03:00,117608.52,117469.47,139.05,0.12,0
2025-07-12 22:15:00+03:00,117639.98,117491.8,148.18,0.13,0
2025-07-12 22:20:00+03:00,117536.95,117502.16,34.79,0.03,0
2025-07-12 22:25:00+03:00,117440.43,117506.2,-65.77,-0.06,0
2025-07-12 22:30:00+03:00,117475.37,117515.84,-40.47,-0.03,0
2025-07-12 22:35:00+03:00,117547.62,117529.08,18.54,0.02,0
2025-07-12 22:40:00+03:00,117595.12,117550.12,45.0,0.04,0
2025-07-12 22:45:00+03:00,117596.77,117559.39,37.38,0.03,0
2025-07-12 22:50:00+03:00,117560.69,117561.14,-0.45,-0.0,0
2025-07-12 22:55:00+03:00,117550.96,117555.24,-4.28,-0.0,0
2025-07-12 23:00:00+03:00,117546.24,117549.01,-2.77,-0.0,0
2025-07-12 23:05:00+03:00,117510.02,117536.02,-26.0,-0.02,0
2025-07-12 23:10:00+03:00,117451.43,117527.46,-76.04,-0.06,0
2025-07-12 23:15:00+03:00,117429.2,117526.34,-97.14,-0.08,0
2025-07-12 23:20:00+03:00,117452.7,117524.08,-71.38,-0.06,0
2025-07-12 23:25:00+03:00,117442.96,117513.61,-70.65,-0.06,0
2025-07-12 23:30:00+03:00,117370.56,117491.15,-120.59,-0.1,0
2025-07-12 23:35:00+03:00,117356.58,117467.13,-110.55,-0.09,0
2025-07-12 23:40:00+03:00,117346.4,117445.7,-99.31,-0.08,0
2025-07-12 23:45:00+03:00,117346.39,117425.25,-78.86,-0.07,0
2025-07-12 23:50:00+03:00,117197.94,117390.42,-192.48,-0.16,0
2025-07-12 23:55:00+03:00,117023.36,117341.75,-318.39,-0.27,1
2025-07-13 00:00:00+03:00,117169.69,117313.58,-143.89,-0.12,0
2025-07-13 00:05:00+03:00,117260.0,117296.66,-36.66,-0.03,0
2025-07-13 00:10:00+03:00,117140.0,117265.39,-125.39,-0.11,0
2025-07-13 00:15:00+03:00,117215.77,117242.67,-26.9,-0.02,0
2025-07-13 00:20:00+03:00,117260.59,117231.67,28.92,0.02,0
2025-07-13 00:25:00+03:00,117315.87,117227.6,88.27,0.08,0
2025-07-13 00:30:00+03:00,117346.34,117227.6,118.74,0.1,0
2025-07-13 00:35:00+03:00,117444.39,117237.4,206.99,0.18,0
2025-07-13 00:40:00+03:00,117555.5,117273.15,282.35,0.24,-1
2025-07-13 00:45:00+03:00,117415.13,117312.33,102.8,0.09,0
2025-07-13 00:50:00+03:00,117450.86,117340.45,110.41,0.09,0
2025-07-13 00:55:00+03:00,117485.22,117362.97,122.25,0.1,0
2025-07-13 01:00:00+03:00,117499.49,117398.92,100.57,0.09,0
2025-07-13 01:05:00+03:00,117462.31,117423.57,38.74,0.03,0
2025-07-13 01:10:00+03:00,117460.04,117443.51,16.53,0.01,0
2025-07-13 01:15:00+03:00,117339.99,117445.93,-105.94,-0.09,0
2025-07-13 01:20:00+03:00,117397.44,117451.04,-53.6,-0.05,0
2025-07-13 01:25:00+03:00,117456.01,117452.2,3.81,0.0,0
2025-07-13 01:30:00+03:00,117481.7,117444.82,36.88,0.03,0
2025-07-13 01:35:00+03:00,117416.8,117444.99,-28.19,-0.02,0
2025-07-13 01:40:00+03:00,117395.99,117439.5,-43.51,-0.04,0
2025-07-13 01:45:00+03:00,117344.0,117425.38,-81.38,-0.07,0
2025-07-13 01:50:00+03:00,117376.55,117413.08,-36.53,-0.03,0
2025-07-13 01:55:00+03:00,117385.37,117405.39,-20.02,-0.02,0
2025-07-13 02:00:00+03:00,117365.13,117395.9,-30.77,-0.03,0
2025-07-13 02:05:00+03:00,117284.0,117390.3,-106.3,-0.09,0
2025-07-13 02:10:00+03:00,117252.0,117375.75,-123.75,-0.11,0
2025-07-13 02:15:00+03:00,117286.12,117358.77,-72.65,-0.06,0
2025-07-13 02:20:00+03:00,117321.04,117342.7,-21.66,-0.02,0
2025-07-13 02:25:00+03:00,117288.0,117329.82,-41.82,-0.04,0
2025-07-13 02:30:00+03:00,117312.01,117321.42,-9.41,-0.01,0
2025-07-13 02:35:00+03:00,117291.67,117316.19,-24.52,-0.02,0
2025-07-13 02:40:00+03:00,117258.97,117304.43,-45.46,-0.04,0
2025-07-13 02:45:00+03:00,117439.99,117309.89,130.1,0.11,0
2025-07-13 02:50:00+03:00,117399.98,117313.38,86.6,0.07,0
2025-07-13 02:55:00+03:00,117420.0,117326.98,93.02,0.08,0
2025-07-13 03:00:00+03:00,117377.51,117339.53,37.98,0.03,0
2025-07-13 03:05:00+03:00,117300.01,117340.92,-40.91,-0.03,0
2025-07-13 03:10:00+03:00,117319.99,117340.81,-20.82,-0.02,0
2025-07-13 03:15:00+03:00,117256.02,117337.62,-81.59,-0.07,0
2025-07-13 03:20:00+03:00,117365.52,117342.97,22.55,0.02,0
2025-07-13 03:25:00+03:00,117392.79,117353.08,39.71,0.03,0
2025-07-13 03:30:00+03:00,117359.48,117363.13,-3.65,-0.0,0
2025-07-13 03:35:00+03:00,117335.29,117352.66,-17.37,-0.01,0
2025-07-13 03:40:00+03:00,117432.43,117355.9,76.53,0.07,0
2025-07-13 03:45:00+03:00,117348.01,117348.7,-0.7,-0.0,0
2025-07-13 03:50:00+03:00,117330.53,117344.01,-13.48,-0.01,0
2025-07-13 03:55:00+03:00,117316.1,117345.62,-29.52,-0.03,0
2025-07-13 04:00:00+03:00,117390.77,117352.69,38.08,0.03,0
2025-07-13 04:05:00+03:00,117340.0,117361.09,-21.09,-0.02,0
2025-07-13 04:10:00+03:00,117339.04,117358.44,-19.4,-0.02,0
2025-07-13 04:15:00+03:00,117296.4,117348.8,-52.41,-0.04,0
2025-07-13 04:20:00+03:00,117363.05,117349.16,13.89,0.01,0
2025-07-13 04:25:00+03:00,117387.99,117354.43,33.56,0.03,0
2025-07-13 04:30:00+03:00,117380.01,117349.19,30.82,0.03,0
2025-07-13 04:35:00+03:00,117536.96,117368.08,168.88,0.14,0
2025-07-13 04:40:00+03:00,117536.96,117388.73,148.23,0.13,0
2025-07-13 04:45:00+03:00,117614.71,117418.59,196.12,0.17,0
2025-07-13 04:50:00+03:00,117632.06,117442.72,189.34,0.16,0
2025-07-13 04:55:00+03:00,117553.37,117464.06,89.31,0.08,0
2025-07-13 05:00:00+03:00,117497.98,117479.95,18.03,0.02,0
2025-07-13 05:05:00+03:00,117514.78,117501.79,12.99,0.01,0
2025-07-13 05:10:00+03:00,117484.0,117513.88,-29.88,-0.03,0
2025-07-13 05:15:00+03:00,117417.11,117516.79,-99.68,-0.08,0
2025-07-13 05:20:00+03:00,117420.29,117520.82,-100.53,-0.09,0
2025-07-13 05:25:00+03:00,117429.8,117510.11,-80.31,-0.07,0
2025-07-13 05:30:00+03:00,117439.52,117500.36,-60.84,-0.05,0
2025-07-13 05:35:00+03:00,117431.19,117482.01,-50.82,-0.04,0
2025-07-13 05:40:00+03:00,117505.6,117469.36,36.24,0.03,0
2025-07-13 05:45:00+03:00,117553.37,117469.36,84.01,0.07,0
2025-07-13 05:50:00+03:00,117646.85,117484.25,162.6,0.14,0
2025-07-13 05:55:00+03:00,117620.0,117494.77,125.23,0.11,0
2025-07-13 06:00:00+03:00,117647.92,117511.16,136.75,0.12,0
2025-07-13 06:05:00+03:00,117626.52,117532.11,94.41,0.08,0
2025-07-13 06:10:00+03:00,117600.82,117550.16,50.66,0.04,0
2025-07-13 06:15:00+03:00,117684.22,117575.6,108.62,0.09,0
2025-07-13 06:20:00+03:00,117747.91,117606.44,141.47,0.12,0
2025-07-13 06:25:00+03:00,117765.92,117639.91,126.01,0.11,0
2025-07-13 06:30:00+03:00,117800.0,117669.35,130.65,0.11,0
2025-07-13 06:35:00+03:00,117750.0,117689.02,60.98,0.05,0
2025-07-13 06:40:00+03:00,117750.01,117699.33,50.68,0.04,0
2025-07-13 06:45:00+03:00,117697.35,117707.07,-9.72,-0.01,0
2025-07-13 06:50:00+03:00,117786.82,117720.96,65.86,0.06,0
2025-07-13 06:55:00+03:00,117753.6,117733.66,19.94,0.02,0
2025-07-13 07:00:00+03:00,117719.29,117745.51,-26.22,-0.02,0
2025-07-13 07:05:00+03:00,117739.99,117751.09,-11.1,-0.01,0
2025-07-13 07:10:00+03:00,117751.58,117751.46,0.12,0.0,0
2025-07-13 07:15:00+03:00,117812.03,117756.07,55.96,0.05,0
2025-07-13 07:20:00+03:00,117771.45,117753.21,18.24,0.02,0
2025-07-13 07:25:00+03:00,117769.99,117755.21,14.78,0.01,0
2025-07-13 07:30:00+03:00,117822.56,117762.47,60.09,0.05,0
2025-07-13 07:35:00+03:00,117849.44,117777.68,71.76,0.06,0
2025-07-13 07:40:00+03:00,117827.59,117781.75,45.84,0.04,0
2025-07-13 07:45:00+03:00,117865.72,117792.96,72.76,0.06,0
2025-07-13 07:50:00+03:00,117892.23,117810.26,81.97,0.07,0
2025-07-13 07:55:00+03:00,117879.22,117824.18,55.04,0.05,0
2025-07-13 08:00:00+03:00,117902.31,117839.25,63.06,0.05,0
2025-07-13 08:05:00+03:00,117904.75,117848.53,56.22,0.05,0
2025-07-13 08:10:00+03:00,117862.74,117857.65,5.09,0.0,0
2025-07-13 08:15:00+03:00,117822.55,117862.91,-40.36,-0.03,0
2025-07-13 08:20:00+03:00,117815.08,117862.16,-47.08,-0.04,0
2025-07-13 08:25:00+03:00,117832.64,117860.48,-27.84,-0.02,0
2025-07-13 08:30:00+03:00,117894.95,117867.22,27.73,0.02,0
2025-07-13 08:35:00+03:00,117880.0,117868.65,11.35,0.01,0
2025-07-13 08:40:00+03:00,117775.39,117856.96,-81.57,-0.07,0
2025-07-13 08:45:00+03:00,117727.85,117841.83,-113.98,-0.1,0
2025-07-13 08:50:00+03:00,117712.99,117822.89,-109.9,-0.09,0
2025-07-13 08:55:00+03:00,117759.99,117808.42,-48.43,-0.04,0
2025-07-13 09:00:00+03:00,117775.79,117799.72,-23.93,-0.02,0
2025-07-13 09:05:00+03:00,117785.66,117796.03,-10.37,-0.01,0
2025-07-13 09:10:00+03:00,117783.98,117792.92,-8.94,-0.01,0
2025-07-13 09:15:00+03:00,117797.81,117789.44,8.37,0.01,0
2025-07-13 09:20:00+03:00,117847.65,117784.71,62.94,0.05,0
2025-07-13 09:25:00+03:00,117861.11,117782.82,78.29,0.07,0
2025-07-13 09:30:00+03:00,117900.0,117795.28,104.72,0.09,0
2025-07-13 09:35:00+03:00,117968.13,117819.31,148.82,0.13,0
2025-07-13 09:40:00+03:00,117973.36,117845.35,128.01,0.11,0
2025-07-13 09:45:00+03:00,117902.92,117859.64,43.28,0.04,0
2025-07-13 09:50:00+03:00,117888.5,117870.91,17.59,0.01,0
2025-07-13 09:55:00+03:00,117888.51,117881.2,7.31,0.01,0
2025-07-13 10:00:00+03:00,117861.83,117888.98,-27.15,-0.02,0
2025-07-13 10:05:00+03:00,117884.49,117897.65,-13.16,-0.01,0
2025-07-13 10:10:00+03:00,117884.49,117901.33,-16.84,-0.01,0
2025-07-13 10:15:00+03:00,117926.95,117907.92,19.03,0.02,0
2025-07-13 10:20:00+03:00,117984.77,117916.39,68.38,0.06,0
2025-07-13 10:25:00+03:00,117989.99,117918.58,71.41,0.06,0
2025-07-13 10:30:00+03:00,117997.0,117920.94,76.06,0.06,0
2025-07-13 10:35:00+03:00,117981.52,117928.8,52.71,0.04,0
2025-07-13 10:40:00+03:00,117967.24,117936.68,30.56,0.03,0
2025-07-13 10:45:00+03:00,117944.01,117942.23,1.78,0.0,0
2025-07-13 10:50:00+03:00,117945.93,117950.64,-4.71,-0.0,0
2025-07-13 10:55:00+03:00,117999.0,117962.09,36.91,0.03,0
2025-07-13 11:00:00+03:00,117970.93,117970.73,0.2,0.0,0
2025-07-13 11:05:00+03:00,117942.08,117972.25,-30.17,-0.03,0
2025-07-13 11:10:00+03:00,117950.78,117968.85,-18.07,-0.02,0
2025-07-13 11:15:00+03:00,117843.42,117954.19,-110.77,-0.09,0
2025-07-13 11:20:00+03:00,117819.99,117936.49,-116.5,-0.1,0
2025-07-13 11:25:00+03:00,117831.08,117921.45,-90.37,-0.08,0
2025-07-13 11:30:00+03:00,117827.4,117907.46,-80.06,-0.07,0
2025-07-13 11:35:00+03:00,117818.89,117894.95,-76.06,-0.06,0
2025-07-13 11:40:00+03:00,117789.61,117879.32,-89.71,-0.08,0
2025-07-13 11:45:00+03:00,117756.39,117855.06,-98.67,-0.08,0
2025-07-13 11:50:00+03:00,117789.69,117836.93,-47.24,-0.04,0
2025-07-13 11:55:00+03:00,117895.78,117832.3,63.48,0.05,0
2025-07-13 12:00:00+03:00,117901.33,117827.36,73.97,0.06,0
2025-07-13 12:05:00+03:00,117901.34,117833.15,68.19,0.06,0
2025-07-13 12:10:00+03:00,117879.36,117839.09,40.27,0.03,0
2025-07-13 12:15:00+03:00,117860.0,117841.98,18.02,0.02,0
2025-07-13 12:20:00+03:00,117850.01,117844.24,5.77,0.0,0
2025-07-13 12:25:00+03:00,117850.01,117847.35,2.66,0.0,0
2025-07-13 12:30:00+03:00,117792.49,117847.64,-55.15,-0.05,0
2025-07-13 12:35:00+03:00,117700.0,117842.0,-142.0,-0.12,0
2025-07-13 12:40:00+03:00,117800.04,117843.04,-43.0,-0.04,0
2025-07-13 12:45:00+03:00,117750.12,117828.47,-78.35,-0.07,0
2025-07-13 12:50:00+03:00,117759.99,117814.34,-54.35,-0.05,0
2025-07-13 12:55:00+03:00,117739.16,117798.12,-58.96,-0.05,0
2025-07-13 13:00:00+03:00,117830.74,117793.26,37.48,0.03,0
2025-07-13 13:05:00+03:00,117845.46,117791.8,53.66,0.05,0
2025-07-13 13:10:00+03:00,117845.47,117791.35,54.12,0.05,0
2025-07-13 13:15:00+03:00,117800.0,117786.35,13.65,0.01,0
2025-07-13 13:20:00+03:00,117800.01,117787.1,12.91,0.01,0
2025-07-13 13:25:00+03:00,117800.01,117797.1,2.91,0.0,0
2025-07-13 13:30:00+03:00,117783.96,117795.49,-11.53,-0.01,0
2025-07-13 13:35:00+03:00,117783.95,117798.88,-14.93,-0.01,0
2025-07-13 13:40:00+03:00,117783.96,117801.27,-17.31,-0.01,0
2025-07-13 13:45:00+03:00,117783.95,117805.75,-21.8,-0.02,0
2025-07-13 13:50:00+03:00,117773.62,117800.04,-26.42,-0.02,0
2025-07-13 13:55:00+03:00,117747.99,117790.29,-42.3,-0.04,0
2025-07-13 14:00:00+03:00,117812.93,117787.04,25.89,0.02,0
2025-07-13 14:05:00+03:00,117883.39,117795.38,88.01,0.07,0
2025-07-13 14:10:00+03:00,117900.0,117805.38,94.62,0.08,0
2025-07-13 14:15:00+03:00,117908.39,117816.21,92.18,0.08,0
2025-07-13 14:20:00+03:00,117996.99,117837.52,159.47,0.14,0
2025-07-13 14:25:00+03:00,118059.85,117865.11,194.74,0.17,0
2025-07-13 14:30:00+03:00,117955.25,117882.24,73.01,0.06,0
2025-07-13 14:35:00+03:00,117992.19,117903.06,89.13,0.08,0
2025-07-13 14:40:00+03:00,118003.28,117926.03,77.25,0.07,0
2025-07-13 14:45:00+03:00,117973.18,117948.54,24.63,0.02,0
2025-07-13 14:50:00+03:00,117973.01,117964.55,8.46,0.01,0
2025-07-13 14:55:00+03:00,118072.01,117983.42,88.6,0.08,0
2025-07-13 15:00:00+03:00,118113.18,118004.73,108.45,0.09,0
2025-07-13 15:05:00+03:00,118033.44,118017.24,16.2,0.01,0
2025-07-13 15:10:00+03:00,118025.19,118020.06,5.13,0.0,0
2025-07-13 15:15:00+03:00,118119.06,118025.98,93.08,0.08,0
2025-07-13 15:20:00+03:00,118145.13,118044.97,100.16,0.08,0
2025-07-13 15:25:00+03:00,118190.02,118064.75,125.27,0.11,0
2025-07-13 15:30:00+03:00,118113.19,118075.74,37.45,0.03,0
2025-07-13 15:35:00+03:00,118113.18,118089.74,23.44,0.02,0
2025-07-13 15:40:00+03:00,118137.08,118106.15,30.93,0.03,0
2025-07-13 15:45:00+03:00,118147.67,118113.71,33.96,0.03,0
2025-07-13 15:50:00+03:00,118511.35,118153.53,357.82,0.3,-1
2025-07-13 15:55:00+03:00,118432.11,118193.4,238.71,0.2,-1
2025-07-13 16:00:00+03:00,118333.02,118224.18,108.84,0.09,0
2025-07-13 16:05:00+03:00,118338.47,118246.12,92.35,0.08,0
2025-07-13 16:10:00+03:00,118175.01,118249.11,-74.1,-0.06,0
2025-07-13 16:15:00+03:00,118232.42,118253.35,-20.93,-0.02,0
2025-07-13 16:20:00+03:00,118299.45,118271.98,27.47,0.02,0
2025-07-13 16:25:00+03:00,118308.24,118291.48,16.76,0.01,0
2025-07-13 16:30:00+03:00,118531.57,118330.93,200.64,0.17,0
2025-07-13 16:35:00+03:00,118565.65,118372.73,192.92,0.16,0
2025-07-13 16:40:00+03:00,118583.47,118379.94,203.53,0.17,0
2025-07-13 16:45:00+03:00,118742.59,118410.99,331.6,0.28,-1
2025-07-13 16:50:00+03:00,118549.99,118432.69,117.3,0.1,0
2025-07-13 16:55:00+03:00,118610.01,118459.84,150.17,0.13,0
2025-07-13 17:00:00+03:00,118484.42,118490.78,-6.36,-0.01,0
2025-07-13 17:05:00+03:00,118569.72,118524.51,45.21,0.04,0
2025-07-13 17:10:00+03:00,118638.6,118558.43,80.17,0.07,0
2025-07-13 17:15:00+03:00,119265.87,118654.19,611.68,0.52,-1
2025-07-13 17:20:00+03:00,119196.22,118720.65,475.57,0.4,-1
2025-07-13 17:25:00+03:00,119150.0,118779.09,370.91,0.31,-1
2025-07-13 17:30:00+03:00,119021.45,118822.89,198.56,0.17,0
2025-07-13 17:35:00+03:00,118844.02,118833.03,10.99,0.01,0
2025-07-13 17:40:00+03:00,118735.07,118851.54,-116.47,-0.1,0
2025-07-13 17:45:00+03:00,118571.59,118847.7,-276.11,-0.23,1
2025-07-13 17:50:00+03:00,118693.09,118868.56,-175.47,-0.15,0
2025-07-13 17:55:00+03:00,118766.94,118888.28,-121.34,-0.1,0
2025-07-13 18:00:00+03:00,118759.61,118900.39,-140.78,-0.12,0
2025-07-13 18:05:00+03:00,119053.16,118879.12,174.05,0.15,0
2025-07-13 18:10:00+03:00,118989.56,118858.45,131.11,0.11,0
2025-07-13 18:15:00+03:00,119004.02,118843.85,160.17,0.13,0
2025-07-13 18:20:00+03:00,118889.59,118830.66,58.92,0.05,0
2025-07-13 18:25:00+03:00,118908.03,118837.07,70.96,0.06,0
2025-07-13 18:30:00+03:00,118675.97,118831.16,-155.19,-0.13,0
2025-07-13 18:35:00+03:00,118648.54,118838.85,-190.31,-0.16,0
2025-07-13 18:40:00+03:00,118584.01,118827.94,-243.93,-0.21,1
2025-07-13 18:45:00+03:00,118642.31,118815.48,-173.17,-0.15,0
2025-07-13 18:50:00+03:00,118720.19,118811.54,-91.35,-0.08,0
2025-07-13 18:55:00+03:00,118672.24,118773.45,-101.21,-0.09,0
2025-07-13 19:00:00+03:00,118771.88,118751.68,20.2,0.02,0
